section_id,book,map,section_number,print_sheet,short_title,description_catalogue,description_topos,section_type,note
2.02.02,2,2.02,02,EU01,Nordspitze,,,inland,
2.02.04,2,2.02,04,EU01,Westlicher Ozean,Westlicher Ozean,,coast section,
2.02.06,2,2.02,06,EU01,Vergivischer Ozean,Vergivischer Ozean,,coast section,
2.02.08,2,2.02,08,EU01,Hibernischer Ozean,Hibernischer Ozean | Kap Robogdium,,coast section,
2.02.10,2,2.02,10,EU01,Regia 1,,"Above Hibernia are the Ebuda islands five in number, the largest of which toward the west is called Ebuda",inland,
2.02.11,2,2.02,11,EU01,Hibernia,Hibernia | Ebuden (5),,island,"The following five were confirmed against topostext.org/work/209's English translation, which states outright ""the Ebuda islands..."", ""the islands which are near Albion island..."", etc. - independent of our own Modern_location-based guessing. [Ebuda (x2)/Ricina/Maleus/Epidium - the Hebrides, off Ireland's Ptolemaic coast]"
2.02.12,2,2.02,12,EU01,Hibernia,Hibernia,,island,"The following five were confirmed against topostext.org/work/209's English translation, which states outright ""the Ebuda islands..."", ""the islands which are near Albion island..."", etc. - independent of our own Modern_location-based guessing. [Monaoeda/Mona/Edrus/Limnus - Isle of Man, Anglesey, and neighbours]"
2.03.01,2,2.03,01,EU01,Albion,Albion | Duekaledonischer Ozean,,coast section,
2.03.02,2,2.03,02,EU01,Hibernischer Ozean,Hibernischer Ozean | Vergivischer Ozean,,coast section,
2.03.03,2,2.03,03,EU01,Kap der Ganganer (Kap der Ianganer),,,inland,
2.03.04,2,2.03,04,EU01,Britannischer Ozean,Britannischer Ozean | Kap Ocrium,,coast section,
2.03.05,2,2.03,05,EU01,Germanischer Ozean,Germanischer Ozean,,coast section,
2.03.06,2,2.03,06,EU01,Kap Cantium,Kap Cantium,,inland,
2.03.07,2,2.03,07,EU01,Halbinsel der Novanten,Halbinsel der Novanten | Novanten,,inland,
2.03.08,2,2.03,08,EU01,Selgoven,Selgoven,,inland,
2.03.09,2,2.03,09,EU01,Damnonier,Damnonier,,inland,
2.03.10,2,2.03,10,EU01,Gadener,Gadener | Otadener (Otaliner),"Below the Selgovae and Otalini are the Brigantes extending to both seas, among whom are the following towns:
Epiacum",inland,
2.03.13,2,2.03,13,EU01,Kaledonier,Kaledonier | Vakomager,Below the Atrebati and the Canti are the Regni and the town Noeomagus,inland,
2.03.14,2,2.03,14,EU01,Venikonen (Venikomen),Venikonen (Venikomen),The islands which are near Albion island and the Orcades promontory are: Scetis island,inland,
2.03.15,2,2.03,15,EU01,Täzaler,Täzaler,,inland,
2.03.16,2,2.03,16,EU01,Selgoven,Selgoven | Otadener (Otaliner) | Briganten,,inland,
2.03.17,2,2.03,17,EU01,Hafenreicher Golf,Hafenreicher Golf | Pariser,,inland,"The mirror-image problem: sections manually verified to be inland cities despite a coastal-sounding section header, so the section-level fallback must NOT apply to them. ""2.03"" section ""17"" is headed ""Hafenreicher Golf"" (""harbor-rich gulf"") but its actual points - Eboracum (York), Camulodunum (Colchester), Petuaria (Brough-on-Humber) - are inland Roman-Britain towns/legion camps, not capes or mouths. Spliced into the England coastline as ""coastal"" points, they connected East Anglia straight to Kent via a detour up to York and back. [Eboracum/Camulodunum/Petuaria - York/Colchester/Brough]"
2.03.18,2,2.03,18,EU01,Briganten,Briganten | Ordoviken,,inland,
2.03.19,2,2.03,19,EU01,Kornavier,Kornavier,,inland,
2.03.20,2,2.03,20,EU01,Koritaner,Koritaner,,inland,
2.03.21,2,2.03,21,EU01,Katuvellauner,Katuvellauner | Ikener,,inland,
2.03.22,2,2.03,22,EU01,Tamesa-Ästuar,Tamesa-Ästuar | Trinovanten,,inland,
2.03.23,2,2.03,23,EU01,Demeten,Demeten,,inland,
2.03.24,2,2.03,24,EU01,Siluren,Siluren,,inland,
2.03.25,2,2.03,25,EU01,Dobuner,Dobuner,,inland,
2.03.26,2,2.03,26,EU01,Atrebatier,Atrebatier,,inland,
2.03.27,2,2.03,27,EU01,Kantier,Kantier,,inland,
2.03.28,2,2.03,28,EU01,Atrebatier,Atrebatier | Kantier | Regner | Dobuner | Belgen,,inland,
2.03.29,2,2.03,29,EU01,Durotrigen,Durotrigen,,inland,
2.03.30,2,2.03,30,EU01,Dumnonier,Dumnonier,,inland,
2.03.31,2,2.03,31,EU01,Albion,Albion | Kap Orcas,,island,"The following five were confirmed against topostext.org/work/209's English translation, which states outright ""the Ebuda islands..."", ""the islands which are near Albion island..."", etc. - independent of our own Modern_location-based guessing. [Scitis/Dumna/Orkaden - Skye, Lewis, Orkney]"
2.03.32,2,2.03,32,EU01,Thule W,,,island,"The following five were confirmed against topostext.org/work/209's English translation, which states outright ""the Ebuda islands..."", ""the islands which are near Albion island..."", etc. - independent of our own Modern_location-based guessing. [Thule W/O/N/S/Mitte - the island Thule's five extremity points]"
2.03.33,2,2.03,33,EU01,Trinovanten,Trinovanten | Grosser Hafen,,island,"The following five were confirmed against topostext.org/work/209's English translation, which states outright ""the Ebuda islands..."", ""the islands which are near Albion island..."", etc. - independent of our own Modern_location-based guessing. [Tanatis/Counnus/Vectis - Thanet, and the Isle of Wight]"
2.04.03,2,2.04,03,EU02,Tarraconensis,Tarraconensis | Baliarisches Meer,,coast section,
2.04.05,2,2.04,05,EU02,Anas-Mündung (östliche),Anas-Mündung (östliche) | Äusseres Meer | Turdetaner | Turduler,,coast section,
2.04.06,2,2.04,06,EU02,Punier Bastuler,Punier Bastuler,,inland,
2.04.07,2,2.04,07,EU02,Iberisches Meer,Iberisches Meer,,coast section,
2.04.08,2,2.04,08,EU02,Baliarisches Meer,Baliarisches Meer | Kap des Charidemus,,coast section,
2.04.10,2,2.04,10,EU02,Tarraconensis,Tarraconensis | Turduler,"Further inland alongside Lusitania, the Turdetani, with these cities: Canaca",inland,
2.04.11,2,2.04,11,EU02,Corduba*,,In Celtic Baetica: Aruci,inland,
2.04.12,2,2.04,12,EU02,Lusitania,Lusitania | Turdetaner,"The named mountains in Baetica are Marianus, midpoint at",inland,
2.04.13,2,2.04,13,EU02,Italica,,,inland,
2.04.14,2,2.04,14,EU02,Hispalis*,,,inland,
2.04.15,2,2.04,15,EU02,Bätische Keltiker,Bätische Keltiker | Baetica,,inland,
2.04.16,2,2.04,16,EU02,Baetica,Baetica | Äusseres Meer,,coast section,
2.05.01,2,2.05,01,EU02,Lusitania,Lusitania | Baetica | Tarraconensis | Äusseres Meer,,coast section,
2.05.03,2,2.05,03,EU02,Westlicher Ozean,Westlicher Ozean | Anas-Mündung (östliche) | Turdetaner,,coast section,
2.05.04,2,2.05,04,EU02,Lusitaner,Lusitaner,,coast section," A seventeenth-round, catalogue-wide sweep (2026-07-30), prompted by the user pointing out a structural blind spot in every check run so far this session: crossref_topostext.py/category_check.py only ever flag a `city` point when *that point's own* topostext phrase contains a coastal keyword - Sidon, Tyros and Byblos (fixed just above) have none; their own citations are bare names. The signal that they're coastal was never in their own phrase, it was in their *section*: sitting between already-correctly-classified points (a ""-Mündung"" river mouth, a ""Kap"" cape) that do carry a keyword. That's checkable without topostext at all - a section mixing coastal-family points (`coast`/`harbor`/`river_mouth`, keyword- detected from the German name) with plain `city` points, with no sea-word header of its own, is structurally suspicious on its own: Ptolemy's sections are narratively homogeneous (a coastal run OR an inland list, established as this project's whole classification premise), so a section doing both at once is far more likely to be one coastal run some of whose points merely lack their own keyword than a genuine mix.  Found 110 such sections catalogue-wide. Checked every one's full topostext text (not just the `city` points' own phrases) before adding it - looking for either confirming coastal language (promontory/harbor/river mouth/gulf/bay, a run of real coastal place-names) or a contradiction (an inland/interior framing, the same ""in the interior of Galatian Pontos"" shape that correctly ruled out a candidate earlier this session). 109 confirmed straightforwardly - a representative sample across the whole range: Lusitania's own coast continuing past the Durius fix above (Oliosipum/Lisbon, Obila - ""LUSITANIA...the mouth of the river, which flows into the Outer Sea""); the Basque/Catalan coast (`2.06.07`/`.10`/`.14`/`.15`/`.18`/`.19`/`.20` - ""Of the Autrigones: Nerva river mouth | Flaviobriga"", ""Of the Vascones: Oiasso city | Ocasso promontory of the Pyrenees""); Dalmatia (`2.16.02`/`.03`/`.05` - ""Ortopla...mouth of the Titos river...Skardona""); Macedonia and Thessaly (`3.13.05/06/12/14/15/16` - ""In Amphaxitis: Thessalonike | Echedoros river outlet"", ""In Pieria: ...Pydna | Haliakmon river outlet...Dion colonia...Peneios river outlet""); Boiotia and the Lokrians (`3.15.03/09/11` - ""In Boiotia: Aulis | Ismenos river outlet | Salganeus | Anthedon""); Messenia (`3.16.07` - ""Kyparissia city | Kyparission promontory...Pylos | Koryphasion headland | Mothone""); Crete's south coast (`3.17.03/04/07/08` - ""Description of the south side: Lissos | Tarrha...Phoinix city | Phoinikous harbor""); Mauretania/Numidia/Africa/Cyrenaica (`4.01`-`4.04`,`4.06`-`4.08`, a dozen sections - Icosium, Rusazus, Carthage's own harbor towns, ""In the Pentapolis, Berenike or Hesperides | mouth of the Lathon river""); Anatolia's Aeolis/Lykia/ Pontus coasts (`5.01`-`5.14`, another dozen - ""Patara | Antiphellos | Andriake...Olympos city | Phaselis""); the Levant's own continuation past the Phoenicia fix (`5.16.02` - Kaisareia, Apollonia, Ioppe/Jaffa, Azotos, Askalon, Anthedon, already-`harbor` Gaza/Iamnia ports between them); the Persian Gulf coast of Babylonia/Susiane/Persis (`5.20.05`,`6.02.02`-`6.04.02` - ""this coast is described as follows: the western mouth of the Tigris river...""); and India's own Malabar/Coromandel/Ganges-delta coasts (`7.01`/`7.02`/`7.03`/`7.04`, the largest single cluster - ""(Ariake) of the Pirates. Mandagara..."", ""Maisolia. Mouth of the River Maisolos..."", ""Mouths of the Ganges...""). One candidate, `3.05.14`, was excluded: its own `city` point (""Nördlicher Endpunkt"") is ""the southern limit of Sarmatia at the *sources* of the Tanais river"" - a river-source boundary marker at the opposite end from this section's real coastal points (the Tanais' two mouths), the same shape as the Durius/Anas fixes above, not a coastal gap - left as `city`, worth a closer individual look later if it turns out to need one."
2.05.05,2,2.05,05,EU02,Heiliges Kap,Heiliges Kap | Turdetaner | Lusitania,,inland,
2.05.06,2,2.05,06,EU02,Keltiker,Keltiker | Lusitania,,inland,
2.05.07,2,2.05,07,EU02,Lusitaner,Lusitaner,,inland,
2.05.08,2,2.05,08,EU02,Mendeculia (Mendeculeia),,,inland,
2.05.09,2,2.05,09,EU02,Vettonen,Vettonen,,inland,
2.05.10,2,2.05,10,EU02,Lusitania,Lusitania,,island,"The following five were confirmed against topostext.org/work/209's English translation, which states outright ""the Ebuda islands..."", ""the islands which are near Albion island..."", etc. - independent of our own Modern_location-based guessing. [Londobris - the Berlengas, off Lusitania (""An island lying off Lusitania, Londobris"")]"
2.06.01,2,2.06,01,EU02,Tarraconensis,Tarraconensis | Westlicher Ozean | Durius-Mündung | Brakarische Kalläker,,coast section,
2.06.02,2,2.06,02,EU02,Lukensische Kalläker,Lukensische Kalläker | Artabrer,,inland,
2.06.03,2,2.06,03,EU02,Kantabrischer Ozean,Kantabrischer Ozean | Kap Nerium,,coast section,
2.06.04,2,2.06,04,EU02,Lukensische Kalläker,Lukensische Kalläker | Grosser Hafen,,coast section," A seventeenth-round, catalogue-wide sweep (2026-07-30), prompted by the user pointing out a structural blind spot in every check run so far this session: crossref_topostext.py/category_check.py only ever flag a `city` point when *that point's own* topostext phrase contains a coastal keyword - Sidon, Tyros and Byblos (fixed just above) have none; their own citations are bare names. The signal that they're coastal was never in their own phrase, it was in their *section*: sitting between already-correctly-classified points (a ""-Mündung"" river mouth, a ""Kap"" cape) that do carry a keyword. That's checkable without topostext at all - a section mixing coastal-family points (`coast`/`harbor`/`river_mouth`, keyword- detected from the German name) with plain `city` points, with no sea-word header of its own, is structurally suspicious on its own: Ptolemy's sections are narratively homogeneous (a coastal run OR an inland list, established as this project's whole classification premise), so a section doing both at once is far more likely to be one coastal run some of whose points merely lack their own keyword than a genuine mix.  Found 110 such sections catalogue-wide. Checked every one's full topostext text (not just the `city` points' own phrases) before adding it - looking for either confirming coastal language (promontory/harbor/river mouth/gulf/bay, a run of real coastal place-names) or a contradiction (an inland/interior framing, the same ""in the interior of Galatian Pontos"" shape that correctly ruled out a candidate earlier this session). 109 confirmed straightforwardly - a representative sample across the whole range: Lusitania's own coast continuing past the Durius fix above (Oliosipum/Lisbon, Obila - ""LUSITANIA...the mouth of the river, which flows into the Outer Sea""); the Basque/Catalan coast (`2.06.07`/`.10`/`.14`/`.15`/`.18`/`.19`/`.20` - ""Of the Autrigones: Nerva river mouth | Flaviobriga"", ""Of the Vascones: Oiasso city | Ocasso promontory of the Pyrenees""); Dalmatia (`2.16.02`/`.03`/`.05` - ""Ortopla...mouth of the Titos river...Skardona""); Macedonia and Thessaly (`3.13.05/06/12/14/15/16` - ""In Amphaxitis: Thessalonike | Echedoros river outlet"", ""In Pieria: ...Pydna | Haliakmon river outlet...Dion colonia...Peneios river outlet""); Boiotia and the Lokrians (`3.15.03/09/11` - ""In Boiotia: Aulis | Ismenos river outlet | Salganeus | Anthedon""); Messenia (`3.16.07` - ""Kyparissia city | Kyparission promontory...Pylos | Koryphasion headland | Mothone""); Crete's south coast (`3.17.03/04/07/08` - ""Description of the south side: Lissos | Tarrha...Phoinix city | Phoinikous harbor""); Mauretania/Numidia/Africa/Cyrenaica (`4.01`-`4.04`,`4.06`-`4.08`, a dozen sections - Icosium, Rusazus, Carthage's own harbor towns, ""In the Pentapolis, Berenike or Hesperides | mouth of the Lathon river""); Anatolia's Aeolis/Lykia/ Pontus coasts (`5.01`-`5.14`, another dozen - ""Patara | Antiphellos | Andriake...Olympos city | Phaselis""); the Levant's own continuation past the Phoenicia fix (`5.16.02` - Kaisareia, Apollonia, Ioppe/Jaffa, Azotos, Askalon, Anthedon, already-`harbor` Gaza/Iamnia ports between them); the Persian Gulf coast of Babylonia/Susiane/Persis (`5.20.05`,`6.02.02`-`6.04.02` - ""this coast is described as follows: the western mouth of the Tigris river...""); and India's own Malabar/Coromandel/Ganges-delta coasts (`7.01`/`7.02`/`7.03`/`7.04`, the largest single cluster - ""(Ariake) of the Pirates. Mandagara..."", ""Maisolia. Mouth of the River Maisolos..."", ""Mouths of the Ganges...""). One candidate, `3.05.14`, was excluded: its own `city` point (""Nördlicher Endpunkt"") is ""the southern limit of Sarmatia at the *sources* of the Tanais river"" - a river-source boundary marker at the opposite end from this section's real coastal points (the Tanais' two mouths), the same shape as the Durius/Anas fixes above, not a coastal gap - left as `city`, worth a closer individual look later if it turns out to need one."
2.06.05,2,2.06,05,EU02,Päsiker,Päsiker,,inland,
2.06.06,2,2.06,06,EU02,Kantabrer,Kantabrer,,inland,
2.06.07,2,2.06,07,EU02,Autrigonen,Autrigonen,,coast section," A seventeenth-round, catalogue-wide sweep (2026-07-30), prompted by the user pointing out a structural blind spot in every check run so far this session: crossref_topostext.py/category_check.py only ever flag a `city` point when *that point's own* topostext phrase contains a coastal keyword - Sidon, Tyros and Byblos (fixed just above) have none; their own citations are bare names. The signal that they're coastal was never in their own phrase, it was in their *section*: sitting between already-correctly-classified points (a ""-Mündung"" river mouth, a ""Kap"" cape) that do carry a keyword. That's checkable without topostext at all - a section mixing coastal-family points (`coast`/`harbor`/`river_mouth`, keyword- detected from the German name) with plain `city` points, with no sea-word header of its own, is structurally suspicious on its own: Ptolemy's sections are narratively homogeneous (a coastal run OR an inland list, established as this project's whole classification premise), so a section doing both at once is far more likely to be one coastal run some of whose points merely lack their own keyword than a genuine mix.  Found 110 such sections catalogue-wide. Checked every one's full topostext text (not just the `city` points' own phrases) before adding it - looking for either confirming coastal language (promontory/harbor/river mouth/gulf/bay, a run of real coastal place-names) or a contradiction (an inland/interior framing, the same ""in the interior of Galatian Pontos"" shape that correctly ruled out a candidate earlier this session). 109 confirmed straightforwardly - a representative sample across the whole range: Lusitania's own coast continuing past the Durius fix above (Oliosipum/Lisbon, Obila - ""LUSITANIA...the mouth of the river, which flows into the Outer Sea""); the Basque/Catalan coast (`2.06.07`/`.10`/`.14`/`.15`/`.18`/`.19`/`.20` - ""Of the Autrigones: Nerva river mouth | Flaviobriga"", ""Of the Vascones: Oiasso city | Ocasso promontory of the Pyrenees""); Dalmatia (`2.16.02`/`.03`/`.05` - ""Ortopla...mouth of the Titos river...Skardona""); Macedonia and Thessaly (`3.13.05/06/12/14/15/16` - ""In Amphaxitis: Thessalonike | Echedoros river outlet"", ""In Pieria: ...Pydna | Haliakmon river outlet...Dion colonia...Peneios river outlet""); Boiotia and the Lokrians (`3.15.03/09/11` - ""In Boiotia: Aulis | Ismenos river outlet | Salganeus | Anthedon""); Messenia (`3.16.07` - ""Kyparissia city | Kyparission promontory...Pylos | Koryphasion headland | Mothone""); Crete's south coast (`3.17.03/04/07/08` - ""Description of the south side: Lissos | Tarrha...Phoinix city | Phoinikous harbor""); Mauretania/Numidia/Africa/Cyrenaica (`4.01`-`4.04`,`4.06`-`4.08`, a dozen sections - Icosium, Rusazus, Carthage's own harbor towns, ""In the Pentapolis, Berenike or Hesperides | mouth of the Lathon river""); Anatolia's Aeolis/Lykia/ Pontus coasts (`5.01`-`5.14`, another dozen - ""Patara | Antiphellos | Andriake...Olympos city | Phaselis""); the Levant's own continuation past the Phoenicia fix (`5.16.02` - Kaisareia, Apollonia, Ioppe/Jaffa, Azotos, Askalon, Anthedon, already-`harbor` Gaza/Iamnia ports between them); the Persian Gulf coast of Babylonia/Susiane/Persis (`5.20.05`,`6.02.02`-`6.04.02` - ""this coast is described as follows: the western mouth of the Tigris river...""); and India's own Malabar/Coromandel/Ganges-delta coasts (`7.01`/`7.02`/`7.03`/`7.04`, the largest single cluster - ""(Ariake) of the Pirates. Mandagara..."", ""Maisolia. Mouth of the River Maisolos..."", ""Mouths of the Ganges...""). One candidate, `3.05.14`, was excluded: its own `city` point (""Nördlicher Endpunkt"") is ""the southern limit of Sarmatia at the *sources* of the Tanais river"" - a river-source boundary marker at the opposite end from this section's real coastal points (the Tanais' two mouths), the same shape as the Durius/Anas fixes above, not a coastal gap - left as `city`, worth a closer individual look later if it turns out to need one."
2.06.08,2,2.06,08,EU02,Karieten,Karieten,,inland,
2.06.09,2,2.06,09,EU02,Varduler,Varduler,,inland,
2.06.10,2,2.06,10,EU02,Vaskonen,Vaskonen,Of the Vascones: Oiasso city,coast section," A seventeenth-round, catalogue-wide sweep (2026-07-30), prompted by the user pointing out a structural blind spot in every check run so far this session: crossref_topostext.py/category_check.py only ever flag a `city` point when *that point's own* topostext phrase contains a coastal keyword - Sidon, Tyros and Byblos (fixed just above) have none; their own citations are bare names. The signal that they're coastal was never in their own phrase, it was in their *section*: sitting between already-correctly-classified points (a ""-Mündung"" river mouth, a ""Kap"" cape) that do carry a keyword. That's checkable without topostext at all - a section mixing coastal-family points (`coast`/`harbor`/`river_mouth`, keyword- detected from the German name) with plain `city` points, with no sea-word header of its own, is structurally suspicious on its own: Ptolemy's sections are narratively homogeneous (a coastal run OR an inland list, established as this project's whole classification premise), so a section doing both at once is far more likely to be one coastal run some of whose points merely lack their own keyword than a genuine mix.  Found 110 such sections catalogue-wide. Checked every one's full topostext text (not just the `city` points' own phrases) before adding it - looking for either confirming coastal language (promontory/harbor/river mouth/gulf/bay, a run of real coastal place-names) or a contradiction (an inland/interior framing, the same ""in the interior of Galatian Pontos"" shape that correctly ruled out a candidate earlier this session). 109 confirmed straightforwardly - a representative sample across the whole range: Lusitania's own coast continuing past the Durius fix above (Oliosipum/Lisbon, Obila - ""LUSITANIA...the mouth of the river, which flows into the Outer Sea""); the Basque/Catalan coast (`2.06.07`/`.10`/`.14`/`.15`/`.18`/`.19`/`.20` - ""Of the Autrigones: Nerva river mouth | Flaviobriga"", ""Of the Vascones: Oiasso city | Ocasso promontory of the Pyrenees""); Dalmatia (`2.16.02`/`.03`/`.05` - ""Ortopla...mouth of the Titos river...Skardona""); Macedonia and Thessaly (`3.13.05/06/12/14/15/16` - ""In Amphaxitis: Thessalonike | Echedoros river outlet"", ""In Pieria: ...Pydna | Haliakmon river outlet...Dion colonia...Peneios river outlet""); Boiotia and the Lokrians (`3.15.03/09/11` - ""In Boiotia: Aulis | Ismenos river outlet | Salganeus | Anthedon""); Messenia (`3.16.07` - ""Kyparissia city | Kyparission promontory...Pylos | Koryphasion headland | Mothone""); Crete's south coast (`3.17.03/04/07/08` - ""Description of the south side: Lissos | Tarrha...Phoinix city | Phoinikous harbor""); Mauretania/Numidia/Africa/Cyrenaica (`4.01`-`4.04`,`4.06`-`4.08`, a dozen sections - Icosium, Rusazus, Carthage's own harbor towns, ""In the Pentapolis, Berenike or Hesperides | mouth of the Lathon river""); Anatolia's Aeolis/Lykia/ Pontus coasts (`5.01`-`5.14`, another dozen - ""Patara | Antiphellos | Andriake...Olympos city | Phaselis""); the Levant's own continuation past the Phoenicia fix (`5.16.02` - Kaisareia, Apollonia, Ioppe/Jaffa, Azotos, Askalon, Anthedon, already-`harbor` Gaza/Iamnia ports between them); the Persian Gulf coast of Babylonia/Susiane/Persis (`5.20.05`,`6.02.02`-`6.04.02` - ""this coast is described as follows: the western mouth of the Tigris river...""); and India's own Malabar/Coromandel/Ganges-delta coasts (`7.01`/`7.02`/`7.03`/`7.04`, the largest single cluster - ""(Ariake) of the Pirates. Mandagara..."", ""Maisolia. Mouth of the River Maisolos..."", ""Mouths of the Ganges...""). One candidate, `3.05.14`, was excluded: its own `city` point (""Nördlicher Endpunkt"") is ""the southern limit of Sarmatia at the *sources* of the Tanais river"" - a river-source boundary marker at the opposite end from this section's real coastal points (the Tanais' two mouths), the same shape as the Durius/Anas fixes above, not a coastal gap - left as `city`, worth a closer individual look later if it turns out to need one."
2.06.11,2,2.06,11,EU02,Pyrene-Gebirge,Pyrene-Gebirge | Kap Oiarso | Unser Meer | Hispania | Tarraconensis,"The eastern side, towards the summer sunrise, is bounded by the Pyreneesfrom the above-mentioned promontory to where the mountain chain meets Our Sea, on the headland where the sanctuary of Aphrodite is established,",coast section,
2.06.12,2,2.06,12,EU02,Tarraconensis,Tarraconensis | Lusitania | Baetica | Baliarisches Meer,"The remainder of Tarraconensis, one side lies alongside Lusitania and Baetica and that which lies alongside the Balearic Sea, turns towards the winter sunrise, with the following description: Afte the limit toward Baetica, at",coast section,
2.06.13,2,2.06,13,EU02,Bastitaner,Bastitaner,,inland,
2.06.14,2,2.06,14,EU02,Kontestaner,Kontestaner,The sea coast of the Bastitani at Urci,coast section," A seventeenth-round, catalogue-wide sweep (2026-07-30), prompted by the user pointing out a structural blind spot in every check run so far this session: crossref_topostext.py/category_check.py only ever flag a `city` point when *that point's own* topostext phrase contains a coastal keyword - Sidon, Tyros and Byblos (fixed just above) have none; their own citations are bare names. The signal that they're coastal was never in their own phrase, it was in their *section*: sitting between already-correctly-classified points (a ""-Mündung"" river mouth, a ""Kap"" cape) that do carry a keyword. That's checkable without topostext at all - a section mixing coastal-family points (`coast`/`harbor`/`river_mouth`, keyword- detected from the German name) with plain `city` points, with no sea-word header of its own, is structurally suspicious on its own: Ptolemy's sections are narratively homogeneous (a coastal run OR an inland list, established as this project's whole classification premise), so a section doing both at once is far more likely to be one coastal run some of whose points merely lack their own keyword than a genuine mix.  Found 110 such sections catalogue-wide. Checked every one's full topostext text (not just the `city` points' own phrases) before adding it - looking for either confirming coastal language (promontory/harbor/river mouth/gulf/bay, a run of real coastal place-names) or a contradiction (an inland/interior framing, the same ""in the interior of Galatian Pontos"" shape that correctly ruled out a candidate earlier this session). 109 confirmed straightforwardly - a representative sample across the whole range: Lusitania's own coast continuing past the Durius fix above (Oliosipum/Lisbon, Obila - ""LUSITANIA...the mouth of the river, which flows into the Outer Sea""); the Basque/Catalan coast (`2.06.07`/`.10`/`.14`/`.15`/`.18`/`.19`/`.20` - ""Of the Autrigones: Nerva river mouth | Flaviobriga"", ""Of the Vascones: Oiasso city | Ocasso promontory of the Pyrenees""); Dalmatia (`2.16.02`/`.03`/`.05` - ""Ortopla...mouth of the Titos river...Skardona""); Macedonia and Thessaly (`3.13.05/06/12/14/15/16` - ""In Amphaxitis: Thessalonike | Echedoros river outlet"", ""In Pieria: ...Pydna | Haliakmon river outlet...Dion colonia...Peneios river outlet""); Boiotia and the Lokrians (`3.15.03/09/11` - ""In Boiotia: Aulis | Ismenos river outlet | Salganeus | Anthedon""); Messenia (`3.16.07` - ""Kyparissia city | Kyparission promontory...Pylos | Koryphasion headland | Mothone""); Crete's south coast (`3.17.03/04/07/08` - ""Description of the south side: Lissos | Tarrha...Phoinix city | Phoinikous harbor""); Mauretania/Numidia/Africa/Cyrenaica (`4.01`-`4.04`,`4.06`-`4.08`, a dozen sections - Icosium, Rusazus, Carthage's own harbor towns, ""In the Pentapolis, Berenike or Hesperides | mouth of the Lathon river""); Anatolia's Aeolis/Lykia/ Pontus coasts (`5.01`-`5.14`, another dozen - ""Patara | Antiphellos | Andriake...Olympos city | Phaselis""); the Levant's own continuation past the Phoenicia fix (`5.16.02` - Kaisareia, Apollonia, Ioppe/Jaffa, Azotos, Askalon, Anthedon, already-`harbor` Gaza/Iamnia ports between them); the Persian Gulf coast of Babylonia/Susiane/Persis (`5.20.05`,`6.02.02`-`6.04.02` - ""this coast is described as follows: the western mouth of the Tigris river...""); and India's own Malabar/Coromandel/Ganges-delta coasts (`7.01`/`7.02`/`7.03`/`7.04`, the largest single cluster - ""(Ariake) of the Pirates. Mandagara..."", ""Maisolia. Mouth of the River Maisolos..."", ""Mouths of the Ganges...""). One candidate, `3.05.14`, was excluded: its own `city` point (""Nördlicher Endpunkt"") is ""the southern limit of Sarmatia at the *sources* of the Tanais river"" - a river-source boundary marker at the opposite end from this section's real coastal points (the Tanais' two mouths), the same shape as the Durius/Anas fixes above, not a coastal gap - left as `city`, worth a closer individual look later if it turns out to need one."
2.06.15,2,2.06,15,EU02,Edetaner,Edetaner,The sea coast of the Edetani:  Pallantia river mouth,coast section," A seventeenth-round, catalogue-wide sweep (2026-07-30), prompted by the user pointing out a structural blind spot in every check run so far this session: crossref_topostext.py/category_check.py only ever flag a `city` point when *that point's own* topostext phrase contains a coastal keyword - Sidon, Tyros and Byblos (fixed just above) have none; their own citations are bare names. The signal that they're coastal was never in their own phrase, it was in their *section*: sitting between already-correctly-classified points (a ""-Mündung"" river mouth, a ""Kap"" cape) that do carry a keyword. That's checkable without topostext at all - a section mixing coastal-family points (`coast`/`harbor`/`river_mouth`, keyword- detected from the German name) with plain `city` points, with no sea-word header of its own, is structurally suspicious on its own: Ptolemy's sections are narratively homogeneous (a coastal run OR an inland list, established as this project's whole classification premise), so a section doing both at once is far more likely to be one coastal run some of whose points merely lack their own keyword than a genuine mix.  Found 110 such sections catalogue-wide. Checked every one's full topostext text (not just the `city` points' own phrases) before adding it - looking for either confirming coastal language (promontory/harbor/river mouth/gulf/bay, a run of real coastal place-names) or a contradiction (an inland/interior framing, the same ""in the interior of Galatian Pontos"" shape that correctly ruled out a candidate earlier this session). 109 confirmed straightforwardly - a representative sample across the whole range: Lusitania's own coast continuing past the Durius fix above (Oliosipum/Lisbon, Obila - ""LUSITANIA...the mouth of the river, which flows into the Outer Sea""); the Basque/Catalan coast (`2.06.07`/`.10`/`.14`/`.15`/`.18`/`.19`/`.20` - ""Of the Autrigones: Nerva river mouth | Flaviobriga"", ""Of the Vascones: Oiasso city | Ocasso promontory of the Pyrenees""); Dalmatia (`2.16.02`/`.03`/`.05` - ""Ortopla...mouth of the Titos river...Skardona""); Macedonia and Thessaly (`3.13.05/06/12/14/15/16` - ""In Amphaxitis: Thessalonike | Echedoros river outlet"", ""In Pieria: ...Pydna | Haliakmon river outlet...Dion colonia...Peneios river outlet""); Boiotia and the Lokrians (`3.15.03/09/11` - ""In Boiotia: Aulis | Ismenos river outlet | Salganeus | Anthedon""); Messenia (`3.16.07` - ""Kyparissia city | Kyparission promontory...Pylos | Koryphasion headland | Mothone""); Crete's south coast (`3.17.03/04/07/08` - ""Description of the south side: Lissos | Tarrha...Phoinix city | Phoinikous harbor""); Mauretania/Numidia/Africa/Cyrenaica (`4.01`-`4.04`,`4.06`-`4.08`, a dozen sections - Icosium, Rusazus, Carthage's own harbor towns, ""In the Pentapolis, Berenike or Hesperides | mouth of the Lathon river""); Anatolia's Aeolis/Lykia/ Pontus coasts (`5.01`-`5.14`, another dozen - ""Patara | Antiphellos | Andriake...Olympos city | Phaselis""); the Levant's own continuation past the Phoenicia fix (`5.16.02` - Kaisareia, Apollonia, Ioppe/Jaffa, Azotos, Askalon, Anthedon, already-`harbor` Gaza/Iamnia ports between them); the Persian Gulf coast of Babylonia/Susiane/Persis (`5.20.05`,`6.02.02`-`6.04.02` - ""this coast is described as follows: the western mouth of the Tigris river...""); and India's own Malabar/Coromandel/Ganges-delta coasts (`7.01`/`7.02`/`7.03`/`7.04`, the largest single cluster - ""(Ariake) of the Pirates. Mandagara..."", ""Maisolia. Mouth of the River Maisolos..."", ""Mouths of the Ganges...""). One candidate, `3.05.14`, was excluded: its own `city` point (""Nördlicher Endpunkt"") is ""the southern limit of Sarmatia at the *sources* of the Tanais river"" - a river-source boundary marker at the opposite end from this section's real coastal points (the Tanais' two mouths), the same shape as the Durius/Anas fixes above, not a coastal gap - left as `city`, worth a closer individual look later if it turns out to need one."
2.06.16,2,2.06,16,EU02,Ilerkaonen,Ilerkaonen,The sea coast of the Ilercaones:  Tenebrium promontory,inland,
2.06.17,2,2.06,17,EU02,Kossetaner,Kossetaner,The sea coast of the Cosetani:  Tarraco,inland,
2.06.18,2,2.06,18,EU02,Läetaner,Läetaner,The sea coast of the Laeetani:  Barcinum,coast section," A seventeenth-round, catalogue-wide sweep (2026-07-30), prompted by the user pointing out a structural blind spot in every check run so far this session: crossref_topostext.py/category_check.py only ever flag a `city` point when *that point's own* topostext phrase contains a coastal keyword - Sidon, Tyros and Byblos (fixed just above) have none; their own citations are bare names. The signal that they're coastal was never in their own phrase, it was in their *section*: sitting between already-correctly-classified points (a ""-Mündung"" river mouth, a ""Kap"" cape) that do carry a keyword. That's checkable without topostext at all - a section mixing coastal-family points (`coast`/`harbor`/`river_mouth`, keyword- detected from the German name) with plain `city` points, with no sea-word header of its own, is structurally suspicious on its own: Ptolemy's sections are narratively homogeneous (a coastal run OR an inland list, established as this project's whole classification premise), so a section doing both at once is far more likely to be one coastal run some of whose points merely lack their own keyword than a genuine mix.  Found 110 such sections catalogue-wide. Checked every one's full topostext text (not just the `city` points' own phrases) before adding it - looking for either confirming coastal language (promontory/harbor/river mouth/gulf/bay, a run of real coastal place-names) or a contradiction (an inland/interior framing, the same ""in the interior of Galatian Pontos"" shape that correctly ruled out a candidate earlier this session). 109 confirmed straightforwardly - a representative sample across the whole range: Lusitania's own coast continuing past the Durius fix above (Oliosipum/Lisbon, Obila - ""LUSITANIA...the mouth of the river, which flows into the Outer Sea""); the Basque/Catalan coast (`2.06.07`/`.10`/`.14`/`.15`/`.18`/`.19`/`.20` - ""Of the Autrigones: Nerva river mouth | Flaviobriga"", ""Of the Vascones: Oiasso city | Ocasso promontory of the Pyrenees""); Dalmatia (`2.16.02`/`.03`/`.05` - ""Ortopla...mouth of the Titos river...Skardona""); Macedonia and Thessaly (`3.13.05/06/12/14/15/16` - ""In Amphaxitis: Thessalonike | Echedoros river outlet"", ""In Pieria: ...Pydna | Haliakmon river outlet...Dion colonia...Peneios river outlet""); Boiotia and the Lokrians (`3.15.03/09/11` - ""In Boiotia: Aulis | Ismenos river outlet | Salganeus | Anthedon""); Messenia (`3.16.07` - ""Kyparissia city | Kyparission promontory...Pylos | Koryphasion headland | Mothone""); Crete's south coast (`3.17.03/04/07/08` - ""Description of the south side: Lissos | Tarrha...Phoinix city | Phoinikous harbor""); Mauretania/Numidia/Africa/Cyrenaica (`4.01`-`4.04`,`4.06`-`4.08`, a dozen sections - Icosium, Rusazus, Carthage's own harbor towns, ""In the Pentapolis, Berenike or Hesperides | mouth of the Lathon river""); Anatolia's Aeolis/Lykia/ Pontus coasts (`5.01`-`5.14`, another dozen - ""Patara | Antiphellos | Andriake...Olympos city | Phaselis""); the Levant's own continuation past the Phoenicia fix (`5.16.02` - Kaisareia, Apollonia, Ioppe/Jaffa, Azotos, Askalon, Anthedon, already-`harbor` Gaza/Iamnia ports between them); the Persian Gulf coast of Babylonia/Susiane/Persis (`5.20.05`,`6.02.02`-`6.04.02` - ""this coast is described as follows: the western mouth of the Tigris river...""); and India's own Malabar/Coromandel/Ganges-delta coasts (`7.01`/`7.02`/`7.03`/`7.04`, the largest single cluster - ""(Ariake) of the Pirates. Mandagara..."", ""Maisolia. Mouth of the River Maisolos..."", ""Mouths of the Ganges...""). One candidate, `3.05.14`, was excluded: its own `city` point (""Nördlicher Endpunkt"") is ""the southern limit of Sarmatia at the *sources* of the Tanais river"" - a river-source boundary marker at the opposite end from this section's real coastal points (the Tanais' two mouths), the same shape as the Durius/Anas fixes above, not a coastal gap - left as `city`, worth a closer individual look later if it turns out to need one."
2.06.19,2,2.06,19,EU02,Baetulo,,The sea coast of the Indigetae:  Sambroca river mouth,coast section," A seventeenth-round, catalogue-wide sweep (2026-07-30), prompted by the user pointing out a structural blind spot in every check run so far this session: crossref_topostext.py/category_check.py only ever flag a `city` point when *that point's own* topostext phrase contains a coastal keyword - Sidon, Tyros and Byblos (fixed just above) have none; their own citations are bare names. The signal that they're coastal was never in their own phrase, it was in their *section*: sitting between already-correctly-classified points (a ""-Mündung"" river mouth, a ""Kap"" cape) that do carry a keyword. That's checkable without topostext at all - a section mixing coastal-family points (`coast`/`harbor`/`river_mouth`, keyword- detected from the German name) with plain `city` points, with no sea-word header of its own, is structurally suspicious on its own: Ptolemy's sections are narratively homogeneous (a coastal run OR an inland list, established as this project's whole classification premise), so a section doing both at once is far more likely to be one coastal run some of whose points merely lack their own keyword than a genuine mix.  Found 110 such sections catalogue-wide. Checked every one's full topostext text (not just the `city` points' own phrases) before adding it - looking for either confirming coastal language (promontory/harbor/river mouth/gulf/bay, a run of real coastal place-names) or a contradiction (an inland/interior framing, the same ""in the interior of Galatian Pontos"" shape that correctly ruled out a candidate earlier this session). 109 confirmed straightforwardly - a representative sample across the whole range: Lusitania's own coast continuing past the Durius fix above (Oliosipum/Lisbon, Obila - ""LUSITANIA...the mouth of the river, which flows into the Outer Sea""); the Basque/Catalan coast (`2.06.07`/`.10`/`.14`/`.15`/`.18`/`.19`/`.20` - ""Of the Autrigones: Nerva river mouth | Flaviobriga"", ""Of the Vascones: Oiasso city | Ocasso promontory of the Pyrenees""); Dalmatia (`2.16.02`/`.03`/`.05` - ""Ortopla...mouth of the Titos river...Skardona""); Macedonia and Thessaly (`3.13.05/06/12/14/15/16` - ""In Amphaxitis: Thessalonike | Echedoros river outlet"", ""In Pieria: ...Pydna | Haliakmon river outlet...Dion colonia...Peneios river outlet""); Boiotia and the Lokrians (`3.15.03/09/11` - ""In Boiotia: Aulis | Ismenos river outlet | Salganeus | Anthedon""); Messenia (`3.16.07` - ""Kyparissia city | Kyparission promontory...Pylos | Koryphasion headland | Mothone""); Crete's south coast (`3.17.03/04/07/08` - ""Description of the south side: Lissos | Tarrha...Phoinix city | Phoinikous harbor""); Mauretania/Numidia/Africa/Cyrenaica (`4.01`-`4.04`,`4.06`-`4.08`, a dozen sections - Icosium, Rusazus, Carthage's own harbor towns, ""In the Pentapolis, Berenike or Hesperides | mouth of the Lathon river""); Anatolia's Aeolis/Lykia/ Pontus coasts (`5.01`-`5.14`, another dozen - ""Patara | Antiphellos | Andriake...Olympos city | Phaselis""); the Levant's own continuation past the Phoenicia fix (`5.16.02` - Kaisareia, Apollonia, Ioppe/Jaffa, Azotos, Askalon, Anthedon, already-`harbor` Gaza/Iamnia ports between them); the Persian Gulf coast of Babylonia/Susiane/Persis (`5.20.05`,`6.02.02`-`6.04.02` - ""this coast is described as follows: the western mouth of the Tigris river...""); and India's own Malabar/Coromandel/Ganges-delta coasts (`7.01`/`7.02`/`7.03`/`7.04`, the largest single cluster - ""(Ariake) of the Pirates. Mandagara..."", ""Maisolia. Mouth of the River Maisolos..."", ""Mouths of the Ganges...""). One candidate, `3.05.14`, was excluded: its own `city` point (""Nördlicher Endpunkt"") is ""the southern limit of Sarmatia at the *sources* of the Tanais river"" - a river-source boundary marker at the opposite end from this section's real coastal points (the Tanais' two mouths), the same shape as the Durius/Anas fixes above, not a coastal gap - left as `city`, worth a closer individual look later if it turns out to need one."
2.06.20,2,2.06,20,EU02,Indigeten,Indigeten,"Named mountains in Tarraconensisare Vindium, with the following end points,",coast section," A seventeenth-round, catalogue-wide sweep (2026-07-30), prompted by the user pointing out a structural blind spot in every check run so far this session: crossref_topostext.py/category_check.py only ever flag a `city` point when *that point's own* topostext phrase contains a coastal keyword - Sidon, Tyros and Byblos (fixed just above) have none; their own citations are bare names. The signal that they're coastal was never in their own phrase, it was in their *section*: sitting between already-correctly-classified points (a ""-Mündung"" river mouth, a ""Kap"" cape) that do carry a keyword. That's checkable without topostext at all - a section mixing coastal-family points (`coast`/`harbor`/`river_mouth`, keyword- detected from the German name) with plain `city` points, with no sea-word header of its own, is structurally suspicious on its own: Ptolemy's sections are narratively homogeneous (a coastal run OR an inland list, established as this project's whole classification premise), so a section doing both at once is far more likely to be one coastal run some of whose points merely lack their own keyword than a genuine mix.  Found 110 such sections catalogue-wide. Checked every one's full topostext text (not just the `city` points' own phrases) before adding it - looking for either confirming coastal language (promontory/harbor/river mouth/gulf/bay, a run of real coastal place-names) or a contradiction (an inland/interior framing, the same ""in the interior of Galatian Pontos"" shape that correctly ruled out a candidate earlier this session). 109 confirmed straightforwardly - a representative sample across the whole range: Lusitania's own coast continuing past the Durius fix above (Oliosipum/Lisbon, Obila - ""LUSITANIA...the mouth of the river, which flows into the Outer Sea""); the Basque/Catalan coast (`2.06.07`/`.10`/`.14`/`.15`/`.18`/`.19`/`.20` - ""Of the Autrigones: Nerva river mouth | Flaviobriga"", ""Of the Vascones: Oiasso city | Ocasso promontory of the Pyrenees""); Dalmatia (`2.16.02`/`.03`/`.05` - ""Ortopla...mouth of the Titos river...Skardona""); Macedonia and Thessaly (`3.13.05/06/12/14/15/16` - ""In Amphaxitis: Thessalonike | Echedoros river outlet"", ""In Pieria: ...Pydna | Haliakmon river outlet...Dion colonia...Peneios river outlet""); Boiotia and the Lokrians (`3.15.03/09/11` - ""In Boiotia: Aulis | Ismenos river outlet | Salganeus | Anthedon""); Messenia (`3.16.07` - ""Kyparissia city | Kyparission promontory...Pylos | Koryphasion headland | Mothone""); Crete's south coast (`3.17.03/04/07/08` - ""Description of the south side: Lissos | Tarrha...Phoinix city | Phoinikous harbor""); Mauretania/Numidia/Africa/Cyrenaica (`4.01`-`4.04`,`4.06`-`4.08`, a dozen sections - Icosium, Rusazus, Carthage's own harbor towns, ""In the Pentapolis, Berenike or Hesperides | mouth of the Lathon river""); Anatolia's Aeolis/Lykia/ Pontus coasts (`5.01`-`5.14`, another dozen - ""Patara | Antiphellos | Andriake...Olympos city | Phaselis""); the Levant's own continuation past the Phoenicia fix (`5.16.02` - Kaisareia, Apollonia, Ioppe/Jaffa, Azotos, Askalon, Anthedon, already-`harbor` Gaza/Iamnia ports between them); the Persian Gulf coast of Babylonia/Susiane/Persis (`5.20.05`,`6.02.02`-`6.04.02` - ""this coast is described as follows: the western mouth of the Tigris river...""); and India's own Malabar/Coromandel/Ganges-delta coasts (`7.01`/`7.02`/`7.03`/`7.04`, the largest single cluster - ""(Ariake) of the Pirates. Mandagara..."", ""Maisolia. Mouth of the River Maisolos..."", ""Mouths of the Ganges...""). One candidate, `3.05.14`, was excluded: its own `city` point (""Nördlicher Endpunkt"") is ""the southern limit of Sarmatia at the *sources* of the Tanais river"" - a river-source boundary marker at the opposite end from this section's real coastal points (the Tanais' two mouths), the same shape as the Durius/Anas fixes above, not a coastal gap - left as `city`, worth a closer individual look later if it turns out to need one."
2.06.21,2,2.06,21,EU02,Tarraconensis,Tarraconensis,The Artabri occupy the territory around the Nerium promontory in these cities:  Claudiomerium,inland,
2.06.22,2,2.06,22,EU02,Kap Nerium,Kap Nerium | Artabrer,Close to them are the CallaiciLucensii with the following cities of the interior:  Burum,inland,
2.06.23,2,2.06,23,EU02,Lukensische Kalläker,Lukensische Kalläker,"Of the Capori, Iria Flavia",inland,
2.06.24,2,2.06,24,EU02,Kaporer,Kaporer,,inland,
2.06.25,2,2.06,25,EU02,Kilener,Kilener | Lemaver,,inland,
2.06.26,2,2.06,26,EU02,Bädyer,Bädyer,,inland,
2.06.27,2,2.06,27,EU02,Seurrer,Seurrer,,inland,
2.06.28,2,2.06,28,EU02,Asturia,Asturia,,inland,
2.06.29,2,2.06,29,EU02,Lancia,,,inland,
2.06.30,2,2.06,30,EU02,Brigäkiner,Brigäkiner,"Of the Bedunisii, Bedunia",inland,
2.06.31,2,2.06,31,EU02,Bädunensier,Bädunensier,,inland,
2.06.32,2,2.06,32,EU02,Orniaker,Orniaker,,inland,
2.06.33,2,2.06,33,EU02,Lungonen,Lungonen,,inland,
2.06.34,2,2.06,34,EU02,Sälener,Sälener,,inland,
2.06.35,2,2.06,35,EU02,Superatier,Superatier,,inland,
2.06.36,2,2.06,36,EU02,Amaker,Amaker,,inland,
2.06.37,2,2.06,37,EU02,Tiburer,Tiburer,,inland,
2.06.38,2,2.06,38,EU02,Gigurrer,Gigurrer,,inland,
2.06.39,2,2.06,39,EU02,Minius,Minius | Durius | Brakarische Kalläker,,inland,
2.06.40,2,2.06,40,EU02,Turoder,Turoder,"Of the Nemetati, Volobriga",inland,
2.06.41,2,2.06,41,EU02,Nemetater (Nemetaver),Nemetater (Nemetaver),,inland,
2.06.42,2,2.06,42,EU02,Koelerner,Koelerner,,inland,
2.06.43,2,2.06,43,EU02,Bibaler,Bibaler,,inland,
2.06.44,2,2.06,44,EU02,Limiker,Limiker,,inland,
2.06.45,2,2.06,45,EU02,Grovier,Grovier,,inland,
2.06.46,2,2.06,46,EU02,Luanker,Luanker,,inland,
2.06.47,2,2.06,47,EU02,Quarquerner,Quarquerner,,inland,
2.06.48,2,2.06,48,EU02,Lubäner,Lubäner,,inland,
2.06.49,2,2.06,49,EU02,Narbaser,Narbaser,,inland,
2.06.50,2,2.06,50,EU02,Vakkäer,Vakkäer,"The east of Asturias is occupied by the Cantabri in these inland cities, Concana",inland,
2.06.51,2,2.06,51,EU02,Asturia,Asturia | Kantabrer,"Under these the Morbogi, in these cities: Brauon",inland,
2.06.52,2,2.06,52,EU02,Turmoger,Turmoger,,inland,
2.06.53,2,2.06,53,EU02,Kantabrer,Kantabrer | Autrigonen,,inland,
2.06.54,2,2.06,54,EU02,Turmoger,Turmoger | Pelendonen,,inland,
2.06.55,2,2.06,55,EU02,Autrigonen,Autrigonen | Beronen,,inland,
2.06.56,2,2.06,56,EU02,Pelendonen,Pelendonen | Beronen | Arevaker,,inland,
2.06.57,2,2.06,57,EU02,Vakkäer,Vakkäer | Arevaker | Karpetaner,,inland,
2.06.58,2,2.06,58,EU02,Keltiberer,Keltiberer,,inland,
2.06.59,2,2.06,59,EU02,Karpetaner,Karpetaner | Oretaner,,inland,
2.06.60,2,2.06,60,EU02,Keltiberer,Keltiberer | Lobetaner,"Below these and alongside the Oretani, the Bastitani in these inland cities: Pucialia",inland,
2.06.61,2,2.06,61,EU02,Oretaner,Oretaner | Bastitaner,"The Contestani come after these, on the sea, with these inland cities: Menlaria",inland,
2.06.62,2,2.06,62,EU02,Kontestaner,Kontestaner,"Further to the east of these and the Bastitani and the Celtiberi, the Edetani in these inland cities: Caesaraugusta",inland,
2.06.63,2,2.06,63,EU02,Bastitaner,Bastitaner | Keltiberer | Edetaner,"Now, even further to the east, the Ilercaoni with inland cities: Old Carchedon",inland,
2.06.64,2,2.06,64,EU02,Ilerkaonen,Ilerkaonen,"In the area between the Iber and the Pyrenees, lying next to the Autrigones, through whose territory the river flows, to the east are the Caristi with these inland cities: Suestasium",inland,
2.06.65,2,2.06,65,EU02,Iberus,Iberus | Pyrene-Gebirge | Autrigonen | Karieten,"Further to the east of these, the Varduli in these inland cities: Gebala",inland,
2.06.66,2,2.06,66,EU02,Varduler,Varduler,"After these the Vasoconi, in these inland cities: Iturissa",inland,
2.06.67,2,2.06,67,EU02,Vaskonen,Vaskonen,"And again after these, the Ilergeti, in these inland cities: Bergusia",inland,
2.06.68,2,2.06,68,EU02,Ilergeten,Ilergeten,"Below these and further to the east are the Ceretani, with this city: Julia Libyca",inland,
2.06.69,2,2.06,69,EU02,Kerretaner,Kerretaner,"Alongside them, towards the west, the Ausetani and cities: Aquae Calidae 42°40'
Event Date: 150 GR",inland,
2.06.70,2,2.06,70,EU02,Ausetaner,Ausetaner,"And with these, the Castellani, in these inland cities: Sebendunum",inland,
2.06.71,2,2.06,71,EU02,Kastellaner,Kastellaner,"And further to the west of these, the Iaccetani in these cities: Lesa",inland,
2.06.72,2,2.06,72,EU02,Iakketaner (Akketaner),Iakketaner (Akketaner),The Endigeti have these inland cities: Deciana,inland,
2.06.73,2,2.06,73,EU02,Indigeten,Indigeten,"Islands alongside Tarraconensis with three headlands, in the Cantabrian Ocean, are called the Trileuci, hold the location thus",inland,
2.06.74,2,2.06,74,EU02,Läetaner,Läetaner,,inland,
2.06.75,2,2.06,75,EU02,Tarraconensis,Tarraconensis | Kantabrischer Ozean,,coast section,
2.06.76,2,2.06,76,EU02,Westlicher Ozean,Westlicher Ozean,,coast section,
2.06.77,2,2.06,77,EU02,Baliarisches Meer,Baliarisches Meer | Pityussae (2),,island,"Sections manually verified (via the Modern_location column and known ancient geography) to be island enumerations rather than coastal walks, even though neither the section header nor the point names carry any island-specific keyword. A sea-headed section is structurally ambiguous between ""coastal points along this sea's shore"" (e.g. book.map ""3.01"" section ""14"": Hydruntum/Lupiae/Brundisium - real coastal cities, Otranto/ Lecce/Brindisi) and ""islands scattered across this sea"" (section ""79"" of that same book.map: Planasia/Pontia/.../Capreae - Pianosa/Ponza/.../Capri) - both look identical from the text alone, so this can't be a general regex rule without also breaking the former. Keyed by (book.map, section). [Ophiussa/Ebusus - Formentera/Ibiza (Balearics)]"
2.06.78,2,2.06,78,EU02,Baliares (2),Baliares (2) | Gymnesiai (2) | Grössere Insel | Kleinere Insel,,inland,
2.07.02,2,2.07,02,EU03,Aquitania,Aquitania | Aquitanischer Ozean,,coast section,
2.07.03,2,2.07,03,EU03,Lugdunensis,Lugdunensis,,inland,
2.07.04,2,2.07,04,EU03,Lugdunensis,Lugdunensis | Narbonensis,,inland,
2.07.06,2,2.07,06,EU03,Aquitania,Aquitania | Piktonen,,inland,
2.07.07,2,2.07,07,EU03,Santonen,Santonen,,inland,
2.07.08,2,2.07,08,EU03,Viviskische Biturigen,Viviskische Biturigen,,inland,
2.07.09,2,2.07,09,EU03,Pyrene-Gebirge,Pyrene-Gebirge | Tarbeller,,inland,
2.07.10,2,2.07,10,EU03,Piktonen,Piktonen | Lemoviken,"The Bituriges Cubi are east of all these, extending also after the Liger river, and their city Avaricum",inland,
2.07.11,2,2.07,11,EU03,Kadurker,Kadurker,,inland,
2.07.12,2,2.07,12,EU03,Petrokorier,Petrokorier,,inland,
2.07.13,2,2.07,13,EU03,Liger,Liger | Kubische Biturigen,,inland,
2.07.14,2,2.07,14,EU03,Petrokorier,Petrokorier | Nitiobrogen,,inland,
2.07.15,2,2.07,15,EU03,Vasaten,Vasaten,,inland,
2.07.16,2,2.07,16,EU03,Gabaler,Gabaler,,inland,
2.07.17,2,2.07,17,EU03,Gabaler,Gabaler | Datier,,inland,
2.07.18,2,2.07,18,EU03,Ausker,Ausker,,inland,
2.07.19,2,2.07,19,EU03,Arverner,Arverner,,inland,
2.07.20,2,2.07,20,EU03,Ausker,Ausker | Vellavier,,inland,
2.07.21,2,2.07,21,EU03,Rutener,Rutener,,inland,
2.07.22,2,2.07,22,EU03,Pyrene-Gebirge,Pyrene-Gebirge | Konvenen,,inland,
2.08.01,2,2.08,01,EU03,Lugdunensis,Lugdunensis | Aquitania | Westlicher Ozean,,coast section,
2.08.02,2,2.08,02,EU03,Britannischer Ozean,Britannischer Ozean | Kap Gabaeum  | Vidukassen | Veneller | Lexovier | Kaleten,,coast section,
2.08.03,2,2.08,03,EU03,Belgica,Belgica,,inland,
2.08.04,2,2.08,04,EU03,Narbonensis,"Narbonensis | Grenzpunkt (Aquitania, Lugdunensis, Narbonensis)",,inland,
2.08.05,2,2.08,05,EU03,Sequana,Sequana | Kaleten | Lexovier | Veneller | Vidukassen | Kap Gabaeum  | Osismier,,inland,
2.08.06,2,2.08,06,EU03,Osismier,Osismier | Veneter | Liger | Samniten,,inland,
2.08.07,2,2.08,07,EU03,Veneter,Veneter | Diablintische Aulerker | Arvier (Arubier),,inland,
2.08.08,2,2.08,08,EU03,Sequana,Sequana | Veliokassen | Samniten | Andekaver,,inland,
2.08.09,2,2.08,09,EU03,Kenomanische Aulerker,Kenomanische Aulerker | Namneten,,inland,
2.08.10,2,2.08,10,EU03,Sequana,Sequana | Abrinkatuer,By the Sequana River the Carnutesand their cities: Autricum,inland,
2.08.11,2,2.08,11,EU03,Liger,Liger | Sequana | Eburovikische Aulerker,"Also below these tribes, the Turonihappen to live along the Liger, and their city Caesarondunum",inland,
2.08.12,2,2.08,12,EU03,Liger,Liger | Riedonen | Senonen,"East of the Arverni until the northward turn of the river Rhone, is the tribe of the Aedui and their cities:  Augustodunum",inland,
2.08.13,2,2.08,13,EU03,Sequana,Sequana | Karnuten | Parisier | Trikassen,,inland,
2.08.14,2,2.08,14,EU03,Liger,Liger | Turoner | Arverner | Cebenna-Gebirge | Segusiaver,,inland,
2.08.15,2,2.08,15,EU03,Melder,Melder,,inland,
2.08.16,2,2.08,16,EU03,Belgica,Belgica | Vadikassier,,inland,
2.08.17,2,2.08,17,EU03,Arverner,Arverner | Rhodanus (Einmündung des Arar) | Häduer,,inland,
2.09.02,2,2.09,02,EU03,Sequana-Mündung,,,inland,
2.09.03,2,2.09,03,EU03,Moriner,Moriner,,coast section," A seventeenth-round, catalogue-wide sweep (2026-07-30), prompted by the user pointing out a structural blind spot in every check run so far this session: crossref_topostext.py/category_check.py only ever flag a `city` point when *that point's own* topostext phrase contains a coastal keyword - Sidon, Tyros and Byblos (fixed just above) have none; their own citations are bare names. The signal that they're coastal was never in their own phrase, it was in their *section*: sitting between already-correctly-classified points (a ""-Mündung"" river mouth, a ""Kap"" cape) that do carry a keyword. That's checkable without topostext at all - a section mixing coastal-family points (`coast`/`harbor`/`river_mouth`, keyword- detected from the German name) with plain `city` points, with no sea-word header of its own, is structurally suspicious on its own: Ptolemy's sections are narratively homogeneous (a coastal run OR an inland list, established as this project's whole classification premise), so a section doing both at once is far more likely to be one coastal run some of whose points merely lack their own keyword than a genuine mix.  Found 110 such sections catalogue-wide. Checked every one's full topostext text (not just the `city` points' own phrases) before adding it - looking for either confirming coastal language (promontory/harbor/river mouth/gulf/bay, a run of real coastal place-names) or a contradiction (an inland/interior framing, the same ""in the interior of Galatian Pontos"" shape that correctly ruled out a candidate earlier this session). 109 confirmed straightforwardly - a representative sample across the whole range: Lusitania's own coast continuing past the Durius fix above (Oliosipum/Lisbon, Obila - ""LUSITANIA...the mouth of the river, which flows into the Outer Sea""); the Basque/Catalan coast (`2.06.07`/`.10`/`.14`/`.15`/`.18`/`.19`/`.20` - ""Of the Autrigones: Nerva river mouth | Flaviobriga"", ""Of the Vascones: Oiasso city | Ocasso promontory of the Pyrenees""); Dalmatia (`2.16.02`/`.03`/`.05` - ""Ortopla...mouth of the Titos river...Skardona""); Macedonia and Thessaly (`3.13.05/06/12/14/15/16` - ""In Amphaxitis: Thessalonike | Echedoros river outlet"", ""In Pieria: ...Pydna | Haliakmon river outlet...Dion colonia...Peneios river outlet""); Boiotia and the Lokrians (`3.15.03/09/11` - ""In Boiotia: Aulis | Ismenos river outlet | Salganeus | Anthedon""); Messenia (`3.16.07` - ""Kyparissia city | Kyparission promontory...Pylos | Koryphasion headland | Mothone""); Crete's south coast (`3.17.03/04/07/08` - ""Description of the south side: Lissos | Tarrha...Phoinix city | Phoinikous harbor""); Mauretania/Numidia/Africa/Cyrenaica (`4.01`-`4.04`,`4.06`-`4.08`, a dozen sections - Icosium, Rusazus, Carthage's own harbor towns, ""In the Pentapolis, Berenike or Hesperides | mouth of the Lathon river""); Anatolia's Aeolis/Lykia/ Pontus coasts (`5.01`-`5.14`, another dozen - ""Patara | Antiphellos | Andriake...Olympos city | Phaselis""); the Levant's own continuation past the Phoenicia fix (`5.16.02` - Kaisareia, Apollonia, Ioppe/Jaffa, Azotos, Askalon, Anthedon, already-`harbor` Gaza/Iamnia ports between them); the Persian Gulf coast of Babylonia/Susiane/Persis (`5.20.05`,`6.02.02`-`6.04.02` - ""this coast is described as follows: the western mouth of the Tigris river...""); and India's own Malabar/Coromandel/Ganges-delta coasts (`7.01`/`7.02`/`7.03`/`7.04`, the largest single cluster - ""(Ariake) of the Pirates. Mandagara..."", ""Maisolia. Mouth of the River Maisolos..."", ""Mouths of the Ganges...""). One candidate, `3.05.14`, was excluded: its own `city` point (""Nördlicher Endpunkt"") is ""the southern limit of Sarmatia at the *sources* of the Tanais river"" - a river-source boundary marker at the opposite end from this section's real coastal points (the Tanais' two mouths), the same shape as the Durius/Anas fixes above, not a coastal gap - left as `city`, worth a closer individual look later if it turns out to need one."
2.09.04,2,2.09,04,EU03,Bataver,Bataver,,coast section," A seventeenth-round, catalogue-wide sweep (2026-07-30), prompted by the user pointing out a structural blind spot in every check run so far this session: crossref_topostext.py/category_check.py only ever flag a `city` point when *that point's own* topostext phrase contains a coastal keyword - Sidon, Tyros and Byblos (fixed just above) have none; their own citations are bare names. The signal that they're coastal was never in their own phrase, it was in their *section*: sitting between already-correctly-classified points (a ""-Mündung"" river mouth, a ""Kap"" cape) that do carry a keyword. That's checkable without topostext at all - a section mixing coastal-family points (`coast`/`harbor`/`river_mouth`, keyword- detected from the German name) with plain `city` points, with no sea-word header of its own, is structurally suspicious on its own: Ptolemy's sections are narratively homogeneous (a coastal run OR an inland list, established as this project's whole classification premise), so a section doing both at once is far more likely to be one coastal run some of whose points merely lack their own keyword than a genuine mix.  Found 110 such sections catalogue-wide. Checked every one's full topostext text (not just the `city` points' own phrases) before adding it - looking for either confirming coastal language (promontory/harbor/river mouth/gulf/bay, a run of real coastal place-names) or a contradiction (an inland/interior framing, the same ""in the interior of Galatian Pontos"" shape that correctly ruled out a candidate earlier this session). 109 confirmed straightforwardly - a representative sample across the whole range: Lusitania's own coast continuing past the Durius fix above (Oliosipum/Lisbon, Obila - ""LUSITANIA...the mouth of the river, which flows into the Outer Sea""); the Basque/Catalan coast (`2.06.07`/`.10`/`.14`/`.15`/`.18`/`.19`/`.20` - ""Of the Autrigones: Nerva river mouth | Flaviobriga"", ""Of the Vascones: Oiasso city | Ocasso promontory of the Pyrenees""); Dalmatia (`2.16.02`/`.03`/`.05` - ""Ortopla...mouth of the Titos river...Skardona""); Macedonia and Thessaly (`3.13.05/06/12/14/15/16` - ""In Amphaxitis: Thessalonike | Echedoros river outlet"", ""In Pieria: ...Pydna | Haliakmon river outlet...Dion colonia...Peneios river outlet""); Boiotia and the Lokrians (`3.15.03/09/11` - ""In Boiotia: Aulis | Ismenos river outlet | Salganeus | Anthedon""); Messenia (`3.16.07` - ""Kyparissia city | Kyparission promontory...Pylos | Koryphasion headland | Mothone""); Crete's south coast (`3.17.03/04/07/08` - ""Description of the south side: Lissos | Tarrha...Phoinix city | Phoinikous harbor""); Mauretania/Numidia/Africa/Cyrenaica (`4.01`-`4.04`,`4.06`-`4.08`, a dozen sections - Icosium, Rusazus, Carthage's own harbor towns, ""In the Pentapolis, Berenike or Hesperides | mouth of the Lathon river""); Anatolia's Aeolis/Lykia/ Pontus coasts (`5.01`-`5.14`, another dozen - ""Patara | Antiphellos | Andriake...Olympos city | Phaselis""); the Levant's own continuation past the Phoenicia fix (`5.16.02` - Kaisareia, Apollonia, Ioppe/Jaffa, Azotos, Askalon, Anthedon, already-`harbor` Gaza/Iamnia ports between them); the Persian Gulf coast of Babylonia/Susiane/Persis (`5.20.05`,`6.02.02`-`6.04.02` - ""this coast is described as follows: the western mouth of the Tigris river...""); and India's own Malabar/Coromandel/Ganges-delta coasts (`7.01`/`7.02`/`7.03`/`7.04`, the largest single cluster - ""(Ariake) of the Pirates. Mandagara..."", ""Maisolia. Mouth of the River Maisolos..."", ""Mouths of the Ganges...""). One candidate, `3.05.14`, was excluded: its own `city` point (""Nördlicher Endpunkt"") is ""the southern limit of Sarmatia at the *sources* of the Tanais river"" - a river-source boundary marker at the opposite end from this section's real coastal points (the Tanais' two mouths), the same shape as the Durius/Anas fixes above, not a coastal gap - left as `city`, worth a closer individual look later if it turns out to need one."
2.09.05,2,2.09,05,EU03,Gross-Germanien,Gross-Germanien | Alpes,,inland,
2.09.06,2,2.09,06,EU03,Narbonensis,"Narbonensis | Grenzpunkt (Belgica, Lugdunensis, Narbonensis)",,inland,
2.09.07,2,2.09,07,EU03,Atrebaten,Atrebaten | Sequana,,inland,
2.09.08,2,2.09,08,EU03,Bellovaker,Bellovaker | Ambianer | Moriner,,inland,
2.09.09,2,2.09,09,EU03,Tabuda (Tabulla),Tabuda (Tabulla) | Tungrer,,inland,
2.09.10,2,2.09,10,EU03,Mosa,Mosa | Menapier,"And after the mountain lying below them, which is called Jurassus, are the Helveti along the River Rhine, with cities Ganodurum",inland,
2.09.11,2,2.09,11,EU03,Nervier,Nervier | Sequana | Subanekten | Viromanduer | Suessionen | Sequana,,inland,
2.09.12,2,2.09,12,EU03,Remer,Remer | Treverer | Mediomatriker,,inland,
2.09.13,2,2.09,13,EU03,Remer,Remer | Leuker,,inland,
2.09.14,2,2.09,14,EU03,Rhenus,Rhenus | Germanischer Ozean | Obrinca | Germania Inferior | Bataver,,coast section,
2.09.15,2,2.09,15,EU03,Legio XXX Ulpia,,,inland,
2.09.16,2,2.09,16,EU03,"Bonna, Legio I Minervia",,,inland,
2.09.17,2,2.09,17,EU03,Obrinca,Obrinca | Germania Superior | Nemeten | Vangionen,,inland,
2.09.18,2,2.09,18,EU03,Triboker,Triboker | Rauriker,,inland,
2.09.19,2,2.09,19,EU03,Leuker,Leuker | Lingonen,,inland,
2.09.20,2,2.09,20,EU03,Iurassus-Gebirge,Iurassus-Gebirge | Rhenus | Helvetier,,inland,
2.09.21,2,2.09,21,EU03,Sequaner,Sequaner,,inland,
2.10.01,2,2.10,01,EU03,Narbonensis,Narbonensis | Alpes (westlicher Teil) | Adula-Gebirge,,inland,
2.10.02,2,2.10,02,EU03,Pyrene-Gebirge,Pyrene-Gebirge | Aquitania | Heiligtum der Venus | Unser Meer | Gallisches Meer | Varus-Mündung,,coast section,
2.10.03,2,2.10,03,EU03,"Rhodanus (Biegung südlich von Lugdunum, zu den Alpen hin)",,,inland,
2.10.04,2,2.10,04,EU03,Rhodanus,Rhodanus | Lugdunum | Arar | Dubis | Alpes,,inland,
2.10.05,2,2.10,05,EU03,Alpes,Alpes,,inland,
2.10.06,2,2.10,06,EU03,Vienna,Vienna | Alpes | Isar | Druentia,,inland,
2.10.07,2,2.10,07,EU03,Isar (Einmündung in den Rhodanus),,,inland,
2.10.08,2,2.10,08,EU03,Rhodanus,Rhodanus | Avatiker | Komaner | Dekiaten,,coast section," A seventeenth-round, catalogue-wide sweep (2026-07-30), prompted by the user pointing out a structural blind spot in every check run so far this session: crossref_topostext.py/category_check.py only ever flag a `city` point when *that point's own* topostext phrase contains a coastal keyword - Sidon, Tyros and Byblos (fixed just above) have none; their own citations are bare names. The signal that they're coastal was never in their own phrase, it was in their *section*: sitting between already-correctly-classified points (a ""-Mündung"" river mouth, a ""Kap"" cape) that do carry a keyword. That's checkable without topostext at all - a section mixing coastal-family points (`coast`/`harbor`/`river_mouth`, keyword- detected from the German name) with plain `city` points, with no sea-word header of its own, is structurally suspicious on its own: Ptolemy's sections are narratively homogeneous (a coastal run OR an inland list, established as this project's whole classification premise), so a section doing both at once is far more likely to be one coastal run some of whose points merely lack their own keyword than a genuine mix.  Found 110 such sections catalogue-wide. Checked every one's full topostext text (not just the `city` points' own phrases) before adding it - looking for either confirming coastal language (promontory/harbor/river mouth/gulf/bay, a run of real coastal place-names) or a contradiction (an inland/interior framing, the same ""in the interior of Galatian Pontos"" shape that correctly ruled out a candidate earlier this session). 109 confirmed straightforwardly - a representative sample across the whole range: Lusitania's own coast continuing past the Durius fix above (Oliosipum/Lisbon, Obila - ""LUSITANIA...the mouth of the river, which flows into the Outer Sea""); the Basque/Catalan coast (`2.06.07`/`.10`/`.14`/`.15`/`.18`/`.19`/`.20` - ""Of the Autrigones: Nerva river mouth | Flaviobriga"", ""Of the Vascones: Oiasso city | Ocasso promontory of the Pyrenees""); Dalmatia (`2.16.02`/`.03`/`.05` - ""Ortopla...mouth of the Titos river...Skardona""); Macedonia and Thessaly (`3.13.05/06/12/14/15/16` - ""In Amphaxitis: Thessalonike | Echedoros river outlet"", ""In Pieria: ...Pydna | Haliakmon river outlet...Dion colonia...Peneios river outlet""); Boiotia and the Lokrians (`3.15.03/09/11` - ""In Boiotia: Aulis | Ismenos river outlet | Salganeus | Anthedon""); Messenia (`3.16.07` - ""Kyparissia city | Kyparission promontory...Pylos | Koryphasion headland | Mothone""); Crete's south coast (`3.17.03/04/07/08` - ""Description of the south side: Lissos | Tarrha...Phoinix city | Phoinikous harbor""); Mauretania/Numidia/Africa/Cyrenaica (`4.01`-`4.04`,`4.06`-`4.08`, a dozen sections - Icosium, Rusazus, Carthage's own harbor towns, ""In the Pentapolis, Berenike or Hesperides | mouth of the Lathon river""); Anatolia's Aeolis/Lykia/ Pontus coasts (`5.01`-`5.14`, another dozen - ""Patara | Antiphellos | Andriake...Olympos city | Phaselis""); the Levant's own continuation past the Phoenicia fix (`5.16.02` - Kaisareia, Apollonia, Ioppe/Jaffa, Azotos, Askalon, Anthedon, already-`harbor` Gaza/Iamnia ports between them); the Persian Gulf coast of Babylonia/Susiane/Persis (`5.20.05`,`6.02.02`-`6.04.02` - ""this coast is described as follows: the western mouth of the Tigris river...""); and India's own Malabar/Coromandel/Ganges-delta coasts (`7.01`/`7.02`/`7.03`/`7.04`, the largest single cluster - ""(Ariake) of the Pirates. Mandagara..."", ""Maisolia. Mouth of the River Maisolos..."", ""Mouths of the Ganges...""). One candidate, `3.05.14`, was excluded: its own `city` point (""Nördlicher Endpunkt"") is ""the southern limit of Sarmatia at the *sources* of the Tanais river"" - a river-source boundary marker at the opposite end from this section's real coastal points (the Tanais' two mouths), the same shape as the Durius/Anas fixes above, not a coastal gap - left as `city`, worth a closer individual look later if it turns out to need one."
2.10.09,2,2.10,09,EU03,Narbonensis,Narbonensis | Tektosagische Volken,,inland,
2.10.10,2,2.10,10,EU03,Rhodanus,Rhodanus | Arekomische Volken,,inland,
2.10.11,2,2.10,11,EU03,Rhodanus,Rhodanus | Meduller | Allobroger,,inland,
2.10.12,2,2.10,12,EU03,Segovellauner,Segovellauner,,inland,
2.10.13,2,2.10,13,EU03,Trikastiner,Trikastiner,,inland,
2.10.14,2,2.10,14,EU03,Segovellauner,Segovellauner | Kavaren,,inland,
2.10.15,2,2.10,15,EU03,Salluvier,Salluvier,,inland,
2.10.16,2,2.10,16,EU03,Trikastiner,Trikastiner | Vokontier,,inland,
2.10.17,2,2.10,17,EU03,Meminer,Meminer,,inland,
2.10.18,2,2.10,18,EU03,Elykoker (Elukoker),Elykoker (Elukoker),,inland,
2.10.19,2,2.10,19,EU03,Vokontier,Vokontier | Meminer | Sentier,,inland,
2.10.21,2,2.10,21,EU03,Narbonensis,Narbonensis | Kap Citharistes | Varus,,island,"The following five were confirmed against topostext.org/work/209's English translation, which states outright ""the Ebuda islands..."", ""the islands which are near Albion island..."", etc. - independent of our own Modern_location-based guessing. [Agatha/Blasco/Stoechades/Lero - islands off Narbonensis (Agde island, Ile de Brescou, Iles d'Hyeres, Ile Ste-Marguerite)]"
2.11.01,2,2.11,01,EU04,Gross-Germanien,Gross-Germanien | Rhenus | Germanischer Ozean,,coast section,
2.11.02,2,2.11,02,EU04,Kimbrische Halbinsel,Kimbrische Halbinsel | Albis,,inland,
2.11.03,2,2.11,03,EU04,Kimbrische Halbinsel,Kimbrische Halbinsel,,inland,
2.11.04,2,2.11,04,EU04,Albis,Albis,,inland,
2.11.05,2,2.11,05,EU04,Danuvius (westlicher Teil),Danuvius (westlicher Teil) | Gross-Germanien | Aenus | Gabreta-Wald | Luna-Wald | Arabon | Curta | Cirpi,,inland,
2.11.06,2,2.11,06,EU04,Vistula (Quellgebiet),Vistula (Quellgebiet),,inland,
2.11.07,2,2.11,07,EU04,Gross-Germanien,Gross-Germanien | Sarmatische Berge | Danuvius-Quelle | Semanus-Wald | Gabreta-Wald | Sudeta-Gebirge | Sarmatische Berge | Herkynischer Wald,,inland,
2.11.27,2,2.11,27,EU04,Gross-Germanien,Gross-Germanien,,inland,
2.11.28,2,2.11,28,EU04,Asciburgium,,,inland,
2.11.29,2,2.11,29,EU04,Alisum,,,inland,
2.11.30,2,2.11,30,EU04,Danuvius,Danuvius,,inland,
2.11.31,2,2.11,31,EU04,Gross-Germanien,Gross-Germanien | Albis-Mündung,,inland,
2.11.32,2,2.11,32,EU04,Kimbrische Halbinsel,Kimbrische Halbinsel,,inland,
2.11.33,2,2.11,33,EU04,Kimbrische Halbinsel,Kimbrische Halbinsel,,inland,
2.11.34,2,2.11,34,EU04,Vistula-Mündung,Vistula-Mündung,,island,"The following five were confirmed against topostext.org/work/209's English translation, which states outright ""the Ebuda islands..."", ""the islands which are near Albion island..."", etc. - independent of our own Modern_location-based guessing. [Scandia W/O/N/S - the island Scandia's four extremity points (topostext: ""This island is itself properly called Scandia""), the same shape as Thule's five points above]"
2.12.01,2,2.12,01,EU05,Raetia et Vindelicia,"Raetia et Vindelicia
 | Adula-Gebirge | Rhenus (Quellgebiet) | Danuvius (Quellgebiet) | Italien | Alpes",,inland,
2.12.02,2,2.12,02,EU05,Danuvius,Danuvius | Raetia | Vindelicia,,inland,
2.12.04,2,2.12,04,EU05,Danuvius,Danuvius,,inland,
2.12.05,2,2.12,05,EU05,Rhenus (Quellgebiet),Rhenus (Quellgebiet),,inland,
2.12.07,2,2.12,07,EU05,Vindelicia,Vindelicia | Danuvius,,inland,
2.12.08,2,2.12,08,EU05,Augusta Vindelicorum*,,,inland,
2.13.01,2,2.13,01,EU05,Noricum,Noricum | Aenus | Danuvius (Einmündung des Aenus) | Pannonia Superior | Istrien,,inland,
2.13.03,2,2.13,03,EU05,Danuvius,Danuvius,,inland,
2.13.04,2,2.13,04,EU05,Italien,Italien | Noricum,,inland,
2.14.01,2,2.14,01,EU05,Pannonia Superior,"Pannonia Superior | Cetius-Gebirge | Carvanca-Gebirge | Istrien | Illyricum | Albaner-Berg | Bebische Berge (Biblische Berge) | Noricum | Arabon | Pannonia Inferior
",,inland,
2.14.03,2,2.14,03,EU05,Danuvius,Danuvius | Legio X Gemina  | Legio XIV Gemina  | Legio I Adiutrix ,,inland,
2.14.04,2,2.14,04,EU05,Sala,,,inland,
2.14.05,2,2.14,05,EU05,Scarbantia*,,,inland,
2.14.06,2,2.14,06,EU05,Valina,,,inland,
2.14.07,2,2.14,07,EU05,Italien,Italien | Pannonia Superior | Noricum,,inland,
2.15.01,2,2.15,01,EU05,Pannonia Inferior,"Pannonia Inferior
 | Pannonia Superior | Arabon (Einmündung in den Danuvius) | Illyricum | Grenzpunkt (Pannonia Inferior, Pannonia Superior, Illyricum) | Savus",,inland,
2.15.02,2,2.15,02,EU05,Arabon,Arabon | Curta | Pannonia Inferior | Pannonia Superior | Carrodunum | Cetius-Gebirge | Savarias | Dravus | Cornacum | Acumincum | Rittium | Savus,,inland,
2.15.04,2,2.15,04,EU05,Danuvius,Danuvius,,inland,
2.15.05,2,2.15,05,EU05,Lugio,,,inland,
2.15.06,2,2.15,06,EU05,Berbis (Bebbis),,,inland,
2.15.07,2,2.15,07,EU05,Mursella,,,inland,
2.15.08,2,2.15,08,EU05,Mursa (Mursa*),,,inland,
2.16.01,2,2.16,01,EU05,Illyricum,Illyricum | Istrien | Moesia Superior | Savus (Einmündung in Danuvius) | Makedonien | Adriatischer Golf,,coast section,
2.16.02,2,2.16,02,EU05,Liburnien,Liburnien | Illyricum | Italien | Istrien,,coast section," A seventeenth-round, catalogue-wide sweep (2026-07-30), prompted by the user pointing out a structural blind spot in every check run so far this session: crossref_topostext.py/category_check.py only ever flag a `city` point when *that point's own* topostext phrase contains a coastal keyword - Sidon, Tyros and Byblos (fixed just above) have none; their own citations are bare names. The signal that they're coastal was never in their own phrase, it was in their *section*: sitting between already-correctly-classified points (a ""-Mündung"" river mouth, a ""Kap"" cape) that do carry a keyword. That's checkable without topostext at all - a section mixing coastal-family points (`coast`/`harbor`/`river_mouth`, keyword- detected from the German name) with plain `city` points, with no sea-word header of its own, is structurally suspicious on its own: Ptolemy's sections are narratively homogeneous (a coastal run OR an inland list, established as this project's whole classification premise), so a section doing both at once is far more likely to be one coastal run some of whose points merely lack their own keyword than a genuine mix.  Found 110 such sections catalogue-wide. Checked every one's full topostext text (not just the `city` points' own phrases) before adding it - looking for either confirming coastal language (promontory/harbor/river mouth/gulf/bay, a run of real coastal place-names) or a contradiction (an inland/interior framing, the same ""in the interior of Galatian Pontos"" shape that correctly ruled out a candidate earlier this session). 109 confirmed straightforwardly - a representative sample across the whole range: Lusitania's own coast continuing past the Durius fix above (Oliosipum/Lisbon, Obila - ""LUSITANIA...the mouth of the river, which flows into the Outer Sea""); the Basque/Catalan coast (`2.06.07`/`.10`/`.14`/`.15`/`.18`/`.19`/`.20` - ""Of the Autrigones: Nerva river mouth | Flaviobriga"", ""Of the Vascones: Oiasso city | Ocasso promontory of the Pyrenees""); Dalmatia (`2.16.02`/`.03`/`.05` - ""Ortopla...mouth of the Titos river...Skardona""); Macedonia and Thessaly (`3.13.05/06/12/14/15/16` - ""In Amphaxitis: Thessalonike | Echedoros river outlet"", ""In Pieria: ...Pydna | Haliakmon river outlet...Dion colonia...Peneios river outlet""); Boiotia and the Lokrians (`3.15.03/09/11` - ""In Boiotia: Aulis | Ismenos river outlet | Salganeus | Anthedon""); Messenia (`3.16.07` - ""Kyparissia city | Kyparission promontory...Pylos | Koryphasion headland | Mothone""); Crete's south coast (`3.17.03/04/07/08` - ""Description of the south side: Lissos | Tarrha...Phoinix city | Phoinikous harbor""); Mauretania/Numidia/Africa/Cyrenaica (`4.01`-`4.04`,`4.06`-`4.08`, a dozen sections - Icosium, Rusazus, Carthage's own harbor towns, ""In the Pentapolis, Berenike or Hesperides | mouth of the Lathon river""); Anatolia's Aeolis/Lykia/ Pontus coasts (`5.01`-`5.14`, another dozen - ""Patara | Antiphellos | Andriake...Olympos city | Phaselis""); the Levant's own continuation past the Phoenicia fix (`5.16.02` - Kaisareia, Apollonia, Ioppe/Jaffa, Azotos, Askalon, Anthedon, already-`harbor` Gaza/Iamnia ports between them); the Persian Gulf coast of Babylonia/Susiane/Persis (`5.20.05`,`6.02.02`-`6.04.02` - ""this coast is described as follows: the western mouth of the Tigris river...""); and India's own Malabar/Coromandel/Ganges-delta coasts (`7.01`/`7.02`/`7.03`/`7.04`, the largest single cluster - ""(Ariake) of the Pirates. Mandagara..."", ""Maisolia. Mouth of the River Maisolos..."", ""Mouths of the Ganges...""). One candidate, `3.05.14`, was excluded: its own `city` point (""Nördlicher Endpunkt"") is ""the southern limit of Sarmatia at the *sources* of the Tanais river"" - a river-source boundary marker at the opposite end from this section's real coastal points (the Tanais' two mouths), the same shape as the Durius/Anas fixes above, not a coastal gap - left as `city`, worth a closer individual look later if it turns out to need one."
2.16.03,2,2.16,03,EU05,Ortopla,,,coast section," A seventeenth-round, catalogue-wide sweep (2026-07-30), prompted by the user pointing out a structural blind spot in every check run so far this session: crossref_topostext.py/category_check.py only ever flag a `city` point when *that point's own* topostext phrase contains a coastal keyword - Sidon, Tyros and Byblos (fixed just above) have none; their own citations are bare names. The signal that they're coastal was never in their own phrase, it was in their *section*: sitting between already-correctly-classified points (a ""-Mündung"" river mouth, a ""Kap"" cape) that do carry a keyword. That's checkable without topostext at all - a section mixing coastal-family points (`coast`/`harbor`/`river_mouth`, keyword- detected from the German name) with plain `city` points, with no sea-word header of its own, is structurally suspicious on its own: Ptolemy's sections are narratively homogeneous (a coastal run OR an inland list, established as this project's whole classification premise), so a section doing both at once is far more likely to be one coastal run some of whose points merely lack their own keyword than a genuine mix.  Found 110 such sections catalogue-wide. Checked every one's full topostext text (not just the `city` points' own phrases) before adding it - looking for either confirming coastal language (promontory/harbor/river mouth/gulf/bay, a run of real coastal place-names) or a contradiction (an inland/interior framing, the same ""in the interior of Galatian Pontos"" shape that correctly ruled out a candidate earlier this session). 109 confirmed straightforwardly - a representative sample across the whole range: Lusitania's own coast continuing past the Durius fix above (Oliosipum/Lisbon, Obila - ""LUSITANIA...the mouth of the river, which flows into the Outer Sea""); the Basque/Catalan coast (`2.06.07`/`.10`/`.14`/`.15`/`.18`/`.19`/`.20` - ""Of the Autrigones: Nerva river mouth | Flaviobriga"", ""Of the Vascones: Oiasso city | Ocasso promontory of the Pyrenees""); Dalmatia (`2.16.02`/`.03`/`.05` - ""Ortopla...mouth of the Titos river...Skardona""); Macedonia and Thessaly (`3.13.05/06/12/14/15/16` - ""In Amphaxitis: Thessalonike | Echedoros river outlet"", ""In Pieria: ...Pydna | Haliakmon river outlet...Dion colonia...Peneios river outlet""); Boiotia and the Lokrians (`3.15.03/09/11` - ""In Boiotia: Aulis | Ismenos river outlet | Salganeus | Anthedon""); Messenia (`3.16.07` - ""Kyparissia city | Kyparission promontory...Pylos | Koryphasion headland | Mothone""); Crete's south coast (`3.17.03/04/07/08` - ""Description of the south side: Lissos | Tarrha...Phoinix city | Phoinikous harbor""); Mauretania/Numidia/Africa/Cyrenaica (`4.01`-`4.04`,`4.06`-`4.08`, a dozen sections - Icosium, Rusazus, Carthage's own harbor towns, ""In the Pentapolis, Berenike or Hesperides | mouth of the Lathon river""); Anatolia's Aeolis/Lykia/ Pontus coasts (`5.01`-`5.14`, another dozen - ""Patara | Antiphellos | Andriake...Olympos city | Phaselis""); the Levant's own continuation past the Phoenicia fix (`5.16.02` - Kaisareia, Apollonia, Ioppe/Jaffa, Azotos, Askalon, Anthedon, already-`harbor` Gaza/Iamnia ports between them); the Persian Gulf coast of Babylonia/Susiane/Persis (`5.20.05`,`6.02.02`-`6.04.02` - ""this coast is described as follows: the western mouth of the Tigris river...""); and India's own Malabar/Coromandel/Ganges-delta coasts (`7.01`/`7.02`/`7.03`/`7.04`, the largest single cluster - ""(Ariake) of the Pirates. Mandagara..."", ""Maisolia. Mouth of the River Maisolos..."", ""Mouths of the Ganges...""). One candidate, `3.05.14`, was excluded: its own `city` point (""Nördlicher Endpunkt"") is ""the southern limit of Sarmatia at the *sources* of the Tanais river"" - a river-source boundary marker at the opposite end from this section's real coastal points (the Tanais' two mouths), the same shape as the Durius/Anas fixes above, not a coastal gap - left as `city`, worth a closer individual look later if it turns out to need one."
2.16.04,2,2.16,04,EU05,Dalmatien,Dalmatien,,inland,
2.16.05,2,2.16,05,EU05,Naro-Mündung,,,coast section," A seventeenth-round, catalogue-wide sweep (2026-07-30), prompted by the user pointing out a structural blind spot in every check run so far this session: crossref_topostext.py/category_check.py only ever flag a `city` point when *that point's own* topostext phrase contains a coastal keyword - Sidon, Tyros and Byblos (fixed just above) have none; their own citations are bare names. The signal that they're coastal was never in their own phrase, it was in their *section*: sitting between already-correctly-classified points (a ""-Mündung"" river mouth, a ""Kap"" cape) that do carry a keyword. That's checkable without topostext at all - a section mixing coastal-family points (`coast`/`harbor`/`river_mouth`, keyword- detected from the German name) with plain `city` points, with no sea-word header of its own, is structurally suspicious on its own: Ptolemy's sections are narratively homogeneous (a coastal run OR an inland list, established as this project's whole classification premise), so a section doing both at once is far more likely to be one coastal run some of whose points merely lack their own keyword than a genuine mix.  Found 110 such sections catalogue-wide. Checked every one's full topostext text (not just the `city` points' own phrases) before adding it - looking for either confirming coastal language (promontory/harbor/river mouth/gulf/bay, a run of real coastal place-names) or a contradiction (an inland/interior framing, the same ""in the interior of Galatian Pontos"" shape that correctly ruled out a candidate earlier this session). 109 confirmed straightforwardly - a representative sample across the whole range: Lusitania's own coast continuing past the Durius fix above (Oliosipum/Lisbon, Obila - ""LUSITANIA...the mouth of the river, which flows into the Outer Sea""); the Basque/Catalan coast (`2.06.07`/`.10`/`.14`/`.15`/`.18`/`.19`/`.20` - ""Of the Autrigones: Nerva river mouth | Flaviobriga"", ""Of the Vascones: Oiasso city | Ocasso promontory of the Pyrenees""); Dalmatia (`2.16.02`/`.03`/`.05` - ""Ortopla...mouth of the Titos river...Skardona""); Macedonia and Thessaly (`3.13.05/06/12/14/15/16` - ""In Amphaxitis: Thessalonike | Echedoros river outlet"", ""In Pieria: ...Pydna | Haliakmon river outlet...Dion colonia...Peneios river outlet""); Boiotia and the Lokrians (`3.15.03/09/11` - ""In Boiotia: Aulis | Ismenos river outlet | Salganeus | Anthedon""); Messenia (`3.16.07` - ""Kyparissia city | Kyparission promontory...Pylos | Koryphasion headland | Mothone""); Crete's south coast (`3.17.03/04/07/08` - ""Description of the south side: Lissos | Tarrha...Phoinix city | Phoinikous harbor""); Mauretania/Numidia/Africa/Cyrenaica (`4.01`-`4.04`,`4.06`-`4.08`, a dozen sections - Icosium, Rusazus, Carthage's own harbor towns, ""In the Pentapolis, Berenike or Hesperides | mouth of the Lathon river""); Anatolia's Aeolis/Lykia/ Pontus coasts (`5.01`-`5.14`, another dozen - ""Patara | Antiphellos | Andriake...Olympos city | Phaselis""); the Levant's own continuation past the Phoenicia fix (`5.16.02` - Kaisareia, Apollonia, Ioppe/Jaffa, Azotos, Askalon, Anthedon, already-`harbor` Gaza/Iamnia ports between them); the Persian Gulf coast of Babylonia/Susiane/Persis (`5.20.05`,`6.02.02`-`6.04.02` - ""this coast is described as follows: the western mouth of the Tigris river...""); and India's own Malabar/Coromandel/Ganges-delta coasts (`7.01`/`7.02`/`7.03`/`7.04`, the largest single cluster - ""(Ariake) of the Pirates. Mandagara..."", ""Maisolia. Mouth of the River Maisolos..."", ""Mouths of the Ganges...""). One candidate, `3.05.14`, was excluded: its own `city` point (""Nördlicher Endpunkt"") is ""the southern limit of Sarmatia at the *sources* of the Tanais river"" - a river-source boundary marker at the opposite end from this section's real coastal points (the Tanais' two mouths), the same shape as the Durius/Anas fixes above, not a coastal gap - left as `city`, worth a closer individual look later if it turns out to need one."
2.16.06,2,2.16,06,EU05,Drilon,Drilon | Skardon | Moesia Superior,,inland,
2.16.09,2,2.16,09,EU05,Liburnien,Liburnien,,inland,
2.16.10,2,2.16,10,EU05,Adra,,Adra .,inland,
2.16.11,2,2.16,11,EU05,Dalmatien,Dalmatien,The inland cities of Dalmatia:  Andekrion .,inland,
2.16.12,2,2.16,12,EU05,Saloniana (Galoniana),,Saloniana .,inland,
2.16.13,2,2.16,13,EU05,Liburnien,Liburnien | Apsorus | Curicta | Scardona*,"The islands lying off Liburnia are Apsorros, with two cities:  Krepsa .",inland,
2.16.14,2,2.16,14,EU05,Dalmatien,Dalmatien,Off Dalmatia are the islands  Issa with city .,island,"The following five were confirmed against topostext.org/work/209's English translation, which states outright ""the Ebuda islands..."", ""the islands which are near Albion island..."", etc. - independent of our own Modern_location-based guessing. [Issa/Tragurium/Pharia/Korkyra Melaina/Melite - the Dalmatian islands off the Croatian coast (Vis/Trogir/Hvar/Korcula/Mljet), each a single citation merging the island with its city - topostext: ""Off Dalmatia are the islands Issa with city...Tragourion with city...Pharia with city...Melite island"" - the same shared-name shape as Iulia Caesarea/Tenedos, not the multi-city-per-island shape of neighbouring Liburnia (2.16.13, Apsorros/Kourikta/Skardona, each with *two* named cities and correctly staying `city`)]"
3.01.01,3,3.01,01,EU06,Italien,Italien | Alpes | Adula-Gebirge | Tyrrhenisches Meer | Neapolis | Kap Leukopetra | Raetia | Alpes Poeninae | Ocra-Gebirge | Carvanca-Gebirge | Noricum | Adriatischer Golf | Tiliaventum | Garganus | Hydruntum | Adriaküste | Illyricum | Ligurisches Meer,,coast section,
3.01.02,3,3.01,02,EU06,Varus-Mündung,Varus-Mündung | Ligurisches Meer | Massalioten,,coast section,
3.01.03,3,3.01,03,EU06,Ligurien bzw. Ligystike,Ligurien bzw. Ligystike | Ligurisches Meer,,coast section,
3.01.04,3,3.01,04,EU06,Etrusker bzw. Tyrrhener,Etrusker bzw. Tyrrhener | Tyrrhenisches Meer,,coast section,
3.01.05,3,3.01,05,EU06,Latiner,Latiner | Tyrrhenisches Meer,,coast section,
3.01.06,3,3.01,06,EU06,Campaner,Campaner | Tyrrhenisches Meer,,coast section,
3.01.07,3,3.01,07,EU06,Picentiner,Picentiner | Tyrrhenisches Meer,,coast section,
3.01.08,3,3.01,08,EU06,Lucaner,Lucaner | Tyrrhenisches Meer,,coast section,
3.01.09,3,3.01,09,EU06,Bruttier,Bruttier | Tyrrhenisches Meer,,coast section,
3.01.10,3,3.01,10,EU06,Magna Graecia,Magna Graecia | Adriatisches Meer,"of Magna Graecia, on the Adriaticsea  Zephyrium promontory .",coast section,
3.01.11,3,3.01,11,EU06,Golf von Scolacium,Golf von Scolacium,"in Scylacius gulf,  Scylacium city .",coast section,
3.01.12,3,3.01,12,EU06,Golf von Tarent,Golf von Tarent,"in the Tarentine gulf,  Kroton city .",coast section,
3.01.13,3,3.01,13,EU06,Sallentiner,Sallentiner,"of the Salentini,  Iapygium or Sallentinepromontory .",inland,
3.01.14,3,3.01,14,EU06,Kalabrien,Kalabrien | Ionisches Meer,"of Kalabria, on the Ionian sea Hydruntum .",coast section,
3.01.15,3,3.01,15,EU06,Peuketische Apuler,Peuketische Apuler | Ionisches Meer,"of the Apuli Peucenti, on the Ionian sea Egnatia .",coast section,
3.01.16,3,3.01,16,EU06,Daunische Apuler,Daunische Apuler | Ionisches Meer,"of the Apuli Dauni, on the Ionian sea,  Salapiae .",coast section,
3.01.17,3,3.01,17,EU06,Adriatischer Golf,Adriatischer Golf,"and by the Adriatic gulf, Hyrium .",coast section,
3.01.18,3,3.01,18,EU06,Frentaner,Frentaner,of the Frentani on this gulf  mouth of the Tifernus river .,coast section," A seventeenth-round, catalogue-wide sweep (2026-07-30), prompted by the user pointing out a structural blind spot in every check run so far this session: crossref_topostext.py/category_check.py only ever flag a `city` point when *that point's own* topostext phrase contains a coastal keyword - Sidon, Tyros and Byblos (fixed just above) have none; their own citations are bare names. The signal that they're coastal was never in their own phrase, it was in their *section*: sitting between already-correctly-classified points (a ""-Mündung"" river mouth, a ""Kap"" cape) that do carry a keyword. That's checkable without topostext at all - a section mixing coastal-family points (`coast`/`harbor`/`river_mouth`, keyword- detected from the German name) with plain `city` points, with no sea-word header of its own, is structurally suspicious on its own: Ptolemy's sections are narratively homogeneous (a coastal run OR an inland list, established as this project's whole classification premise), so a section doing both at once is far more likely to be one coastal run some of whose points merely lack their own keyword than a genuine mix.  Found 110 such sections catalogue-wide. Checked every one's full topostext text (not just the `city` points' own phrases) before adding it - looking for either confirming coastal language (promontory/harbor/river mouth/gulf/bay, a run of real coastal place-names) or a contradiction (an inland/interior framing, the same ""in the interior of Galatian Pontos"" shape that correctly ruled out a candidate earlier this session). 109 confirmed straightforwardly - a representative sample across the whole range: Lusitania's own coast continuing past the Durius fix above (Oliosipum/Lisbon, Obila - ""LUSITANIA...the mouth of the river, which flows into the Outer Sea""); the Basque/Catalan coast (`2.06.07`/`.10`/`.14`/`.15`/`.18`/`.19`/`.20` - ""Of the Autrigones: Nerva river mouth | Flaviobriga"", ""Of the Vascones: Oiasso city | Ocasso promontory of the Pyrenees""); Dalmatia (`2.16.02`/`.03`/`.05` - ""Ortopla...mouth of the Titos river...Skardona""); Macedonia and Thessaly (`3.13.05/06/12/14/15/16` - ""In Amphaxitis: Thessalonike | Echedoros river outlet"", ""In Pieria: ...Pydna | Haliakmon river outlet...Dion colonia...Peneios river outlet""); Boiotia and the Lokrians (`3.15.03/09/11` - ""In Boiotia: Aulis | Ismenos river outlet | Salganeus | Anthedon""); Messenia (`3.16.07` - ""Kyparissia city | Kyparission promontory...Pylos | Koryphasion headland | Mothone""); Crete's south coast (`3.17.03/04/07/08` - ""Description of the south side: Lissos | Tarrha...Phoinix city | Phoinikous harbor""); Mauretania/Numidia/Africa/Cyrenaica (`4.01`-`4.04`,`4.06`-`4.08`, a dozen sections - Icosium, Rusazus, Carthage's own harbor towns, ""In the Pentapolis, Berenike or Hesperides | mouth of the Lathon river""); Anatolia's Aeolis/Lykia/ Pontus coasts (`5.01`-`5.14`, another dozen - ""Patara | Antiphellos | Andriake...Olympos city | Phaselis""); the Levant's own continuation past the Phoenicia fix (`5.16.02` - Kaisareia, Apollonia, Ioppe/Jaffa, Azotos, Askalon, Anthedon, already-`harbor` Gaza/Iamnia ports between them); the Persian Gulf coast of Babylonia/Susiane/Persis (`5.20.05`,`6.02.02`-`6.04.02` - ""this coast is described as follows: the western mouth of the Tigris river...""); and India's own Malabar/Coromandel/Ganges-delta coasts (`7.01`/`7.02`/`7.03`/`7.04`, the largest single cluster - ""(Ariake) of the Pirates. Mandagara..."", ""Maisolia. Mouth of the River Maisolos..."", ""Mouths of the Ganges...""). One candidate, `3.05.14`, was excluded: its own `city` point (""Nördlicher Endpunkt"") is ""the southern limit of Sarmatia at the *sources* of the Tanais river"" - a river-source boundary marker at the opposite end from this section's real coastal points (the Tanais' two mouths), the same shape as the Durius/Anas fixes above, not a coastal gap - left as `city`, worth a closer individual look later if it turns out to need one."
3.01.19,3,3.01,19,EU06,Päligner,Päligner,of the Paeligni on the same  mouth of the Sarus river .,coast section," A seventeenth-round, catalogue-wide sweep (2026-07-30), prompted by the user pointing out a structural blind spot in every check run so far this session: crossref_topostext.py/category_check.py only ever flag a `city` point when *that point's own* topostext phrase contains a coastal keyword - Sidon, Tyros and Byblos (fixed just above) have none; their own citations are bare names. The signal that they're coastal was never in their own phrase, it was in their *section*: sitting between already-correctly-classified points (a ""-Mündung"" river mouth, a ""Kap"" cape) that do carry a keyword. That's checkable without topostext at all - a section mixing coastal-family points (`coast`/`harbor`/`river_mouth`, keyword- detected from the German name) with plain `city` points, with no sea-word header of its own, is structurally suspicious on its own: Ptolemy's sections are narratively homogeneous (a coastal run OR an inland list, established as this project's whole classification premise), so a section doing both at once is far more likely to be one coastal run some of whose points merely lack their own keyword than a genuine mix.  Found 110 such sections catalogue-wide. Checked every one's full topostext text (not just the `city` points' own phrases) before adding it - looking for either confirming coastal language (promontory/harbor/river mouth/gulf/bay, a run of real coastal place-names) or a contradiction (an inland/interior framing, the same ""in the interior of Galatian Pontos"" shape that correctly ruled out a candidate earlier this session). 109 confirmed straightforwardly - a representative sample across the whole range: Lusitania's own coast continuing past the Durius fix above (Oliosipum/Lisbon, Obila - ""LUSITANIA...the mouth of the river, which flows into the Outer Sea""); the Basque/Catalan coast (`2.06.07`/`.10`/`.14`/`.15`/`.18`/`.19`/`.20` - ""Of the Autrigones: Nerva river mouth | Flaviobriga"", ""Of the Vascones: Oiasso city | Ocasso promontory of the Pyrenees""); Dalmatia (`2.16.02`/`.03`/`.05` - ""Ortopla...mouth of the Titos river...Skardona""); Macedonia and Thessaly (`3.13.05/06/12/14/15/16` - ""In Amphaxitis: Thessalonike | Echedoros river outlet"", ""In Pieria: ...Pydna | Haliakmon river outlet...Dion colonia...Peneios river outlet""); Boiotia and the Lokrians (`3.15.03/09/11` - ""In Boiotia: Aulis | Ismenos river outlet | Salganeus | Anthedon""); Messenia (`3.16.07` - ""Kyparissia city | Kyparission promontory...Pylos | Koryphasion headland | Mothone""); Crete's south coast (`3.17.03/04/07/08` - ""Description of the south side: Lissos | Tarrha...Phoinix city | Phoinikous harbor""); Mauretania/Numidia/Africa/Cyrenaica (`4.01`-`4.04`,`4.06`-`4.08`, a dozen sections - Icosium, Rusazus, Carthage's own harbor towns, ""In the Pentapolis, Berenike or Hesperides | mouth of the Lathon river""); Anatolia's Aeolis/Lykia/ Pontus coasts (`5.01`-`5.14`, another dozen - ""Patara | Antiphellos | Andriake...Olympos city | Phaselis""); the Levant's own continuation past the Phoenicia fix (`5.16.02` - Kaisareia, Apollonia, Ioppe/Jaffa, Azotos, Askalon, Anthedon, already-`harbor` Gaza/Iamnia ports between them); the Persian Gulf coast of Babylonia/Susiane/Persis (`5.20.05`,`6.02.02`-`6.04.02` - ""this coast is described as follows: the western mouth of the Tigris river...""); and India's own Malabar/Coromandel/Ganges-delta coasts (`7.01`/`7.02`/`7.03`/`7.04`, the largest single cluster - ""(Ariake) of the Pirates. Mandagara..."", ""Maisolia. Mouth of the River Maisolos..."", ""Mouths of the Ganges...""). One candidate, `3.05.14`, was excluded: its own `city` point (""Nördlicher Endpunkt"") is ""the southern limit of Sarmatia at the *sources* of the Tanais river"" - a river-source boundary marker at the opposite end from this section's real coastal points (the Tanais' two mouths), the same shape as the Durius/Anas fixes above, not a coastal gap - left as `city`, worth a closer individual look later if it turns out to need one."
3.01.20,3,3.01,20,EU06,Marruciner,Marruciner,of the Maurrucini on the same gulf  mouth of the Aternus river .,inland,
3.01.21,3,3.01,21,EU06,Picener,Picener,of the Piceni on the same gulf  Castrum .,coast section,"Found by an independent second pass: building a standalone category guess purely from topostext's own wording (category_check.py, no access to the catalogue's category, name, or any exception list) and comparing it to the catalogue's category surfaced a few more instances of the same gap the batch above missed: [Picenum's own Adriatic coast: ""Castrum...Cupra Maritima...mouth of the Truentini river...Potentia...Numana...Ancona""]"
3.01.22,3,3.01,22,EU06,Senoner,Senoner,"of the Semnones on the same gulf,  mouth of the Aesis river .",coast section," A seventeenth-round, catalogue-wide sweep (2026-07-30), prompted by the user pointing out a structural blind spot in every check run so far this session: crossref_topostext.py/category_check.py only ever flag a `city` point when *that point's own* topostext phrase contains a coastal keyword - Sidon, Tyros and Byblos (fixed just above) have none; their own citations are bare names. The signal that they're coastal was never in their own phrase, it was in their *section*: sitting between already-correctly-classified points (a ""-Mündung"" river mouth, a ""Kap"" cape) that do carry a keyword. That's checkable without topostext at all - a section mixing coastal-family points (`coast`/`harbor`/`river_mouth`, keyword- detected from the German name) with plain `city` points, with no sea-word header of its own, is structurally suspicious on its own: Ptolemy's sections are narratively homogeneous (a coastal run OR an inland list, established as this project's whole classification premise), so a section doing both at once is far more likely to be one coastal run some of whose points merely lack their own keyword than a genuine mix.  Found 110 such sections catalogue-wide. Checked every one's full topostext text (not just the `city` points' own phrases) before adding it - looking for either confirming coastal language (promontory/harbor/river mouth/gulf/bay, a run of real coastal place-names) or a contradiction (an inland/interior framing, the same ""in the interior of Galatian Pontos"" shape that correctly ruled out a candidate earlier this session). 109 confirmed straightforwardly - a representative sample across the whole range: Lusitania's own coast continuing past the Durius fix above (Oliosipum/Lisbon, Obila - ""LUSITANIA...the mouth of the river, which flows into the Outer Sea""); the Basque/Catalan coast (`2.06.07`/`.10`/`.14`/`.15`/`.18`/`.19`/`.20` - ""Of the Autrigones: Nerva river mouth | Flaviobriga"", ""Of the Vascones: Oiasso city | Ocasso promontory of the Pyrenees""); Dalmatia (`2.16.02`/`.03`/`.05` - ""Ortopla...mouth of the Titos river...Skardona""); Macedonia and Thessaly (`3.13.05/06/12/14/15/16` - ""In Amphaxitis: Thessalonike | Echedoros river outlet"", ""In Pieria: ...Pydna | Haliakmon river outlet...Dion colonia...Peneios river outlet""); Boiotia and the Lokrians (`3.15.03/09/11` - ""In Boiotia: Aulis | Ismenos river outlet | Salganeus | Anthedon""); Messenia (`3.16.07` - ""Kyparissia city | Kyparission promontory...Pylos | Koryphasion headland | Mothone""); Crete's south coast (`3.17.03/04/07/08` - ""Description of the south side: Lissos | Tarrha...Phoinix city | Phoinikous harbor""); Mauretania/Numidia/Africa/Cyrenaica (`4.01`-`4.04`,`4.06`-`4.08`, a dozen sections - Icosium, Rusazus, Carthage's own harbor towns, ""In the Pentapolis, Berenike or Hesperides | mouth of the Lathon river""); Anatolia's Aeolis/Lykia/ Pontus coasts (`5.01`-`5.14`, another dozen - ""Patara | Antiphellos | Andriake...Olympos city | Phaselis""); the Levant's own continuation past the Phoenicia fix (`5.16.02` - Kaisareia, Apollonia, Ioppe/Jaffa, Azotos, Askalon, Anthedon, already-`harbor` Gaza/Iamnia ports between them); the Persian Gulf coast of Babylonia/Susiane/Persis (`5.20.05`,`6.02.02`-`6.04.02` - ""this coast is described as follows: the western mouth of the Tigris river...""); and India's own Malabar/Coromandel/Ganges-delta coasts (`7.01`/`7.02`/`7.03`/`7.04`, the largest single cluster - ""(Ariake) of the Pirates. Mandagara..."", ""Maisolia. Mouth of the River Maisolos..."", ""Mouths of the Ganges...""). One candidate, `3.05.14`, was excluded: its own `city` point (""Nördlicher Endpunkt"") is ""the southern limit of Sarmatia at the *sources* of the Tanais river"" - a river-source boundary marker at the opposite end from this section's real coastal points (the Tanais' two mouths), the same shape as the Durius/Anas fixes above, not a coastal gap - left as `city`, worth a closer individual look later if it turns out to need one."
3.01.23,3,3.01,23,EU06,Gallische Boier,Gallische Boier,of the Boii Galli on the same gulf  mouth of the Rubicon river .,coast section," A seventeenth-round, catalogue-wide sweep (2026-07-30), prompted by the user pointing out a structural blind spot in every check run so far this session: crossref_topostext.py/category_check.py only ever flag a `city` point when *that point's own* topostext phrase contains a coastal keyword - Sidon, Tyros and Byblos (fixed just above) have none; their own citations are bare names. The signal that they're coastal was never in their own phrase, it was in their *section*: sitting between already-correctly-classified points (a ""-Mündung"" river mouth, a ""Kap"" cape) that do carry a keyword. That's checkable without topostext at all - a section mixing coastal-family points (`coast`/`harbor`/`river_mouth`, keyword- detected from the German name) with plain `city` points, with no sea-word header of its own, is structurally suspicious on its own: Ptolemy's sections are narratively homogeneous (a coastal run OR an inland list, established as this project's whole classification premise), so a section doing both at once is far more likely to be one coastal run some of whose points merely lack their own keyword than a genuine mix.  Found 110 such sections catalogue-wide. Checked every one's full topostext text (not just the `city` points' own phrases) before adding it - looking for either confirming coastal language (promontory/harbor/river mouth/gulf/bay, a run of real coastal place-names) or a contradiction (an inland/interior framing, the same ""in the interior of Galatian Pontos"" shape that correctly ruled out a candidate earlier this session). 109 confirmed straightforwardly - a representative sample across the whole range: Lusitania's own coast continuing past the Durius fix above (Oliosipum/Lisbon, Obila - ""LUSITANIA...the mouth of the river, which flows into the Outer Sea""); the Basque/Catalan coast (`2.06.07`/`.10`/`.14`/`.15`/`.18`/`.19`/`.20` - ""Of the Autrigones: Nerva river mouth | Flaviobriga"", ""Of the Vascones: Oiasso city | Ocasso promontory of the Pyrenees""); Dalmatia (`2.16.02`/`.03`/`.05` - ""Ortopla...mouth of the Titos river...Skardona""); Macedonia and Thessaly (`3.13.05/06/12/14/15/16` - ""In Amphaxitis: Thessalonike | Echedoros river outlet"", ""In Pieria: ...Pydna | Haliakmon river outlet...Dion colonia...Peneios river outlet""); Boiotia and the Lokrians (`3.15.03/09/11` - ""In Boiotia: Aulis | Ismenos river outlet | Salganeus | Anthedon""); Messenia (`3.16.07` - ""Kyparissia city | Kyparission promontory...Pylos | Koryphasion headland | Mothone""); Crete's south coast (`3.17.03/04/07/08` - ""Description of the south side: Lissos | Tarrha...Phoinix city | Phoinikous harbor""); Mauretania/Numidia/Africa/Cyrenaica (`4.01`-`4.04`,`4.06`-`4.08`, a dozen sections - Icosium, Rusazus, Carthage's own harbor towns, ""In the Pentapolis, Berenike or Hesperides | mouth of the Lathon river""); Anatolia's Aeolis/Lykia/ Pontus coasts (`5.01`-`5.14`, another dozen - ""Patara | Antiphellos | Andriake...Olympos city | Phaselis""); the Levant's own continuation past the Phoenicia fix (`5.16.02` - Kaisareia, Apollonia, Ioppe/Jaffa, Azotos, Askalon, Anthedon, already-`harbor` Gaza/Iamnia ports between them); the Persian Gulf coast of Babylonia/Susiane/Persis (`5.20.05`,`6.02.02`-`6.04.02` - ""this coast is described as follows: the western mouth of the Tigris river...""); and India's own Malabar/Coromandel/Ganges-delta coasts (`7.01`/`7.02`/`7.03`/`7.04`, the largest single cluster - ""(Ariake) of the Pirates. Mandagara..."", ""Maisolia. Mouth of the River Maisolos..."", ""Mouths of the Ganges...""). One candidate, `3.05.14`, was excluded: its own `city` point (""Nördlicher Endpunkt"") is ""the southern limit of Sarmatia at the *sources* of the Tanais river"" - a river-source boundary marker at the opposite end from this section's real coastal points (the Tanais' two mouths), the same shape as the Durius/Anas fixes above, not a coastal gap - left as `city`, worth a closer individual look later if it turns out to need one."
3.01.24,3,3.01,24,EU06,Padus-Mündung,,mouth of the Padus river .,inland,
3.01.25,3,3.01,25,EU06,Padus-Mündung,Padus-Mündung | Venetien,"After the mouth of the Padus river, Venepias likewise Atrianos river mouth .",inland,
3.01.26,3,3.01,26,EU06,Carner,Carner | Adriatischer Golf (innerster Punkt),of the Karni on the Adriatic at the innermost bend of the sea  mouth of the Tilaventus river .,coast section,
3.01.27,3,3.01,27,EU06,Istrien,Istrien | Adriatischer Golf (innerster Punkt),of Istria where next to the innermost bend of the sea are  Tergestum colonia .,coast section,
3.01.28,3,3.01,28,EU06,Istrien,Istrien,The interior cities of Istria Pacinum .,inland,
3.01.29,3,3.01,29,EU06,Carner,Carner,Interior cities of the Karni Forum Julium colonia .,inland,
3.01.30,3,3.01,30,EU06,Venetien,Venetien,Interior cities of Venetia Vicentia .,inland,
3.01.31,3,3.01,31,EU06,Cenomanen,Cenomanen | Venetien,Of the Cenomani which are below Venetia Bergomum .,inland,
3.01.32,3,3.01,32,EU06,Bechuner (Beluner),Bechuner (Beluner) | Venetien,"Of the Bechuni, who are toward the west of Venetia Vaunia .",inland,
3.01.33,3,3.01,33,EU06,Insubrer,Insubrer | Cenomanen,"Of the Insubres, who are toward the west from the Cenomani Nobaria .",inland,
3.01.34,3,3.01,34,EU06,Salassier,Salassier | Insubrer,"Of the Salassi, who are below the Insubres Augusta Praetoria colonia .",inland,
3.01.35,3,3.01,35,EU06,Tauriner,Tauriner | Salassier,Of the Taurini who are below the Salassi Augusta Taurinorum .,inland,
3.01.36,3,3.01,36,EU06,Libicer,Libicer | Insubrer,"Of the Libici, who are below the Insubres Vercellae .",inland,
3.01.37,3,3.01,37,EU06,Alpes Graiae,Alpes Graiae | Ceutronen,Of the Ceutrones in the Graian Alps Forum Claudii .,inland,
3.01.38,3,3.01,38,EU06,Cottische Alpen,Cottische Alpen | Lepontier,"Of the Leponti, who are in the Cottian Alps Oscela .",inland,
3.01.39,3,3.01,39,EU06,Caturigen,Caturigen | Alpes Graiae,Of the Caturiges in the Graian Alps Eburodunum .,inland,
3.01.40,3,3.01,40,EU06,Segusier,Segusier | Alpes Graiae,Of the Segusani in the Graian Alps Segusium .,inland,
3.01.41,3,3.01,41,EU06,Meeralpen,Meeralpen | Nerusier,Of the Nerusi in the Maritime Alps Vintium .,inland,"Found by the systematic whole-catalogue self-intersection review (2026-07-30): three sections in the Maritime Alps (book.map ""3.01"", sections 41-43) are each headed ""Meeralpen"" (""Maritime Alps"") - matching `_COASTAL_HDR_RE`'s bare ""meer"" the same way ""Hyrkanisches Meer"" did above, even though their content is inland Alpine tribal cities (topostext: ""Of the Nerusi in the Maritime Alps Vintium"", ""Of the Suetri in the Maritime Alps Salinae"", ""Of the Vedianti in the Maritime Alps Cemenelum""), not points on the actual coast - the real Ligurian-sea coastal walk runs through the separate, correctly-headed sections ""3.01.01""/""3.01.02"" (Varus-Mündung, Nicaea, Hercules-Hafen, ...). Left as coastal, these four points' edges cut back across the real coastline near Nicaea."
3.01.42,3,3.01,42,EU06,Suetrier,Suetrier | Meeralpen,Of the Suetri in the Maritime Alps Salinae .,inland,"Found by the systematic whole-catalogue self-intersection review (2026-07-30): three sections in the Maritime Alps (book.map ""3.01"", sections 41-43) are each headed ""Meeralpen"" (""Maritime Alps"") - matching `_COASTAL_HDR_RE`'s bare ""meer"" the same way ""Hyrkanisches Meer"" did above, even though their content is inland Alpine tribal cities (topostext: ""Of the Nerusi in the Maritime Alps Vintium"", ""Of the Suetri in the Maritime Alps Salinae"", ""Of the Vedianti in the Maritime Alps Cemenelum""), not points on the actual coast - the real Ligurian-sea coastal walk runs through the separate, correctly-headed sections ""3.01.01""/""3.01.02"" (Varus-Mündung, Nicaea, Hercules-Hafen, ...). Left as coastal, these four points' edges cut back across the real coastline near Nicaea."
3.01.43,3,3.01,43,EU06,Vediantier,Vediantier | Meeralpen,Of the Vedianti in the Maritime Alps Cemenelum .,inland,"Found by the systematic whole-catalogue self-intersection review (2026-07-30): three sections in the Maritime Alps (book.map ""3.01"", sections 41-43) are each headed ""Meeralpen"" (""Maritime Alps"") - matching `_COASTAL_HDR_RE`'s bare ""meer"" the same way ""Hyrkanisches Meer"" did above, even though their content is inland Alpine tribal cities (topostext: ""Of the Nerusi in the Maritime Alps Vintium"", ""Of the Suetri in the Maritime Alps Salinae"", ""Of the Vedianti in the Maritime Alps Cemenelum""), not points on the actual coast - the real Ligurian-sea coastal walk runs through the separate, correctly-headed sections ""3.01.01""/""3.01.02"" (Varus-Mündung, Nicaea, Hercules-Hafen, ...). Left as coastal, these four points' edges cut back across the real coastline near Nicaea."
3.01.45,3,3.01,45,EU06,Ligurien,Ligurien | Apennin,"Liguria, which is located below the Appennine mountains, has the following interior cities:  Sabata .",inland,
3.01.46,3,3.01,46,EU06,Gallia Togata,Gallia Togata | Apennin | Ravenna,"Gallia Togata is located above those mountains, extending as far as Ravenna, and it has these cities:  Placentia .",inland,
3.01.47,3,3.01,47,EU06,Etrusker,Etrusker,Towns of the Tusci in the interior  Biracellum .,inland,
3.01.48,3,3.01,48,EU06,Pistoria,,Pistoria .,inland,
3.01.49,3,3.01,49,EU06,Manliana,,Manliana .,inland,
3.01.50,3,3.01,50,EU06,Volsinium,,Volsinium .,inland,
3.01.51,3,3.01,51,EU06,Senoner,Senoner,Of the Semnones in the interior  Suasa .,inland,
3.01.52,3,3.01,52,EU06,Picener,Picener,"Of the Piceni, in the interior  Treja .",inland,
3.01.53,3,3.01,53,EU06,Ulurer,Ulurer | Etrusker,"Of the Umbri, who are above the Tusci Pitinum .",inland,
3.01.54,3,3.01,54,EU06,Vilombrer,Vilombrer | Ulurer,Of the Umbri who are toward the east of the Tusci Arna .,inland,
3.01.55,3,3.01,55,EU06,Sabiner,Sabiner | Vilombrer,"Of the Sabini, who are toward the east of the Umbri,  Nursia .",inland,
3.01.56,3,3.01,56,EU06,Äquicoler,Äquicoler | Sabiner,"Of the Aequiculi, who are east of the Sabini Cliternum .",inland,
3.01.57,3,3.01,57,EU06,Marser,Marser | Äquicoler,"Of the Marsi, who are toward the east from the Aequiculi Aex .",inland,
3.01.58,3,3.01,58,EU06,Prätuttier,Prätuttier | Marser,"Of the Praetuti, who are toward the east from the Marsi Beregra .",inland,
3.01.59,3,3.01,59,EU06,Vestiner,Vestiner | Prätuttier,"Of the Vestini, who are toward the east from the Praetuti Pinna .",inland,
3.01.60,3,3.01,60,EU06,Marruciner,Marruciner,Of the Marucini in the interior  Teatea .,inland,
3.01.61,3,3.01,61,EU06,Latiner,Latiner,Of the Latini in the interior  City of Rome .,inland,
3.01.62,3,3.01,62,EU06,Nomentum,,Nomentum .,inland,
3.01.63,3,3.01,63,EU06,Ferentinum,,Ferentinum .,inland,
3.01.64,3,3.01,64,EU06,Päligner,Päligner,Of the Peligni in the interior  Corfinium .,inland,
3.01.65,3,3.01,65,EU06,Frentaner,Frentaner,Of the Frentani in the interior  Anxanum .,inland,
3.01.66,3,3.01,66,EU06,Caracener,Caracener | Frentaner,"Of the Caraceni, who are below the Frentani Aufidena .",inland,
3.01.67,3,3.01,67,EU06,Samniten,Samniten | Päligner | Caracener,"Cities of the Samnites, who are below the Peligni and the Caraceni Bovianum .",inland,
3.01.68,3,3.01,68,EU06,Campaner,Campaner,Of the Campani in the interior  Venafrum .,inland,
3.01.69,3,3.01,69,EU06,Picentiner,Picentiner,Of the Picentini in the interior  Nola .,inland,
3.01.70,3,3.01,70,EU06,Lucaner,Lucaner,Of the Lucani in the interior  Ulci .,inland,
3.01.71,3,3.01,71,EU06,Hirpiner,Hirpiner | Picentiner | Lucaner,"Cities of the Irpini, who are more to the east than the Picentini and the Lucani Aquilonia .",inland,
3.01.72,3,3.01,72,EU06,Daunische Apuler,Daunische Apuler,Of the Apuli Dauni in the interior  Teanum .,inland,
3.01.73,3,3.01,73,EU06,Peuketische Apuler,Peuketische Apuler,Of the Apuli Peuciti in the interior  Venusia .,inland,
3.01.74,3,3.01,74,EU06,Bruttier,Bruttier,Of the Bruttii in the interior  Numistro .,inland,
3.01.75,3,3.01,75,EU06,Magna Graecia,Magna Graecia,Of Magna Graecia in the interior  Petelia .,inland,
3.01.76,3,3.01,76,EU06,Sallentiner,Sallentiner,Cities of the Salentini in the interior  Rudia .,inland,
3.01.77,3,3.01,77,EU06,Kalabrien,Kalabrien,Of Calabria in the interior  Sturni .,inland,
3.01.78,3,3.01,78,EU06,Italien,Italien | Ligurisches Meer,Islands lying near Italy in the Ligurian sea  Aithale island or Manora .,island,"Sections manually verified (via the Modern_location column and known ancient geography) to be island enumerations rather than coastal walks, even though neither the section header nor the point names carry any island-specific keyword. A sea-headed section is structurally ambiguous between ""coastal points along this sea's shore"" (e.g. book.map ""3.01"" section ""14"": Hydruntum/Lupiae/Brundisium - real coastal cities, Otranto/ Lecce/Brindisi) and ""islands scattered across this sea"" (section ""79"" of that same book.map: Planasia/Pontia/.../Capreae - Pianosa/Ponza/.../Capri) - both look identical from the text alone, so this can't be a general regex rule without also breaking the former. Keyed by (book.map, section). [Aethalia/Capraria/Ilva - Elba/Capraia]"
3.01.79,3,3.01,79,EU06,Tyrrhenisches Meer,Tyrrhenisches Meer,These are the islands in the Tyrrhenian sea Planasia island .,island,"Sections manually verified (via the Modern_location column and known ancient geography) to be island enumerations rather than coastal walks, even though neither the section header nor the point names carry any island-specific keyword. A sea-headed section is structurally ambiguous between ""coastal points along this sea's shore"" (e.g. book.map ""3.01"" section ""14"": Hydruntum/Lupiae/Brundisium - real coastal cities, Otranto/ Lecce/Brindisi) and ""islands scattered across this sea"" (section ""79"" of that same book.map: Planasia/Pontia/.../Capreae - Pianosa/Ponza/.../Capri) - both look identical from the text alone, so this can't be a general regex rule without also breaking the former. Keyed by (book.map, section). [Planasia..Capreae - Pianosa/Ponza/Ischia/Capri]"
3.01.80,3,3.01,80,EU06,Ionisches Meer,Ionisches Meer,"In the Ionian sea there are five islands which are called Diomedeae
Event Date: 150 GR",coast section,
3.02.02,3,3.02,02,EU06,Volerius-Mündung (Vilerius-Mündung),,,coast section," A seventeenth-round, catalogue-wide sweep (2026-07-30), prompted by the user pointing out a structural blind spot in every check run so far this session: crossref_topostext.py/category_check.py only ever flag a `city` point when *that point's own* topostext phrase contains a coastal keyword - Sidon, Tyros and Byblos (fixed just above) have none; their own citations are bare names. The signal that they're coastal was never in their own phrase, it was in their *section*: sitting between already-correctly-classified points (a ""-Mündung"" river mouth, a ""Kap"" cape) that do carry a keyword. That's checkable without topostext at all - a section mixing coastal-family points (`coast`/`harbor`/`river_mouth`, keyword- detected from the German name) with plain `city` points, with no sea-word header of its own, is structurally suspicious on its own: Ptolemy's sections are narratively homogeneous (a coastal run OR an inland list, established as this project's whole classification premise), so a section doing both at once is far more likely to be one coastal run some of whose points merely lack their own keyword than a genuine mix.  Found 110 such sections catalogue-wide. Checked every one's full topostext text (not just the `city` points' own phrases) before adding it - looking for either confirming coastal language (promontory/harbor/river mouth/gulf/bay, a run of real coastal place-names) or a contradiction (an inland/interior framing, the same ""in the interior of Galatian Pontos"" shape that correctly ruled out a candidate earlier this session). 109 confirmed straightforwardly - a representative sample across the whole range: Lusitania's own coast continuing past the Durius fix above (Oliosipum/Lisbon, Obila - ""LUSITANIA...the mouth of the river, which flows into the Outer Sea""); the Basque/Catalan coast (`2.06.07`/`.10`/`.14`/`.15`/`.18`/`.19`/`.20` - ""Of the Autrigones: Nerva river mouth | Flaviobriga"", ""Of the Vascones: Oiasso city | Ocasso promontory of the Pyrenees""); Dalmatia (`2.16.02`/`.03`/`.05` - ""Ortopla...mouth of the Titos river...Skardona""); Macedonia and Thessaly (`3.13.05/06/12/14/15/16` - ""In Amphaxitis: Thessalonike | Echedoros river outlet"", ""In Pieria: ...Pydna | Haliakmon river outlet...Dion colonia...Peneios river outlet""); Boiotia and the Lokrians (`3.15.03/09/11` - ""In Boiotia: Aulis | Ismenos river outlet | Salganeus | Anthedon""); Messenia (`3.16.07` - ""Kyparissia city | Kyparission promontory...Pylos | Koryphasion headland | Mothone""); Crete's south coast (`3.17.03/04/07/08` - ""Description of the south side: Lissos | Tarrha...Phoinix city | Phoinikous harbor""); Mauretania/Numidia/Africa/Cyrenaica (`4.01`-`4.04`,`4.06`-`4.08`, a dozen sections - Icosium, Rusazus, Carthage's own harbor towns, ""In the Pentapolis, Berenike or Hesperides | mouth of the Lathon river""); Anatolia's Aeolis/Lykia/ Pontus coasts (`5.01`-`5.14`, another dozen - ""Patara | Antiphellos | Andriake...Olympos city | Phaselis""); the Levant's own continuation past the Phoenicia fix (`5.16.02` - Kaisareia, Apollonia, Ioppe/Jaffa, Azotos, Askalon, Anthedon, already-`harbor` Gaza/Iamnia ports between them); the Persian Gulf coast of Babylonia/Susiane/Persis (`5.20.05`,`6.02.02`-`6.04.02` - ""this coast is described as follows: the western mouth of the Tigris river...""); and India's own Malabar/Coromandel/Ganges-delta coasts (`7.01`/`7.02`/`7.03`/`7.04`, the largest single cluster - ""(Ariake) of the Pirates. Mandagara..."", ""Maisolia. Mouth of the River Maisolos..."", ""Mouths of the Ganges...""). One candidate, `3.05.14`, was excluded: its own `city` point (""Nördlicher Endpunkt"") is ""the southern limit of Sarmatia at the *sources* of the Tanais river"" - a river-source boundary marker at the opposite end from this section's real coastal points (the Tanais' two mouths), the same shape as the Durius/Anas fixes above, not a coastal gap - left as `city`, worth a closer individual look later if it turns out to need one."
3.02.03,3,3.02,03,EU06,Kap Attius (Kap Cattius),,,coast section," A seventeenth-round, catalogue-wide sweep (2026-07-30), prompted by the user pointing out a structural blind spot in every check run so far this session: crossref_topostext.py/category_check.py only ever flag a `city` point when *that point's own* topostext phrase contains a coastal keyword - Sidon, Tyros and Byblos (fixed just above) have none; their own citations are bare names. The signal that they're coastal was never in their own phrase, it was in their *section*: sitting between already-correctly-classified points (a ""-Mündung"" river mouth, a ""Kap"" cape) that do carry a keyword. That's checkable without topostext at all - a section mixing coastal-family points (`coast`/`harbor`/`river_mouth`, keyword- detected from the German name) with plain `city` points, with no sea-word header of its own, is structurally suspicious on its own: Ptolemy's sections are narratively homogeneous (a coastal run OR an inland list, established as this project's whole classification premise), so a section doing both at once is far more likely to be one coastal run some of whose points merely lack their own keyword than a genuine mix.  Found 110 such sections catalogue-wide. Checked every one's full topostext text (not just the `city` points' own phrases) before adding it - looking for either confirming coastal language (promontory/harbor/river mouth/gulf/bay, a run of real coastal place-names) or a contradiction (an inland/interior framing, the same ""in the interior of Galatian Pontos"" shape that correctly ruled out a candidate earlier this session). 109 confirmed straightforwardly - a representative sample across the whole range: Lusitania's own coast continuing past the Durius fix above (Oliosipum/Lisbon, Obila - ""LUSITANIA...the mouth of the river, which flows into the Outer Sea""); the Basque/Catalan coast (`2.06.07`/`.10`/`.14`/`.15`/`.18`/`.19`/`.20` - ""Of the Autrigones: Nerva river mouth | Flaviobriga"", ""Of the Vascones: Oiasso city | Ocasso promontory of the Pyrenees""); Dalmatia (`2.16.02`/`.03`/`.05` - ""Ortopla...mouth of the Titos river...Skardona""); Macedonia and Thessaly (`3.13.05/06/12/14/15/16` - ""In Amphaxitis: Thessalonike | Echedoros river outlet"", ""In Pieria: ...Pydna | Haliakmon river outlet...Dion colonia...Peneios river outlet""); Boiotia and the Lokrians (`3.15.03/09/11` - ""In Boiotia: Aulis | Ismenos river outlet | Salganeus | Anthedon""); Messenia (`3.16.07` - ""Kyparissia city | Kyparission promontory...Pylos | Koryphasion headland | Mothone""); Crete's south coast (`3.17.03/04/07/08` - ""Description of the south side: Lissos | Tarrha...Phoinix city | Phoinikous harbor""); Mauretania/Numidia/Africa/Cyrenaica (`4.01`-`4.04`,`4.06`-`4.08`, a dozen sections - Icosium, Rusazus, Carthage's own harbor towns, ""In the Pentapolis, Berenike or Hesperides | mouth of the Lathon river""); Anatolia's Aeolis/Lykia/ Pontus coasts (`5.01`-`5.14`, another dozen - ""Patara | Antiphellos | Andriake...Olympos city | Phaselis""); the Levant's own continuation past the Phoenicia fix (`5.16.02` - Kaisareia, Apollonia, Ioppe/Jaffa, Azotos, Askalon, Anthedon, already-`harbor` Gaza/Iamnia ports between them); the Persian Gulf coast of Babylonia/Susiane/Persis (`5.20.05`,`6.02.02`-`6.04.02` - ""this coast is described as follows: the western mouth of the Tigris river...""); and India's own Malabar/Coromandel/Ganges-delta coasts (`7.01`/`7.02`/`7.03`/`7.04`, the largest single cluster - ""(Ariake) of the Pirates. Mandagara..."", ""Maisolia. Mouth of the River Maisolos..."", ""Mouths of the Ganges...""). One candidate, `3.05.14`, was excluded: its own `city` point (""Nördlicher Endpunkt"") is ""the southern limit of Sarmatia at the *sources* of the Tanais river"" - a river-source boundary marker at the opposite end from this section's real coastal points (the Tanais' two mouths), the same shape as the Durius/Anas fixes above, not a coastal gap - left as `city`, worth a closer individual look later if it turns out to need one."
3.02.04,3,3.02,04,EU06,Palla,,,coast section," A seventeenth-round, catalogue-wide sweep (2026-07-30), prompted by the user pointing out a structural blind spot in every check run so far this session: crossref_topostext.py/category_check.py only ever flag a `city` point when *that point's own* topostext phrase contains a coastal keyword - Sidon, Tyros and Byblos (fixed just above) have none; their own citations are bare names. The signal that they're coastal was never in their own phrase, it was in their *section*: sitting between already-correctly-classified points (a ""-Mündung"" river mouth, a ""Kap"" cape) that do carry a keyword. That's checkable without topostext at all - a section mixing coastal-family points (`coast`/`harbor`/`river_mouth`, keyword- detected from the German name) with plain `city` points, with no sea-word header of its own, is structurally suspicious on its own: Ptolemy's sections are narratively homogeneous (a coastal run OR an inland list, established as this project's whole classification premise), so a section doing both at once is far more likely to be one coastal run some of whose points merely lack their own keyword than a genuine mix.  Found 110 such sections catalogue-wide. Checked every one's full topostext text (not just the `city` points' own phrases) before adding it - looking for either confirming coastal language (promontory/harbor/river mouth/gulf/bay, a run of real coastal place-names) or a contradiction (an inland/interior framing, the same ""in the interior of Galatian Pontos"" shape that correctly ruled out a candidate earlier this session). 109 confirmed straightforwardly - a representative sample across the whole range: Lusitania's own coast continuing past the Durius fix above (Oliosipum/Lisbon, Obila - ""LUSITANIA...the mouth of the river, which flows into the Outer Sea""); the Basque/Catalan coast (`2.06.07`/`.10`/`.14`/`.15`/`.18`/`.19`/`.20` - ""Of the Autrigones: Nerva river mouth | Flaviobriga"", ""Of the Vascones: Oiasso city | Ocasso promontory of the Pyrenees""); Dalmatia (`2.16.02`/`.03`/`.05` - ""Ortopla...mouth of the Titos river...Skardona""); Macedonia and Thessaly (`3.13.05/06/12/14/15/16` - ""In Amphaxitis: Thessalonike | Echedoros river outlet"", ""In Pieria: ...Pydna | Haliakmon river outlet...Dion colonia...Peneios river outlet""); Boiotia and the Lokrians (`3.15.03/09/11` - ""In Boiotia: Aulis | Ismenos river outlet | Salganeus | Anthedon""); Messenia (`3.16.07` - ""Kyparissia city | Kyparission promontory...Pylos | Koryphasion headland | Mothone""); Crete's south coast (`3.17.03/04/07/08` - ""Description of the south side: Lissos | Tarrha...Phoinix city | Phoinikous harbor""); Mauretania/Numidia/Africa/Cyrenaica (`4.01`-`4.04`,`4.06`-`4.08`, a dozen sections - Icosium, Rusazus, Carthage's own harbor towns, ""In the Pentapolis, Berenike or Hesperides | mouth of the Lathon river""); Anatolia's Aeolis/Lykia/ Pontus coasts (`5.01`-`5.14`, another dozen - ""Patara | Antiphellos | Andriake...Olympos city | Phaselis""); the Levant's own continuation past the Phoenicia fix (`5.16.02` - Kaisareia, Apollonia, Ioppe/Jaffa, Azotos, Askalon, Anthedon, already-`harbor` Gaza/Iamnia ports between them); the Persian Gulf coast of Babylonia/Susiane/Persis (`5.20.05`,`6.02.02`-`6.04.02` - ""this coast is described as follows: the western mouth of the Tigris river...""); and India's own Malabar/Coromandel/Ganges-delta coasts (`7.01`/`7.02`/`7.03`/`7.04`, the largest single cluster - ""(Ariake) of the Pirates. Mandagara..."", ""Maisolia. Mouth of the River Maisolos..."", ""Mouths of the Ganges...""). One candidate, `3.05.14`, was excluded: its own `city` point (""Nördlicher Endpunkt"") is ""the southern limit of Sarmatia at the *sources* of the Tanais river"" - a river-source boundary marker at the opposite end from this section's real coastal points (the Tanais' two mouths), the same shape as the Durius/Anas fixes above, not a coastal gap - left as `city`, worth a closer individual look later if it turns out to need one."
3.02.05,3,3.02,05,EU06,Heiliger Fluss (Mündung),,,coast section," A seventeenth-round, catalogue-wide sweep (2026-07-30), prompted by the user pointing out a structural blind spot in every check run so far this session: crossref_topostext.py/category_check.py only ever flag a `city` point when *that point's own* topostext phrase contains a coastal keyword - Sidon, Tyros and Byblos (fixed just above) have none; their own citations are bare names. The signal that they're coastal was never in their own phrase, it was in their *section*: sitting between already-correctly-classified points (a ""-Mündung"" river mouth, a ""Kap"" cape) that do carry a keyword. That's checkable without topostext at all - a section mixing coastal-family points (`coast`/`harbor`/`river_mouth`, keyword- detected from the German name) with plain `city` points, with no sea-word header of its own, is structurally suspicious on its own: Ptolemy's sections are narratively homogeneous (a coastal run OR an inland list, established as this project's whole classification premise), so a section doing both at once is far more likely to be one coastal run some of whose points merely lack their own keyword than a genuine mix.  Found 110 such sections catalogue-wide. Checked every one's full topostext text (not just the `city` points' own phrases) before adding it - looking for either confirming coastal language (promontory/harbor/river mouth/gulf/bay, a run of real coastal place-names) or a contradiction (an inland/interior framing, the same ""in the interior of Galatian Pontos"" shape that correctly ruled out a candidate earlier this session). 109 confirmed straightforwardly - a representative sample across the whole range: Lusitania's own coast continuing past the Durius fix above (Oliosipum/Lisbon, Obila - ""LUSITANIA...the mouth of the river, which flows into the Outer Sea""); the Basque/Catalan coast (`2.06.07`/`.10`/`.14`/`.15`/`.18`/`.19`/`.20` - ""Of the Autrigones: Nerva river mouth | Flaviobriga"", ""Of the Vascones: Oiasso city | Ocasso promontory of the Pyrenees""); Dalmatia (`2.16.02`/`.03`/`.05` - ""Ortopla...mouth of the Titos river...Skardona""); Macedonia and Thessaly (`3.13.05/06/12/14/15/16` - ""In Amphaxitis: Thessalonike | Echedoros river outlet"", ""In Pieria: ...Pydna | Haliakmon river outlet...Dion colonia...Peneios river outlet""); Boiotia and the Lokrians (`3.15.03/09/11` - ""In Boiotia: Aulis | Ismenos river outlet | Salganeus | Anthedon""); Messenia (`3.16.07` - ""Kyparissia city | Kyparission promontory...Pylos | Koryphasion headland | Mothone""); Crete's south coast (`3.17.03/04/07/08` - ""Description of the south side: Lissos | Tarrha...Phoinix city | Phoinikous harbor""); Mauretania/Numidia/Africa/Cyrenaica (`4.01`-`4.04`,`4.06`-`4.08`, a dozen sections - Icosium, Rusazus, Carthage's own harbor towns, ""In the Pentapolis, Berenike or Hesperides | mouth of the Lathon river""); Anatolia's Aeolis/Lykia/ Pontus coasts (`5.01`-`5.14`, another dozen - ""Patara | Antiphellos | Andriake...Olympos city | Phaselis""); the Levant's own continuation past the Phoenicia fix (`5.16.02` - Kaisareia, Apollonia, Ioppe/Jaffa, Azotos, Askalon, Anthedon, already-`harbor` Gaza/Iamnia ports between them); the Persian Gulf coast of Babylonia/Susiane/Persis (`5.20.05`,`6.02.02`-`6.04.02` - ""this coast is described as follows: the western mouth of the Tigris river...""); and India's own Malabar/Coromandel/Ganges-delta coasts (`7.01`/`7.02`/`7.03`/`7.04`, the largest single cluster - ""(Ariake) of the Pirates. Mandagara..."", ""Maisolia. Mouth of the River Maisolos..."", ""Mouths of the Ganges...""). One candidate, `3.05.14`, was excluded: its own `city` point (""Nördlicher Endpunkt"") is ""the southern limit of Sarmatia at the *sources* of the Tanais river"" - a river-source boundary marker at the opposite end from this section's real coastal points (the Tanais' two mouths), the same shape as the Durius/Anas fixes above, not a coastal gap - left as `city`, worth a closer individual look later if it turns out to need one."
3.02.06,3,3.02,06,EU06,Cerviner (Merviner),Cerviner (Merviner) | Titianer | Balatiner (Balatoner) | Vanaciner | Cilebensier (Scilebensier) | Licniner | Macriner | Opiner | Symbrer (Sibrer) | Coymasener (Cubasaner) | Subasaner (Tebusaner),,inland,
3.02.07,3,3.02,07,EU06,Ropicum,,,inland,
3.03.02,3,3.03,02,EU07,Gorditanisches Kap,,,coast section,"A wide batch found by the same systematic topostext-disagreement review, each independently confirmed the same way: a plain-named harbor town or headland sitting in `city`, whose section has no sea-word header of its own but whose topostext citation both names it a harbor/port *and* sits in an unbroken run of coastal citations (river mouths, capes, other harbors) either side of it in the same section - the same ""province/tribe name instead of sea name"" header gap already fixed many times this session, just not yet swept outside the regions checked so far: [Sardinia, explicitly ""Description of the coast...west side"": Nymphaeum/Korakodes harbors among capes and river mouths]"
3.03.03,3,3.03,03,EU07,Pupulum,,,coast section,"A wide batch found by the same systematic topostext-disagreement review, each independently confirmed the same way: a plain-named harbor town or headland sitting in `city`, whose section has no sea-word header of its own but whose topostext citation both names it a harbor/port *and* sits in an unbroken run of coastal citations (river mouths, capes, other harbors) either side of it in the same section - the same ""province/tribe name instead of sea name"" header gap already fixed many times this session, just not yet swept outside the regions checked so far: [Sardinia, ""Description of the southern side"": Sulci/Bithia harbors among capes]"
3.03.04,3,3.03,04,EU07,Kap Carales,,,coast section,"A wide batch found by the same systematic topostext-disagreement review, each independently confirmed the same way: a plain-named harbor town or headland sitting in `city`, whose section has no sea-word header of its own but whose topostext citation both names it a harbor/port *and* sits in an unbroken run of coastal citations (river mouths, capes, other harbors) either side of it in the same section - the same ""province/tribe name instead of sea name"" header gap already fixed many times this session, just not yet swept outside the regions checked so far: [Sardinia, ""Description of the eastern side"": Sulpicius/Olbian harbors among capes and river mouths]"
3.03.05,3,3.03,05,EU07,Kap Errebantium (Kap Serrebantium),,,coast section," A seventeenth-round, catalogue-wide sweep (2026-07-30), prompted by the user pointing out a structural blind spot in every check run so far this session: crossref_topostext.py/category_check.py only ever flag a `city` point when *that point's own* topostext phrase contains a coastal keyword - Sidon, Tyros and Byblos (fixed just above) have none; their own citations are bare names. The signal that they're coastal was never in their own phrase, it was in their *section*: sitting between already-correctly-classified points (a ""-Mündung"" river mouth, a ""Kap"" cape) that do carry a keyword. That's checkable without topostext at all - a section mixing coastal-family points (`coast`/`harbor`/`river_mouth`, keyword- detected from the German name) with plain `city` points, with no sea-word header of its own, is structurally suspicious on its own: Ptolemy's sections are narratively homogeneous (a coastal run OR an inland list, established as this project's whole classification premise), so a section doing both at once is far more likely to be one coastal run some of whose points merely lack their own keyword than a genuine mix.  Found 110 such sections catalogue-wide. Checked every one's full topostext text (not just the `city` points' own phrases) before adding it - looking for either confirming coastal language (promontory/harbor/river mouth/gulf/bay, a run of real coastal place-names) or a contradiction (an inland/interior framing, the same ""in the interior of Galatian Pontos"" shape that correctly ruled out a candidate earlier this session). 109 confirmed straightforwardly - a representative sample across the whole range: Lusitania's own coast continuing past the Durius fix above (Oliosipum/Lisbon, Obila - ""LUSITANIA...the mouth of the river, which flows into the Outer Sea""); the Basque/Catalan coast (`2.06.07`/`.10`/`.14`/`.15`/`.18`/`.19`/`.20` - ""Of the Autrigones: Nerva river mouth | Flaviobriga"", ""Of the Vascones: Oiasso city | Ocasso promontory of the Pyrenees""); Dalmatia (`2.16.02`/`.03`/`.05` - ""Ortopla...mouth of the Titos river...Skardona""); Macedonia and Thessaly (`3.13.05/06/12/14/15/16` - ""In Amphaxitis: Thessalonike | Echedoros river outlet"", ""In Pieria: ...Pydna | Haliakmon river outlet...Dion colonia...Peneios river outlet""); Boiotia and the Lokrians (`3.15.03/09/11` - ""In Boiotia: Aulis | Ismenos river outlet | Salganeus | Anthedon""); Messenia (`3.16.07` - ""Kyparissia city | Kyparission promontory...Pylos | Koryphasion headland | Mothone""); Crete's south coast (`3.17.03/04/07/08` - ""Description of the south side: Lissos | Tarrha...Phoinix city | Phoinikous harbor""); Mauretania/Numidia/Africa/Cyrenaica (`4.01`-`4.04`,`4.06`-`4.08`, a dozen sections - Icosium, Rusazus, Carthage's own harbor towns, ""In the Pentapolis, Berenike or Hesperides | mouth of the Lathon river""); Anatolia's Aeolis/Lykia/ Pontus coasts (`5.01`-`5.14`, another dozen - ""Patara | Antiphellos | Andriake...Olympos city | Phaselis""); the Levant's own continuation past the Phoenicia fix (`5.16.02` - Kaisareia, Apollonia, Ioppe/Jaffa, Azotos, Askalon, Anthedon, already-`harbor` Gaza/Iamnia ports between them); the Persian Gulf coast of Babylonia/Susiane/Persis (`5.20.05`,`6.02.02`-`6.04.02` - ""this coast is described as follows: the western mouth of the Tigris river...""); and India's own Malabar/Coromandel/Ganges-delta coasts (`7.01`/`7.02`/`7.03`/`7.04`, the largest single cluster - ""(Ariake) of the Pirates. Mandagara..."", ""Maisolia. Mouth of the River Maisolos..."", ""Mouths of the Ganges...""). One candidate, `3.05.14`, was excluded: its own `city` point (""Nördlicher Endpunkt"") is ""the southern limit of Sarmatia at the *sources* of the Tanais river"" - a river-source boundary marker at the opposite end from this section's real coastal points (the Tanais' two mouths), the same shape as the Durius/Anas fixes above, not a coastal gap - left as `city`, worth a closer individual look later if it turns out to need one."
3.03.07,3,3.03,07,EU07,Ericinum (Erycinum),,,inland,
3.03.08,3,3.03,08,EU07,Sardinien,Sardinien,,island,"The following five were confirmed against topostext.org/work/209's English translation, which states outright ""the Ebuda islands..."", ""the islands which are near Albion island..."", etc. - independent of our own Modern_location-based guessing. [Ilva/Nymphaea/Diabate/Ficaria/Hermaea + the already-""-Insel"" points - the islands around Sardinia (topostext: ""The islands around Sardinia are: Phintonos island..."")]"
3.04.02,3,3.04,02,EU07,Tyrrhenisches Meer,Tyrrhenisches Meer,,coast section,
3.04.03,3,3.04,03,EU07,Kalakte,,,coast section," A seventeenth-round, catalogue-wide sweep (2026-07-30), prompted by the user pointing out a structural blind spot in every check run so far this session: crossref_topostext.py/category_check.py only ever flag a `city` point when *that point's own* topostext phrase contains a coastal keyword - Sidon, Tyros and Byblos (fixed just above) have none; their own citations are bare names. The signal that they're coastal was never in their own phrase, it was in their *section*: sitting between already-correctly-classified points (a ""-Mündung"" river mouth, a ""Kap"" cape) that do carry a keyword. That's checkable without topostext at all - a section mixing coastal-family points (`coast`/`harbor`/`river_mouth`, keyword- detected from the German name) with plain `city` points, with no sea-word header of its own, is structurally suspicious on its own: Ptolemy's sections are narratively homogeneous (a coastal run OR an inland list, established as this project's whole classification premise), so a section doing both at once is far more likely to be one coastal run some of whose points merely lack their own keyword than a genuine mix.  Found 110 such sections catalogue-wide. Checked every one's full topostext text (not just the `city` points' own phrases) before adding it - looking for either confirming coastal language (promontory/harbor/river mouth/gulf/bay, a run of real coastal place-names) or a contradiction (an inland/interior framing, the same ""in the interior of Galatian Pontos"" shape that correctly ruled out a candidate earlier this session). 109 confirmed straightforwardly - a representative sample across the whole range: Lusitania's own coast continuing past the Durius fix above (Oliosipum/Lisbon, Obila - ""LUSITANIA...the mouth of the river, which flows into the Outer Sea""); the Basque/Catalan coast (`2.06.07`/`.10`/`.14`/`.15`/`.18`/`.19`/`.20` - ""Of the Autrigones: Nerva river mouth | Flaviobriga"", ""Of the Vascones: Oiasso city | Ocasso promontory of the Pyrenees""); Dalmatia (`2.16.02`/`.03`/`.05` - ""Ortopla...mouth of the Titos river...Skardona""); Macedonia and Thessaly (`3.13.05/06/12/14/15/16` - ""In Amphaxitis: Thessalonike | Echedoros river outlet"", ""In Pieria: ...Pydna | Haliakmon river outlet...Dion colonia...Peneios river outlet""); Boiotia and the Lokrians (`3.15.03/09/11` - ""In Boiotia: Aulis | Ismenos river outlet | Salganeus | Anthedon""); Messenia (`3.16.07` - ""Kyparissia city | Kyparission promontory...Pylos | Koryphasion headland | Mothone""); Crete's south coast (`3.17.03/04/07/08` - ""Description of the south side: Lissos | Tarrha...Phoinix city | Phoinikous harbor""); Mauretania/Numidia/Africa/Cyrenaica (`4.01`-`4.04`,`4.06`-`4.08`, a dozen sections - Icosium, Rusazus, Carthage's own harbor towns, ""In the Pentapolis, Berenike or Hesperides | mouth of the Lathon river""); Anatolia's Aeolis/Lykia/ Pontus coasts (`5.01`-`5.14`, another dozen - ""Patara | Antiphellos | Andriake...Olympos city | Phaselis""); the Levant's own continuation past the Phoenicia fix (`5.16.02` - Kaisareia, Apollonia, Ioppe/Jaffa, Azotos, Askalon, Anthedon, already-`harbor` Gaza/Iamnia ports between them); the Persian Gulf coast of Babylonia/Susiane/Persis (`5.20.05`,`6.02.02`-`6.04.02` - ""this coast is described as follows: the western mouth of the Tigris river...""); and India's own Malabar/Coromandel/Ganges-delta coasts (`7.01`/`7.02`/`7.03`/`7.04`, the largest single cluster - ""(Ariake) of the Pirates. Mandagara..."", ""Maisolia. Mouth of the River Maisolos..."", ""Mouths of the Ganges...""). One candidate, `3.05.14`, was excluded: its own `city` point (""Nördlicher Endpunkt"") is ""the southern limit of Sarmatia at the *sources* of the Tanais river"" - a river-source boundary marker at the opposite end from this section's real coastal points (the Tanais' two mouths), the same shape as the Durius/Anas fixes above, not a coastal gap - left as `city`, worth a closer individual look later if it turns out to need one."
3.04.04,3,3.04,04,EU07,Ketaria,,,coast section," A seventeenth-round, catalogue-wide sweep (2026-07-30), prompted by the user pointing out a structural blind spot in every check run so far this session: crossref_topostext.py/category_check.py only ever flag a `city` point when *that point's own* topostext phrase contains a coastal keyword - Sidon, Tyros and Byblos (fixed just above) have none; their own citations are bare names. The signal that they're coastal was never in their own phrase, it was in their *section*: sitting between already-correctly-classified points (a ""-Mündung"" river mouth, a ""Kap"" cape) that do carry a keyword. That's checkable without topostext at all - a section mixing coastal-family points (`coast`/`harbor`/`river_mouth`, keyword- detected from the German name) with plain `city` points, with no sea-word header of its own, is structurally suspicious on its own: Ptolemy's sections are narratively homogeneous (a coastal run OR an inland list, established as this project's whole classification premise), so a section doing both at once is far more likely to be one coastal run some of whose points merely lack their own keyword than a genuine mix.  Found 110 such sections catalogue-wide. Checked every one's full topostext text (not just the `city` points' own phrases) before adding it - looking for either confirming coastal language (promontory/harbor/river mouth/gulf/bay, a run of real coastal place-names) or a contradiction (an inland/interior framing, the same ""in the interior of Galatian Pontos"" shape that correctly ruled out a candidate earlier this session). 109 confirmed straightforwardly - a representative sample across the whole range: Lusitania's own coast continuing past the Durius fix above (Oliosipum/Lisbon, Obila - ""LUSITANIA...the mouth of the river, which flows into the Outer Sea""); the Basque/Catalan coast (`2.06.07`/`.10`/`.14`/`.15`/`.18`/`.19`/`.20` - ""Of the Autrigones: Nerva river mouth | Flaviobriga"", ""Of the Vascones: Oiasso city | Ocasso promontory of the Pyrenees""); Dalmatia (`2.16.02`/`.03`/`.05` - ""Ortopla...mouth of the Titos river...Skardona""); Macedonia and Thessaly (`3.13.05/06/12/14/15/16` - ""In Amphaxitis: Thessalonike | Echedoros river outlet"", ""In Pieria: ...Pydna | Haliakmon river outlet...Dion colonia...Peneios river outlet""); Boiotia and the Lokrians (`3.15.03/09/11` - ""In Boiotia: Aulis | Ismenos river outlet | Salganeus | Anthedon""); Messenia (`3.16.07` - ""Kyparissia city | Kyparission promontory...Pylos | Koryphasion headland | Mothone""); Crete's south coast (`3.17.03/04/07/08` - ""Description of the south side: Lissos | Tarrha...Phoinix city | Phoinikous harbor""); Mauretania/Numidia/Africa/Cyrenaica (`4.01`-`4.04`,`4.06`-`4.08`, a dozen sections - Icosium, Rusazus, Carthage's own harbor towns, ""In the Pentapolis, Berenike or Hesperides | mouth of the Lathon river""); Anatolia's Aeolis/Lykia/ Pontus coasts (`5.01`-`5.14`, another dozen - ""Patara | Antiphellos | Andriake...Olympos city | Phaselis""); the Levant's own continuation past the Phoenicia fix (`5.16.02` - Kaisareia, Apollonia, Ioppe/Jaffa, Azotos, Askalon, Anthedon, already-`harbor` Gaza/Iamnia ports between them); the Persian Gulf coast of Babylonia/Susiane/Persis (`5.20.05`,`6.02.02`-`6.04.02` - ""this coast is described as follows: the western mouth of the Tigris river...""); and India's own Malabar/Coromandel/Ganges-delta coasts (`7.01`/`7.02`/`7.03`/`7.04`, the largest single cluster - ""(Ariake) of the Pirates. Mandagara..."", ""Maisolia. Mouth of the River Maisolos..."", ""Mouths of the Ganges...""). One candidate, `3.05.14`, was excluded: its own `city` point (""Nördlicher Endpunkt"") is ""the southern limit of Sarmatia at the *sources* of the Tanais river"" - a river-source boundary marker at the opposite end from this section's real coastal points (the Tanais' two mouths), the same shape as the Durius/Anas fixes above, not a coastal gap - left as `city`, worth a closer individual look later if it turns out to need one."
3.04.05,3,3.04,05,EU07,Afrikanisches Meer,Afrikanisches Meer,,coast section,
3.04.06,3,3.04,06,EU07,Isburos-Mündung,,,coast section," A seventeenth-round, catalogue-wide sweep (2026-07-30), prompted by the user pointing out a structural blind spot in every check run so far this session: crossref_topostext.py/category_check.py only ever flag a `city` point when *that point's own* topostext phrase contains a coastal keyword - Sidon, Tyros and Byblos (fixed just above) have none; their own citations are bare names. The signal that they're coastal was never in their own phrase, it was in their *section*: sitting between already-correctly-classified points (a ""-Mündung"" river mouth, a ""Kap"" cape) that do carry a keyword. That's checkable without topostext at all - a section mixing coastal-family points (`coast`/`harbor`/`river_mouth`, keyword- detected from the German name) with plain `city` points, with no sea-word header of its own, is structurally suspicious on its own: Ptolemy's sections are narratively homogeneous (a coastal run OR an inland list, established as this project's whole classification premise), so a section doing both at once is far more likely to be one coastal run some of whose points merely lack their own keyword than a genuine mix.  Found 110 such sections catalogue-wide. Checked every one's full topostext text (not just the `city` points' own phrases) before adding it - looking for either confirming coastal language (promontory/harbor/river mouth/gulf/bay, a run of real coastal place-names) or a contradiction (an inland/interior framing, the same ""in the interior of Galatian Pontos"" shape that correctly ruled out a candidate earlier this session). 109 confirmed straightforwardly - a representative sample across the whole range: Lusitania's own coast continuing past the Durius fix above (Oliosipum/Lisbon, Obila - ""LUSITANIA...the mouth of the river, which flows into the Outer Sea""); the Basque/Catalan coast (`2.06.07`/`.10`/`.14`/`.15`/`.18`/`.19`/`.20` - ""Of the Autrigones: Nerva river mouth | Flaviobriga"", ""Of the Vascones: Oiasso city | Ocasso promontory of the Pyrenees""); Dalmatia (`2.16.02`/`.03`/`.05` - ""Ortopla...mouth of the Titos river...Skardona""); Macedonia and Thessaly (`3.13.05/06/12/14/15/16` - ""In Amphaxitis: Thessalonike | Echedoros river outlet"", ""In Pieria: ...Pydna | Haliakmon river outlet...Dion colonia...Peneios river outlet""); Boiotia and the Lokrians (`3.15.03/09/11` - ""In Boiotia: Aulis | Ismenos river outlet | Salganeus | Anthedon""); Messenia (`3.16.07` - ""Kyparissia city | Kyparission promontory...Pylos | Koryphasion headland | Mothone""); Crete's south coast (`3.17.03/04/07/08` - ""Description of the south side: Lissos | Tarrha...Phoinix city | Phoinikous harbor""); Mauretania/Numidia/Africa/Cyrenaica (`4.01`-`4.04`,`4.06`-`4.08`, a dozen sections - Icosium, Rusazus, Carthage's own harbor towns, ""In the Pentapolis, Berenike or Hesperides | mouth of the Lathon river""); Anatolia's Aeolis/Lykia/ Pontus coasts (`5.01`-`5.14`, another dozen - ""Patara | Antiphellos | Andriake...Olympos city | Phaselis""); the Levant's own continuation past the Phoenicia fix (`5.16.02` - Kaisareia, Apollonia, Ioppe/Jaffa, Azotos, Askalon, Anthedon, already-`harbor` Gaza/Iamnia ports between them); the Persian Gulf coast of Babylonia/Susiane/Persis (`5.20.05`,`6.02.02`-`6.04.02` - ""this coast is described as follows: the western mouth of the Tigris river...""); and India's own Malabar/Coromandel/Ganges-delta coasts (`7.01`/`7.02`/`7.03`/`7.04`, the largest single cluster - ""(Ariake) of the Pirates. Mandagara..."", ""Maisolia. Mouth of the River Maisolos..."", ""Mouths of the Ganges...""). One candidate, `3.05.14`, was excluded: its own `city` point (""Nördlicher Endpunkt"") is ""the southern limit of Sarmatia at the *sources* of the Tanais river"" - a river-source boundary marker at the opposite end from this section's real coastal points (the Tanais' two mouths), the same shape as the Durius/Anas fixes above, not a coastal gap - left as `city`, worth a closer individual look later if it turns out to need one."
3.04.07,3,3.04,07,EU07,Himeras-Mündung,,,coast section,"A wide batch found by the same systematic topostext-disagreement review, each independently confirmed the same way: a plain-named harbor town or headland sitting in `city`, whose section has no sea-word header of its own but whose topostext citation both names it a harbor/port *and* sits in an unbroken run of coastal citations (river mouths, capes, other harbors) either side of it in the same section - the same ""province/tribe name instead of sea name"" header gap already fixed many times this session, just not yet swept outside the regions checked so far: [Sicily: river mouths and promontories either side of Kaukana harbor]"
3.04.08,3,3.04,08,EU07,Adriatisches Meer,Adriatisches Meer,,coast section,
3.04.09,3,3.04,09,EU07,Syrakusai,,,coast section,"Found by an independent second pass: building a standalone category guess purely from topostext's own wording (category_check.py, no access to the catalogue's category, name, or any exception list) and comparing it to the catalogue's category surfaced a few more instances of the same gap the batch above missed: [Sicily's own east coast: ""Syrakousai...Tauros promontory...Katane...Symaithos river mouth...Tauromenion...Argennon promontory...Messene in the strait""]"
3.04.10,3,3.04,10,EU07,Aitne,,The celebrated mountains in the island are:  Aetne .,inland,
3.04.12,3,3.04,12,EU07,Sizilien,Sizilien,The inland cities of Sicily are:  Kapition .,inland,
3.04.13,3,3.04,13,EU07,Kentoripa*,,Kentouripai .,inland,
3.04.14,3,3.04,14,EU07,Enna,,Enna .,inland,
3.04.15,3,3.04,15,EU07,Segesta*,,Segesta .,inland,
3.04.16,3,3.04,16,EU07,Sizilien,Sizilien,And the islands located around Sicilyand near it are:  Didyme island .,island,"The following five were confirmed against topostext.org/work/209's English translation, which states outright ""the Ebuda islands..."", ""the islands which are near Albion island..."", etc. - independent of our own Modern_location-based guessing. [Didyme/Hikesia/Erikodes/Phoinikodes/Euonymos/Lipara/Strongyle + Hephaistos-Insel - the islands around Sicily (topostext: ""the islands located around Sicily...are: Didyme island..."")]"
3.04.17,3,3.04,17,EU07,Ustika,,Ustica island and city .,island,"The following five were confirmed against topostext.org/work/209's English translation, which states outright ""the Ebuda islands..."", ""the islands which are near Albion island..."", etc. - independent of our own Modern_location-based guessing. [Ustika/Osteodes/Phorbantia/Aigusa/Hiera/Pakonia + Aiolos-Insel - more islands around Sicily, continuing 3.04.16]"
3.05.02,3,3.05,02,EU08,Vistula-Mündung,,,inland,
3.05.03,3,3.05,03,EU08,Küstenpunkt auf dem Parallel von Thule,,,inland,
3.05.04,3,3.05,04,EU08,Tanaïs-Quellen,Tanaïs-Quellen,,inland,
3.05.06,3,3.05,06,EU08,Ausgewanderte Iazygen,Ausgewanderte Iazygen | Dakien | Borysthenes-Mündung | Pontos Euxeinos | Karkinites,,inland,
3.05.07,3,3.05,07,EU08,Borysthenes-Mündung,,,coast section," A seventeenth-round, catalogue-wide sweep (2026-07-30), prompted by the user pointing out a structural blind spot in every check run so far this session: crossref_topostext.py/category_check.py only ever flag a `city` point when *that point's own* topostext phrase contains a coastal keyword - Sidon, Tyros and Byblos (fixed just above) have none; their own citations are bare names. The signal that they're coastal was never in their own phrase, it was in their *section*: sitting between already-correctly-classified points (a ""-Mündung"" river mouth, a ""Kap"" cape) that do carry a keyword. That's checkable without topostext at all - a section mixing coastal-family points (`coast`/`harbor`/`river_mouth`, keyword- detected from the German name) with plain `city` points, with no sea-word header of its own, is structurally suspicious on its own: Ptolemy's sections are narratively homogeneous (a coastal run OR an inland list, established as this project's whole classification premise), so a section doing both at once is far more likely to be one coastal run some of whose points merely lack their own keyword than a genuine mix.  Found 110 such sections catalogue-wide. Checked every one's full topostext text (not just the `city` points' own phrases) before adding it - looking for either confirming coastal language (promontory/harbor/river mouth/gulf/bay, a run of real coastal place-names) or a contradiction (an inland/interior framing, the same ""in the interior of Galatian Pontos"" shape that correctly ruled out a candidate earlier this session). 109 confirmed straightforwardly - a representative sample across the whole range: Lusitania's own coast continuing past the Durius fix above (Oliosipum/Lisbon, Obila - ""LUSITANIA...the mouth of the river, which flows into the Outer Sea""); the Basque/Catalan coast (`2.06.07`/`.10`/`.14`/`.15`/`.18`/`.19`/`.20` - ""Of the Autrigones: Nerva river mouth | Flaviobriga"", ""Of the Vascones: Oiasso city | Ocasso promontory of the Pyrenees""); Dalmatia (`2.16.02`/`.03`/`.05` - ""Ortopla...mouth of the Titos river...Skardona""); Macedonia and Thessaly (`3.13.05/06/12/14/15/16` - ""In Amphaxitis: Thessalonike | Echedoros river outlet"", ""In Pieria: ...Pydna | Haliakmon river outlet...Dion colonia...Peneios river outlet""); Boiotia and the Lokrians (`3.15.03/09/11` - ""In Boiotia: Aulis | Ismenos river outlet | Salganeus | Anthedon""); Messenia (`3.16.07` - ""Kyparissia city | Kyparission promontory...Pylos | Koryphasion headland | Mothone""); Crete's south coast (`3.17.03/04/07/08` - ""Description of the south side: Lissos | Tarrha...Phoinix city | Phoinikous harbor""); Mauretania/Numidia/Africa/Cyrenaica (`4.01`-`4.04`,`4.06`-`4.08`, a dozen sections - Icosium, Rusazus, Carthage's own harbor towns, ""In the Pentapolis, Berenike or Hesperides | mouth of the Lathon river""); Anatolia's Aeolis/Lykia/ Pontus coasts (`5.01`-`5.14`, another dozen - ""Patara | Antiphellos | Andriake...Olympos city | Phaselis""); the Levant's own continuation past the Phoenicia fix (`5.16.02` - Kaisareia, Apollonia, Ioppe/Jaffa, Azotos, Askalon, Anthedon, already-`harbor` Gaza/Iamnia ports between them); the Persian Gulf coast of Babylonia/Susiane/Persis (`5.20.05`,`6.02.02`-`6.04.02` - ""this coast is described as follows: the western mouth of the Tigris river...""); and India's own Malabar/Coromandel/Ganges-delta coasts (`7.01`/`7.02`/`7.03`/`7.04`, the largest single cluster - ""(Ariake) of the Pirates. Mandagara..."", ""Maisolia. Mouth of the River Maisolos..."", ""Mouths of the Ganges...""). One candidate, `3.05.14`, was excluded: its own `city` point (""Nördlicher Endpunkt"") is ""the southern limit of Sarmatia at the *sources* of the Tanais river"" - a river-source boundary marker at the opposite end from this section's real coastal points (the Tanais' two mouths), the same shape as the Durius/Anas fixes above, not a coastal gap - left as `city`, worth a closer individual look later if it turns out to need one."
3.05.08,3,3.05,08,EU08,Heiliges Kap (westliches Kap des Dromos des Achill),,,coast section," A seventeenth-round, catalogue-wide sweep (2026-07-30), prompted by the user pointing out a structural blind spot in every check run so far this session: crossref_topostext.py/category_check.py only ever flag a `city` point when *that point's own* topostext phrase contains a coastal keyword - Sidon, Tyros and Byblos (fixed just above) have none; their own citations are bare names. The signal that they're coastal was never in their own phrase, it was in their *section*: sitting between already-correctly-classified points (a ""-Mündung"" river mouth, a ""Kap"" cape) that do carry a keyword. That's checkable without topostext at all - a section mixing coastal-family points (`coast`/`harbor`/`river_mouth`, keyword- detected from the German name) with plain `city` points, with no sea-word header of its own, is structurally suspicious on its own: Ptolemy's sections are narratively homogeneous (a coastal run OR an inland list, established as this project's whole classification premise), so a section doing both at once is far more likely to be one coastal run some of whose points merely lack their own keyword than a genuine mix.  Found 110 such sections catalogue-wide. Checked every one's full topostext text (not just the `city` points' own phrases) before adding it - looking for either confirming coastal language (promontory/harbor/river mouth/gulf/bay, a run of real coastal place-names) or a contradiction (an inland/interior framing, the same ""in the interior of Galatian Pontos"" shape that correctly ruled out a candidate earlier this session). 109 confirmed straightforwardly - a representative sample across the whole range: Lusitania's own coast continuing past the Durius fix above (Oliosipum/Lisbon, Obila - ""LUSITANIA...the mouth of the river, which flows into the Outer Sea""); the Basque/Catalan coast (`2.06.07`/`.10`/`.14`/`.15`/`.18`/`.19`/`.20` - ""Of the Autrigones: Nerva river mouth | Flaviobriga"", ""Of the Vascones: Oiasso city | Ocasso promontory of the Pyrenees""); Dalmatia (`2.16.02`/`.03`/`.05` - ""Ortopla...mouth of the Titos river...Skardona""); Macedonia and Thessaly (`3.13.05/06/12/14/15/16` - ""In Amphaxitis: Thessalonike | Echedoros river outlet"", ""In Pieria: ...Pydna | Haliakmon river outlet...Dion colonia...Peneios river outlet""); Boiotia and the Lokrians (`3.15.03/09/11` - ""In Boiotia: Aulis | Ismenos river outlet | Salganeus | Anthedon""); Messenia (`3.16.07` - ""Kyparissia city | Kyparission promontory...Pylos | Koryphasion headland | Mothone""); Crete's south coast (`3.17.03/04/07/08` - ""Description of the south side: Lissos | Tarrha...Phoinix city | Phoinikous harbor""); Mauretania/Numidia/Africa/Cyrenaica (`4.01`-`4.04`,`4.06`-`4.08`, a dozen sections - Icosium, Rusazus, Carthage's own harbor towns, ""In the Pentapolis, Berenike or Hesperides | mouth of the Lathon river""); Anatolia's Aeolis/Lykia/ Pontus coasts (`5.01`-`5.14`, another dozen - ""Patara | Antiphellos | Andriake...Olympos city | Phaselis""); the Levant's own continuation past the Phoenicia fix (`5.16.02` - Kaisareia, Apollonia, Ioppe/Jaffa, Azotos, Askalon, Anthedon, already-`harbor` Gaza/Iamnia ports between them); the Persian Gulf coast of Babylonia/Susiane/Persis (`5.20.05`,`6.02.02`-`6.04.02` - ""this coast is described as follows: the western mouth of the Tigris river...""); and India's own Malabar/Coromandel/Ganges-delta coasts (`7.01`/`7.02`/`7.03`/`7.04`, the largest single cluster - ""(Ariake) of the Pirates. Mandagara..."", ""Maisolia. Mouth of the River Maisolos..."", ""Mouths of the Ganges...""). One candidate, `3.05.14`, was excluded: its own `city` point (""Nördlicher Endpunkt"") is ""the southern limit of Sarmatia at the *sources* of the Tanais river"" - a river-source boundary marker at the opposite end from this section's real coastal points (the Tanais' two mouths), the same shape as the Durius/Anas fixes above, not a coastal gap - left as `city`, worth a closer individual look later if it turns out to need one."
3.05.09,3,3.05,09,EU08,Taurische Chersones,Taurische Chersones,,inland,
3.05.11,3,3.05,11,EU08,Karkinites,Karkinites | Maiotis-See,"By Lake Byke the Torekkadai, by Achilleos dromos the Tauroskythai; below the Basternai toward Dacia the Tagroi, and below them the Tyragetai.
Event Date: 150 GR",coast section,"A fourth round, from a systematic edge-by-edge sweep of every coastline in the wider Black Sea/Sea of Azov region (every consecutive-point gap over ~1.8 degrees, checked one at a time against topostext and the raw section headers, per the user's request after the third round still left some ""non-neighbour"" connections) - the same header-language gap as the fixes above, just two sections these earlier passes hadn't reached yet: [Sarmatia-in-Europe's coast opens with ""Neue Festung"" (topostext: ""isthmus...toward the Karkinites river, Neon Teichos"") - the walk's own starting point, sitting in `city`]"
3.05.12,3,3.05,12,EU08,Leianon,,"Below the turn of the Tanais river the Altars of Alexander were set up, at",coast section,"A fourth round, from a systematic edge-by-edge sweep of every coastline in the wider Black Sea/Sea of Azov region (every consecutive-point gap over ~1.8 degrees, checked one at a time against topostext and the raw section headers, per the user's request after the third round still left some ""non-neighbour"" connections) - the same header-language gap as the fixes above, just two sections these earlier passes hadn't reached yet: [...continuing (topostext, by name match - this book.map's own section numbering runs well ahead of topostext's: ""Leianon city...Akra city...Gerros river mouth...Kremnoi city"") - Leianon and Akra were `city`]"
3.05.13,3,3.05,13,EU08,Kap Agaron,,"Inland cities among the rivers around the Karkinites river are, Karkina city",coast section,"A fourth round, from a systematic edge-by-edge sweep of every coastline in the wider Black Sea/Sea of Azov region (every consecutive-point gap over ~1.8 degrees, checked one at a time against topostext and the raw section headers, per the user's request after the third round still left some ""non-neighbour"" connections) - the same header-language gap as the fixes above, just two sections these earlier passes hadn't reached yet: [...continuing to the Tanais/Don (topostext: ""...Agaron promontory...Hygreis city...Karoia kome...western mouth of the Tanais"") - Kneme, Hygreis, Karoia were `city`]"
3.05.14,3,3.05,14,EU08,Unbekanntes Land,Unbekanntes Land,"Near the Borysthenes river, Azagarion",inland,
3.05.15,3,3.05,15,EU08,Europäisches Sarmatien,Europäisches Sarmatien | Europäisches Sarmatien,"and toward the fork of the Borysthenes river, Leinon city",inland,
3.05.16,3,3.05,16,EU08,Borysthenes-Quelle (südliche),,"An island lies off the mouth of the Tanais river, Alopekia or Tanais island",inland,
3.05.17,3,3.05,17,EU08,Borysthenes,Borysthenes | Tyras | Dakien | Europäisches Sarmatien,,inland,
3.05.26,3,3.05,26,EU08,Tanaïs (Biegung),Tanaïs (Biegung),,inland,
3.05.27,3,3.05,27,EU08,Karkinites,Karkinites,,inland,
3.05.28,3,3.05,28,EU08,Borysthenes,Borysthenes,,inland,
3.05.29,3,3.05,29,EU08,Axiakes,Axiakes | Borysthenes,,inland,
3.05.30,3,3.05,30,EU08,Tyras,Tyras | Dakien,,inland,
3.05.31,3,3.05,31,EU08,Tanaïs-Mündung,Tanaïs-Mündung,,inland,
3.06.02,3,3.06,02,EU08,Karkinites,Karkinites | Pontos Euxeinos,,coast section,"The root cause behind all three Black Sea fixes above, generalized: `_COASTAL_HDR_RE` only recognizes *German* sea words (""Meer""/""Golf""/ ""Ozean""/...), but this catalogue routinely heads a Pontic-region section with the *Greek* proper noun instead (""Pontos Euxeinos"", ""Propontis"", ""Kimmerischer Bosporos"") - which never matches. Reported by the user as points ""hopping and dancing"" around the Black Sea, Bosphorus and Thrace/Bithynia - not a classification problem exactly (each point's own coordinate was always right), but a *connectivity* one: with real waypoints along the shore sitting in `city` instead of `coast`, the graph had nothing to connect but the few points that did happen to match some other keyword, forcing long, geographically senseless edges between them instead of the short, orderly hops a complete coastal walk would draw. Checked every section headed by a Greek Pontic sea-name across the whole catalogue (via a regex on the header text) and triaged each one individually - most were already fine (either already `coast`, or genuinely inland, like `5.06.09`- `11`'s ""Pontos"" *province* name, Amaseia and neighbours, nowhere near the shore) or too low-impact/uncertain to act on without further verification (single boundary-point sections). These sections had a real, topostext-confirmed gap: [Crimea/Chersonesus Taurica's coast (topostext: ""...in the Pontus: Dandake...Chersonesos..."") - Eupatoria (Yevpatoria), Dandake etc.]"
3.06.03,3,3.06,03,EU08,Kap Korax,,,coast section,"A fourth round, from a systematic edge-by-edge sweep of every coastline in the wider Black Sea/Sea of Azov region (every consecutive-point gap over ~1.8 degrees, checked one at a time against topostext and the raw section headers, per the user's request after the third round still left some ""non-neighbour"" connections) - the same header-language gap as the fixes above, just two sections these earlier passes hadn't reached yet: [Crimea's coast continues past Kap Korax/Istrianos-Mündung with no header of its own - Theodosia (Feodosia) and Nymphaion were sitting in `city`, missing from the traced coastline entirely (topostext: ""...Istrianos river mouth, Theodosia, Nymphaion"" - directly between the two already-coastal sections either side)]"
3.06.04,3,3.06,04,EU08,Kimmerischer Bosporos,Kimmerischer Bosporos | Maiotis-See,,coast section,"The root cause behind all three Black Sea fixes above, generalized: `_COASTAL_HDR_RE` only recognizes *German* sea words (""Meer""/""Golf""/ ""Ozean""/...), but this catalogue routinely heads a Pontic-region section with the *Greek* proper noun instead (""Pontos Euxeinos"", ""Propontis"", ""Kimmerischer Bosporos"") - which never matches. Reported by the user as points ""hopping and dancing"" around the Black Sea, Bosphorus and Thrace/Bithynia - not a classification problem exactly (each point's own coordinate was always right), but a *connectivity* one: with real waypoints along the shore sitting in `city` instead of `coast`, the graph had nothing to connect but the few points that did happen to match some other keyword, forcing long, geographically senseless edges between them instead of the short, orderly hops a complete coastal walk would draw. Checked every section headed by a Greek Pontic sea-name across the whole catalogue (via a regex on the header text) and triaged each one individually - most were already fine (either already `coast`, or genuinely inland, like `5.06.09`- `11`'s ""Pontos"" *province* name, Amaseia and neighbours, nowhere near the shore) or too low-impact/uncertain to act on without further verification (single boundary-point sections). These sections had a real, topostext-confirmed gap: [The Cimmerian Bosphorus/Kerch strait's own coast (topostext: ""On the Cimmerian Bosphorus, Tyriktake...Pantikapaia..."") - the Bosporan Kingdom's capital]"
3.06.05,3,3.06,05,EU08,Taurische Chersones,Taurische Chersones,,inland,
3.06.06,3,3.06,06,EU08,Iluraton,,,inland,
3.07.01,3,3.07,01,EU09,Ausgewanderte Iazygen,Ausgewanderte Iazygen | Europäisches Sarmatien | Sarmatische Berge | Karpaten | Gross-Germanien | Danubios (Biegung bei Cirpi) | Cirpi | Dakien,,inland,
3.07.02,3,3.07,02,EU09,Ausgewanderte Iazygen,Ausgewanderte Iazygen,,inland,
3.08.01,3,3.08,01,EU09,Dakien,Dakien | Europäisches Sarmatien | Karpaten | Ausgewanderte Iazygen | Tibiskos | Danubios (Einmündung des Tibiskos) | Axiopolis | Pontos Euxeinos | Danubios | Ister,,inland,
3.08.02,3,3.08,02,EU09,Tibiskos (Einmündung in Danubios),Tibiskos (Einmündung in Danubios) | Dakien,,inland,
3.08.03,3,3.08,03,EU09,Dakien,Dakien | Danubios | Ister,,inland,
3.08.04,3,3.08,04,EU09,Dakien,Dakien | Ister | Dinogeteia | Hierasos,,inland,
3.08.06,3,3.08,06,EU09,Dakien,Dakien,,inland,
3.08.07,3,3.08,07,EU09,Petrodava,,,inland,
3.08.08,3,3.08,08,EU09,Ziridava,,,inland,
3.08.09,3,3.08,09,EU09,Zurobara,,,inland,
3.08.10,3,3.08,10,EU09,Zeugma,,,inland,
3.09.01,3,3.09,01,EU09,Moesia Superior,Moesia Superior | Dalmatien | Savus (Einmündung in Danuvius) | Makedonien | Thrakien | Moesia Inferior,,inland,
3.09.03,3,3.09,03,EU09,Danuvius,Danuvius | Danubios (Einmündung des Moschius (Muschius)) | Legio VII Claudia,,inland,
3.09.04,3,3.09,04,EU09,Möser,Möser,,inland,
3.09.05,3,3.09,05,EU09,Danuvius,Danuvius,,inland,
3.09.06,3,3.09,06,EU09,Dardanien,Dardanien,,inland,
3.10.01,3,3.10,01,EU09,Moesia Inferior,Moesia Inferior | Cebrus | Thrakien | Haemus-Gebirge | Pontos Euxeinos | Danuvius | Axiopolis | Ister,,inland,
3.10.02,3,3.10,02,EU09,Pontos Euxeinos,Pontos Euxeinos,,inland,
3.10.03,3,3.10,03,EU09,Ister (Teilung des nördlichsten Armes),,,inland,
3.10.04,3,3.10,04,EU09,Pontos Euxeinos,Pontos Euxeinos,,inland,
3.10.05,3,3.10,05,EU09,Pontos Euxeinos,Pontos Euxeinos,,inland,
3.10.06,3,3.10,06,EU09,Ister (Teilung),,,inland,
3.10.07,3,3.10,07,EU09,Moesia Inferior,Moesia Inferior | Pontos Euxeinos,,inland,
3.10.08,3,3.10,08,EU09,Heilige Mündung,Heilige Mündung | Ister,,coast section," A seventeenth-round, catalogue-wide sweep (2026-07-30), prompted by the user pointing out a structural blind spot in every check run so far this session: crossref_topostext.py/category_check.py only ever flag a `city` point when *that point's own* topostext phrase contains a coastal keyword - Sidon, Tyros and Byblos (fixed just above) have none; their own citations are bare names. The signal that they're coastal was never in their own phrase, it was in their *section*: sitting between already-correctly-classified points (a ""-Mündung"" river mouth, a ""Kap"" cape) that do carry a keyword. That's checkable without topostext at all - a section mixing coastal-family points (`coast`/`harbor`/`river_mouth`, keyword- detected from the German name) with plain `city` points, with no sea-word header of its own, is structurally suspicious on its own: Ptolemy's sections are narratively homogeneous (a coastal run OR an inland list, established as this project's whole classification premise), so a section doing both at once is far more likely to be one coastal run some of whose points merely lack their own keyword than a genuine mix.  Found 110 such sections catalogue-wide. Checked every one's full topostext text (not just the `city` points' own phrases) before adding it - looking for either confirming coastal language (promontory/harbor/river mouth/gulf/bay, a run of real coastal place-names) or a contradiction (an inland/interior framing, the same ""in the interior of Galatian Pontos"" shape that correctly ruled out a candidate earlier this session). 109 confirmed straightforwardly - a representative sample across the whole range: Lusitania's own coast continuing past the Durius fix above (Oliosipum/Lisbon, Obila - ""LUSITANIA...the mouth of the river, which flows into the Outer Sea""); the Basque/Catalan coast (`2.06.07`/`.10`/`.14`/`.15`/`.18`/`.19`/`.20` - ""Of the Autrigones: Nerva river mouth | Flaviobriga"", ""Of the Vascones: Oiasso city | Ocasso promontory of the Pyrenees""); Dalmatia (`2.16.02`/`.03`/`.05` - ""Ortopla...mouth of the Titos river...Skardona""); Macedonia and Thessaly (`3.13.05/06/12/14/15/16` - ""In Amphaxitis: Thessalonike | Echedoros river outlet"", ""In Pieria: ...Pydna | Haliakmon river outlet...Dion colonia...Peneios river outlet""); Boiotia and the Lokrians (`3.15.03/09/11` - ""In Boiotia: Aulis | Ismenos river outlet | Salganeus | Anthedon""); Messenia (`3.16.07` - ""Kyparissia city | Kyparission promontory...Pylos | Koryphasion headland | Mothone""); Crete's south coast (`3.17.03/04/07/08` - ""Description of the south side: Lissos | Tarrha...Phoinix city | Phoinikous harbor""); Mauretania/Numidia/Africa/Cyrenaica (`4.01`-`4.04`,`4.06`-`4.08`, a dozen sections - Icosium, Rusazus, Carthage's own harbor towns, ""In the Pentapolis, Berenike or Hesperides | mouth of the Lathon river""); Anatolia's Aeolis/Lykia/ Pontus coasts (`5.01`-`5.14`, another dozen - ""Patara | Antiphellos | Andriake...Olympos city | Phaselis""); the Levant's own continuation past the Phoenicia fix (`5.16.02` - Kaisareia, Apollonia, Ioppe/Jaffa, Azotos, Askalon, Anthedon, already-`harbor` Gaza/Iamnia ports between them); the Persian Gulf coast of Babylonia/Susiane/Persis (`5.20.05`,`6.02.02`-`6.04.02` - ""this coast is described as follows: the western mouth of the Tigris river...""); and India's own Malabar/Coromandel/Ganges-delta coasts (`7.01`/`7.02`/`7.03`/`7.04`, the largest single cluster - ""(Ariake) of the Pirates. Mandagara..."", ""Maisolia. Mouth of the River Maisolos..."", ""Mouths of the Ganges...""). One candidate, `3.05.14`, was excluded: its own `city` point (""Nördlicher Endpunkt"") is ""the southern limit of Sarmatia at the *sources* of the Tanais river"" - a river-source boundary marker at the opposite end from this section's real coastal points (the Tanais' two mouths), the same shape as the Durius/Anas fixes above, not a coastal gap - left as `city`, worth a closer individual look later if it turns out to need one."
3.10.10,3,3.10,10,EU09,Danuvius,Danuvius | Triballer,,inland,
3.10.11,3,3.10,11,EU09,Tromarisca,,,inland,
3.10.12,3,3.10,12,EU09,Dausdava,,,inland,
3.10.14,3,3.10,14,EU09,Borysthenes-Mündung,,,coast section,"Lower Moesia's own coast resuming past the Danube delta (book.map ""3.10"" section ""14"", no header of its own) - topostext confirms the real sequence is a clean coastal run: ""7.1 northernmost mouth of the Istros until the mouth of the Borysthenes...7.2 Axiakos river mouth / 7.3 Physke city / 7.4 Tyras river mouth / 7.5 Hermonaktos village / 7.6 Arpis city"" - matching our own item order exactly (`.02` Axiakes-Mündung, `.03` Physke, `.04` Tyras-Mündung, `.05` Dorf des Hermonax, `.06` Harpis). Found by the user pointing at Axiakes-Mündung looking disconnected in a rendered map - it was technically connected already (to Panysus-Mündung, a real but large jump across an inland digression - see _COASTLINE_HARD_BREAKS' sibling comments), but the walk continuing *past* it dead-ended at Tyras-Mündung because Physke/Hermonax/Harpis, the points that should carry it onward, were sitting in `city`."
3.10.15,3,3.10,15,EU09,Hierasus,Hierasus,,inland,
3.10.16,3,3.10,16,EU09,Hierasus,Hierasus,,inland,
3.10.17,3,3.10,17,EU09,Moesia Inferior,Moesia Inferior | Pontos Euxeinos,,island,"The following five were confirmed against topostext.org/work/209's English translation, which states outright ""the Ebuda islands..."", ""the islands which are near Albion island..."", etc. - independent of our own Modern_location-based guessing. [Borysthenis + Achilles-Insel - the two islands off Lower Moesia (topostext: ""the so-called Borysthenes island...and Achilleos or Leuke island"")]"
3.11.01,3,3.11,01,EU09,Thrakien,Thrakien | Moesia Inferior | Moesia Superior | Makedonien | Orbelos-Gebirge | Nessos-Mündung | Pangaion | Ägäisches Meer | Schwarzer Golf | Thrakische Chersones,,coast section,
3.11.02,3,3.11,02,EU09,Schwarzer Golf,Schwarzer Golf,,coast section,
3.11.03,3,3.11,03,EU09,Thrakien,Thrakien | Propontis | Pontos Euxeinos | Thrakischer Bosporos,,coast section,"The root cause behind all three Black Sea fixes above, generalized: `_COASTAL_HDR_RE` only recognizes *German* sea words (""Meer""/""Golf""/ ""Ozean""/...), but this catalogue routinely heads a Pontic-region section with the *Greek* proper noun instead (""Pontos Euxeinos"", ""Propontis"", ""Kimmerischer Bosporos"") - which never matches. Reported by the user as points ""hopping and dancing"" around the Black Sea, Bosphorus and Thrace/Bithynia - not a classification problem exactly (each point's own coordinate was always right), but a *connectivity* one: with real waypoints along the shore sitting in `city` instead of `coast`, the graph had nothing to connect but the few points that did happen to match some other keyword, forcing long, geographically senseless edges between them instead of the short, orderly hops a complete coastal walk would draw. Checked every section headed by a Greek Pontic sea-name across the whole catalogue (via a regex on the header text) and triaged each one individually - most were already fine (either already `coast`, or genuinely inland, like `5.06.09`- `11`'s ""Pontos"" *province* name, Amaseia and neighbours, nowhere near the shore) or too low-impact/uncertain to act on without further verification (single boundary-point sections). These sections had a real, topostext-confirmed gap: [Thrace's own Black Sea coast, its boundary hand-off from Lower Moesia]"
3.11.04,3,3.11,04,EU09,Mesembria,Mesembria | Moesia Inferior,,coast section," A seventeenth-round, catalogue-wide sweep (2026-07-30), prompted by the user pointing out a structural blind spot in every check run so far this session: crossref_topostext.py/category_check.py only ever flag a `city` point when *that point's own* topostext phrase contains a coastal keyword - Sidon, Tyros and Byblos (fixed just above) have none; their own citations are bare names. The signal that they're coastal was never in their own phrase, it was in their *section*: sitting between already-correctly-classified points (a ""-Mündung"" river mouth, a ""Kap"" cape) that do carry a keyword. That's checkable without topostext at all - a section mixing coastal-family points (`coast`/`harbor`/`river_mouth`, keyword- detected from the German name) with plain `city` points, with no sea-word header of its own, is structurally suspicious on its own: Ptolemy's sections are narratively homogeneous (a coastal run OR an inland list, established as this project's whole classification premise), so a section doing both at once is far more likely to be one coastal run some of whose points merely lack their own keyword than a genuine mix.  Found 110 such sections catalogue-wide. Checked every one's full topostext text (not just the `city` points' own phrases) before adding it - looking for either confirming coastal language (promontory/harbor/river mouth/gulf/bay, a run of real coastal place-names) or a contradiction (an inland/interior framing, the same ""in the interior of Galatian Pontos"" shape that correctly ruled out a candidate earlier this session). 109 confirmed straightforwardly - a representative sample across the whole range: Lusitania's own coast continuing past the Durius fix above (Oliosipum/Lisbon, Obila - ""LUSITANIA...the mouth of the river, which flows into the Outer Sea""); the Basque/Catalan coast (`2.06.07`/`.10`/`.14`/`.15`/`.18`/`.19`/`.20` - ""Of the Autrigones: Nerva river mouth | Flaviobriga"", ""Of the Vascones: Oiasso city | Ocasso promontory of the Pyrenees""); Dalmatia (`2.16.02`/`.03`/`.05` - ""Ortopla...mouth of the Titos river...Skardona""); Macedonia and Thessaly (`3.13.05/06/12/14/15/16` - ""In Amphaxitis: Thessalonike | Echedoros river outlet"", ""In Pieria: ...Pydna | Haliakmon river outlet...Dion colonia...Peneios river outlet""); Boiotia and the Lokrians (`3.15.03/09/11` - ""In Boiotia: Aulis | Ismenos river outlet | Salganeus | Anthedon""); Messenia (`3.16.07` - ""Kyparissia city | Kyparission promontory...Pylos | Koryphasion headland | Mothone""); Crete's south coast (`3.17.03/04/07/08` - ""Description of the south side: Lissos | Tarrha...Phoinix city | Phoinikous harbor""); Mauretania/Numidia/Africa/Cyrenaica (`4.01`-`4.04`,`4.06`-`4.08`, a dozen sections - Icosium, Rusazus, Carthage's own harbor towns, ""In the Pentapolis, Berenike or Hesperides | mouth of the Lathon river""); Anatolia's Aeolis/Lykia/ Pontus coasts (`5.01`-`5.14`, another dozen - ""Patara | Antiphellos | Andriake...Olympos city | Phaselis""); the Levant's own continuation past the Phoenicia fix (`5.16.02` - Kaisareia, Apollonia, Ioppe/Jaffa, Azotos, Askalon, Anthedon, already-`harbor` Gaza/Iamnia ports between them); the Persian Gulf coast of Babylonia/Susiane/Persis (`5.20.05`,`6.02.02`-`6.04.02` - ""this coast is described as follows: the western mouth of the Tigris river...""); and India's own Malabar/Coromandel/Ganges-delta coasts (`7.01`/`7.02`/`7.03`/`7.04`, the largest single cluster - ""(Ariake) of the Pirates. Mandagara..."", ""Maisolia. Mouth of the River Maisolos..."", ""Mouths of the Ganges...""). One candidate, `3.05.14`, was excluded: its own `city` point (""Nördlicher Endpunkt"") is ""the southern limit of Sarmatia at the *sources* of the Tanais river"" - a river-source boundary marker at the opposite end from this section's real coastal points (the Tanais' two mouths), the same shape as the Durius/Anas fixes above, not a coastal gap - left as `city`, worth a closer individual look later if it turns out to need one."
3.11.05,3,3.11,05,EU09,Pontos Euxeinos,Pontos Euxeinos,,coast section,"The root cause behind all three Black Sea fixes above, generalized: `_COASTAL_HDR_RE` only recognizes *German* sea words (""Meer""/""Golf""/ ""Ozean""/...), but this catalogue routinely heads a Pontic-region section with the *Greek* proper noun instead (""Pontos Euxeinos"", ""Propontis"", ""Kimmerischer Bosporos"") - which never matches. Reported by the user as points ""hopping and dancing"" around the Black Sea, Bosphorus and Thrace/Bithynia - not a classification problem exactly (each point's own coordinate was always right), but a *connectivity* one: with real waypoints along the shore sitting in `city` instead of `coast`, the graph had nothing to connect but the few points that did happen to match some other keyword, forcing long, geographically senseless edges between them instead of the short, orderly hops a complete coastal walk would draw. Checked every section headed by a Greek Pontic sea-name across the whole catalogue (via a regex on the header text) and triaged each one individually - most were already fine (either already `coast`, or genuinely inland, like `5.06.09`- `11`'s ""Pontos"" *province* name, Amaseia and neighbours, nowhere near the shore) or too low-impact/uncertain to act on without further verification (single boundary-point sections). These sections had a real, topostext-confirmed gap: [Byzantion itself - the missing hinge point between Thrace's Black Sea coast (section ""04"") and its Propontis coast (section ""06"")]"
3.11.06,3,3.11,06,EU09,Propontis,Propontis | Thrakische Chersones,,coast section,"The root cause behind all three Black Sea fixes above, generalized: `_COASTAL_HDR_RE` only recognizes *German* sea words (""Meer""/""Golf""/ ""Ozean""/...), but this catalogue routinely heads a Pontic-region section with the *Greek* proper noun instead (""Pontos Euxeinos"", ""Propontis"", ""Kimmerischer Bosporos"") - which never matches. Reported by the user as points ""hopping and dancing"" around the Black Sea, Bosphorus and Thrace/Bithynia - not a classification problem exactly (each point's own coordinate was always right), but a *connectivity* one: with real waypoints along the shore sitting in `city` instead of `coast`, the graph had nothing to connect but the few points that did happen to match some other keyword, forcing long, geographically senseless edges between them instead of the short, orderly hops a complete coastal walk would draw. Checked every section headed by a Greek Pontic sea-name across the whole catalogue (via a regex on the header text) and triaged each one individually - most were already fine (either already `coast`, or genuinely inland, like `5.06.09`- `11`'s ""Pontos"" *province* name, Amaseia and neighbours, nowhere near the shore) or too low-impact/uncertain to act on without further verification (single boundary-point sections). These sections had a real, topostext-confirmed gap: [Thrace's Propontis coast (topostext: ""Next, in Propontis..."") - Selymbria, Herakleia, Bisanthe, the Long Wall, Paktye]"
3.11.07,3,3.11,07,EU09,Thrakien,Thrakien | Haimos-Gebirge | Moesia Inferior | Rhodope | Nessos | Hebros,,inland,
3.11.11,3,3.11,11,EU09,Haimos-Gebirge,Haimos-Gebirge,,inland,
3.11.12,3,3.11,12,EU09,Sardike,,,inland,
3.11.13,3,3.11,13,EU09,Nessos,Nessos,,inland,
3.11.14,3,3.11,14,EU09,Thrakien,Thrakien | Thrakischer Bosporos | Propontis | Ägäisches Meer,,island,"Sections manually verified (via the Modern_location column and known ancient geography) to be island enumerations rather than coastal walks, even though neither the section header nor the point names carry any island-specific keyword. A sea-headed section is structurally ambiguous between ""coastal points along this sea's shore"" (e.g. book.map ""3.01"" section ""14"": Hydruntum/Lupiae/Brundisium - real coastal cities, Otranto/ Lecce/Brindisi) and ""islands scattered across this sea"" (section ""79"" of that same book.map: Planasia/Pontia/.../Capreae - Pianosa/Ponza/.../Capri) - both look identical from the text alone, so this can't be a general regex rule without also breaking the former. Keyed by (book.map, section). [Kyaneen/Proikonesos/Thasos/Samothrake]"
3.12.01,3,3.12,01,EU09,Thrakische Chersones,Thrakische Chersones | Thrakien | Schwarzer Golf | Propontis,,coast section,
3.12.02,3,3.12,02,EU09,Schwarzer Golf,Schwarzer Golf,,coast section,
3.12.03,3,3.12,03,EU09,Thrakische Chersones,Thrakische Chersones | Ägäisches Meer,,coast section,
3.12.04,3,3.12,04,EU09,Thrakische Chersones,Thrakische Chersones | Hellespont | Thrakische Chersones,,coast section,"The Thracian Chersonese's own coast (book.map ""3.12"", a self-contained peninsula loop distinct from mainland Thrace's - see topostext, book 3 map 11 section 9, oddly filed under Thrace's own map rather than getting its own: ""the part of Propontis on that side as far as Kallipolis...on the west...Kardia city...Mastousia promontory...on the south...the city Elaious...the protruding promontory...on the East by the Hellespont, on which are the cities: Koila, Sestos, next the above-mentioned Kallipolis"" - a closed loop back to its own start). Section ""04""'s own header is ""Hellespont"" (Greek proper noun, not `_COASTAL_HDR_RE`'s German sea words) - Koila and Sestos were sitting in `city`, the two points the user spotted ""floating in the water"" north of Kap gleich daneben, unconnected to the rest of the peninsula's own coastline."
3.13.03,3,3.13,03,EU10,Taulantier,Taulantier,,coast section,"Found by an independent second pass: building a standalone category guess purely from topostext's own wording (category_check.py, no access to the catalogue's category, name, or any exception list) and comparing it to the catalogue's category surfaced a few more instances of the same gap the batch above missed: [Illyria: ""west by the Ionian Sea from Dyrrachion...per the following description""...""Panyasos river outlet...Apollonia...Aoos river outlet...Aulon city and port""]"
3.13.04,3,3.13,04,EU10,Elimioten,Elimioten,,inland,
3.13.05,3,3.13,05,EU10,Orestis,Orestis,,coast section," A seventeenth-round, catalogue-wide sweep (2026-07-30), prompted by the user pointing out a structural blind spot in every check run so far this session: crossref_topostext.py/category_check.py only ever flag a `city` point when *that point's own* topostext phrase contains a coastal keyword - Sidon, Tyros and Byblos (fixed just above) have none; their own citations are bare names. The signal that they're coastal was never in their own phrase, it was in their *section*: sitting between already-correctly-classified points (a ""-Mündung"" river mouth, a ""Kap"" cape) that do carry a keyword. That's checkable without topostext at all - a section mixing coastal-family points (`coast`/`harbor`/`river_mouth`, keyword- detected from the German name) with plain `city` points, with no sea-word header of its own, is structurally suspicious on its own: Ptolemy's sections are narratively homogeneous (a coastal run OR an inland list, established as this project's whole classification premise), so a section doing both at once is far more likely to be one coastal run some of whose points merely lack their own keyword than a genuine mix.  Found 110 such sections catalogue-wide. Checked every one's full topostext text (not just the `city` points' own phrases) before adding it - looking for either confirming coastal language (promontory/harbor/river mouth/gulf/bay, a run of real coastal place-names) or a contradiction (an inland/interior framing, the same ""in the interior of Galatian Pontos"" shape that correctly ruled out a candidate earlier this session). 109 confirmed straightforwardly - a representative sample across the whole range: Lusitania's own coast continuing past the Durius fix above (Oliosipum/Lisbon, Obila - ""LUSITANIA...the mouth of the river, which flows into the Outer Sea""); the Basque/Catalan coast (`2.06.07`/`.10`/`.14`/`.15`/`.18`/`.19`/`.20` - ""Of the Autrigones: Nerva river mouth | Flaviobriga"", ""Of the Vascones: Oiasso city | Ocasso promontory of the Pyrenees""); Dalmatia (`2.16.02`/`.03`/`.05` - ""Ortopla...mouth of the Titos river...Skardona""); Macedonia and Thessaly (`3.13.05/06/12/14/15/16` - ""In Amphaxitis: Thessalonike | Echedoros river outlet"", ""In Pieria: ...Pydna | Haliakmon river outlet...Dion colonia...Peneios river outlet""); Boiotia and the Lokrians (`3.15.03/09/11` - ""In Boiotia: Aulis | Ismenos river outlet | Salganeus | Anthedon""); Messenia (`3.16.07` - ""Kyparissia city | Kyparission promontory...Pylos | Koryphasion headland | Mothone""); Crete's south coast (`3.17.03/04/07/08` - ""Description of the south side: Lissos | Tarrha...Phoinix city | Phoinikous harbor""); Mauretania/Numidia/Africa/Cyrenaica (`4.01`-`4.04`,`4.06`-`4.08`, a dozen sections - Icosium, Rusazus, Carthage's own harbor towns, ""In the Pentapolis, Berenike or Hesperides | mouth of the Lathon river""); Anatolia's Aeolis/Lykia/ Pontus coasts (`5.01`-`5.14`, another dozen - ""Patara | Antiphellos | Andriake...Olympos city | Phaselis""); the Levant's own continuation past the Phoenicia fix (`5.16.02` - Kaisareia, Apollonia, Ioppe/Jaffa, Azotos, Askalon, Anthedon, already-`harbor` Gaza/Iamnia ports between them); the Persian Gulf coast of Babylonia/Susiane/Persis (`5.20.05`,`6.02.02`-`6.04.02` - ""this coast is described as follows: the western mouth of the Tigris river...""); and India's own Malabar/Coromandel/Ganges-delta coasts (`7.01`/`7.02`/`7.03`/`7.04`, the largest single cluster - ""(Ariake) of the Pirates. Mandagara..."", ""Maisolia. Mouth of the River Maisolos..."", ""Mouths of the Ganges...""). One candidate, `3.05.14`, was excluded: its own `city` point (""Nördlicher Endpunkt"") is ""the southern limit of Sarmatia at the *sources* of the Tanais river"" - a river-source boundary marker at the opposite end from this section's real coastal points (the Tanais' two mouths), the same shape as the Durius/Anas fixes above, not a coastal gap - left as `city`, worth a closer individual look later if it turns out to need one."
3.13.06,3,3.13,06,EU10,Makedonien,Makedonien | Achaia,,coast section," A seventeenth-round, catalogue-wide sweep (2026-07-30), prompted by the user pointing out a structural blind spot in every check run so far this session: crossref_topostext.py/category_check.py only ever flag a `city` point when *that point's own* topostext phrase contains a coastal keyword - Sidon, Tyros and Byblos (fixed just above) have none; their own citations are bare names. The signal that they're coastal was never in their own phrase, it was in their *section*: sitting between already-correctly-classified points (a ""-Mündung"" river mouth, a ""Kap"" cape) that do carry a keyword. That's checkable without topostext at all - a section mixing coastal-family points (`coast`/`harbor`/`river_mouth`, keyword- detected from the German name) with plain `city` points, with no sea-word header of its own, is structurally suspicious on its own: Ptolemy's sections are narratively homogeneous (a coastal run OR an inland list, established as this project's whole classification premise), so a section doing both at once is far more likely to be one coastal run some of whose points merely lack their own keyword than a genuine mix.  Found 110 such sections catalogue-wide. Checked every one's full topostext text (not just the `city` points' own phrases) before adding it - looking for either confirming coastal language (promontory/harbor/river mouth/gulf/bay, a run of real coastal place-names) or a contradiction (an inland/interior framing, the same ""in the interior of Galatian Pontos"" shape that correctly ruled out a candidate earlier this session). 109 confirmed straightforwardly - a representative sample across the whole range: Lusitania's own coast continuing past the Durius fix above (Oliosipum/Lisbon, Obila - ""LUSITANIA...the mouth of the river, which flows into the Outer Sea""); the Basque/Catalan coast (`2.06.07`/`.10`/`.14`/`.15`/`.18`/`.19`/`.20` - ""Of the Autrigones: Nerva river mouth | Flaviobriga"", ""Of the Vascones: Oiasso city | Ocasso promontory of the Pyrenees""); Dalmatia (`2.16.02`/`.03`/`.05` - ""Ortopla...mouth of the Titos river...Skardona""); Macedonia and Thessaly (`3.13.05/06/12/14/15/16` - ""In Amphaxitis: Thessalonike | Echedoros river outlet"", ""In Pieria: ...Pydna | Haliakmon river outlet...Dion colonia...Peneios river outlet""); Boiotia and the Lokrians (`3.15.03/09/11` - ""In Boiotia: Aulis | Ismenos river outlet | Salganeus | Anthedon""); Messenia (`3.16.07` - ""Kyparissia city | Kyparission promontory...Pylos | Koryphasion headland | Mothone""); Crete's south coast (`3.17.03/04/07/08` - ""Description of the south side: Lissos | Tarrha...Phoinix city | Phoinikous harbor""); Mauretania/Numidia/Africa/Cyrenaica (`4.01`-`4.04`,`4.06`-`4.08`, a dozen sections - Icosium, Rusazus, Carthage's own harbor towns, ""In the Pentapolis, Berenike or Hesperides | mouth of the Lathon river""); Anatolia's Aeolis/Lykia/ Pontus coasts (`5.01`-`5.14`, another dozen - ""Patara | Antiphellos | Andriake...Olympos city | Phaselis""); the Levant's own continuation past the Phoenicia fix (`5.16.02` - Kaisareia, Apollonia, Ioppe/Jaffa, Azotos, Askalon, Anthedon, already-`harbor` Gaza/Iamnia ports between them); the Persian Gulf coast of Babylonia/Susiane/Persis (`5.20.05`,`6.02.02`-`6.04.02` - ""this coast is described as follows: the western mouth of the Tigris river...""); and India's own Malabar/Coromandel/Ganges-delta coasts (`7.01`/`7.02`/`7.03`/`7.04`, the largest single cluster - ""(Ariake) of the Pirates. Mandagara..."", ""Maisolia. Mouth of the River Maisolos..."", ""Mouths of the Ganges...""). One candidate, `3.05.14`, was excluded: its own `city` point (""Nördlicher Endpunkt"") is ""the southern limit of Sarmatia at the *sources* of the Tanais river"" - a river-source boundary marker at the opposite end from this section's real coastal points (the Tanais' two mouths), the same shape as the Durius/Anas fixes above, not a coastal gap - left as `city`, worth a closer individual look later if it turns out to need one."
3.13.08,3,3.13,08,EU10,Thrakien,Thrakien,,inland,
3.13.09,3,3.13,09,EU10,Strymonischer Golf,Strymonischer Golf | Edonis,,coast section,
3.13.10,3,3.13,10,EU10,Amphaxitis,Amphaxitis,,inland,
3.13.11,3,3.13,11,EU10,Chalkidike,Chalkidike | Singitischer Golf,,coast section,
3.13.12,3,3.13,12,EU10,Paraxia,Paraxia,,coast section," A seventeenth-round, catalogue-wide sweep (2026-07-30), prompted by the user pointing out a structural blind spot in every check run so far this session: crossref_topostext.py/category_check.py only ever flag a `city` point when *that point's own* topostext phrase contains a coastal keyword - Sidon, Tyros and Byblos (fixed just above) have none; their own citations are bare names. The signal that they're coastal was never in their own phrase, it was in their *section*: sitting between already-correctly-classified points (a ""-Mündung"" river mouth, a ""Kap"" cape) that do carry a keyword. That's checkable without topostext at all - a section mixing coastal-family points (`coast`/`harbor`/`river_mouth`, keyword- detected from the German name) with plain `city` points, with no sea-word header of its own, is structurally suspicious on its own: Ptolemy's sections are narratively homogeneous (a coastal run OR an inland list, established as this project's whole classification premise), so a section doing both at once is far more likely to be one coastal run some of whose points merely lack their own keyword than a genuine mix.  Found 110 such sections catalogue-wide. Checked every one's full topostext text (not just the `city` points' own phrases) before adding it - looking for either confirming coastal language (promontory/harbor/river mouth/gulf/bay, a run of real coastal place-names) or a contradiction (an inland/interior framing, the same ""in the interior of Galatian Pontos"" shape that correctly ruled out a candidate earlier this session). 109 confirmed straightforwardly - a representative sample across the whole range: Lusitania's own coast continuing past the Durius fix above (Oliosipum/Lisbon, Obila - ""LUSITANIA...the mouth of the river, which flows into the Outer Sea""); the Basque/Catalan coast (`2.06.07`/`.10`/`.14`/`.15`/`.18`/`.19`/`.20` - ""Of the Autrigones: Nerva river mouth | Flaviobriga"", ""Of the Vascones: Oiasso city | Ocasso promontory of the Pyrenees""); Dalmatia (`2.16.02`/`.03`/`.05` - ""Ortopla...mouth of the Titos river...Skardona""); Macedonia and Thessaly (`3.13.05/06/12/14/15/16` - ""In Amphaxitis: Thessalonike | Echedoros river outlet"", ""In Pieria: ...Pydna | Haliakmon river outlet...Dion colonia...Peneios river outlet""); Boiotia and the Lokrians (`3.15.03/09/11` - ""In Boiotia: Aulis | Ismenos river outlet | Salganeus | Anthedon""); Messenia (`3.16.07` - ""Kyparissia city | Kyparission promontory...Pylos | Koryphasion headland | Mothone""); Crete's south coast (`3.17.03/04/07/08` - ""Description of the south side: Lissos | Tarrha...Phoinix city | Phoinikous harbor""); Mauretania/Numidia/Africa/Cyrenaica (`4.01`-`4.04`,`4.06`-`4.08`, a dozen sections - Icosium, Rusazus, Carthage's own harbor towns, ""In the Pentapolis, Berenike or Hesperides | mouth of the Lathon river""); Anatolia's Aeolis/Lykia/ Pontus coasts (`5.01`-`5.14`, another dozen - ""Patara | Antiphellos | Andriake...Olympos city | Phaselis""); the Levant's own continuation past the Phoenicia fix (`5.16.02` - Kaisareia, Apollonia, Ioppe/Jaffa, Azotos, Askalon, Anthedon, already-`harbor` Gaza/Iamnia ports between them); the Persian Gulf coast of Babylonia/Susiane/Persis (`5.20.05`,`6.02.02`-`6.04.02` - ""this coast is described as follows: the western mouth of the Tigris river...""); and India's own Malabar/Coromandel/Ganges-delta coasts (`7.01`/`7.02`/`7.03`/`7.04`, the largest single cluster - ""(Ariake) of the Pirates. Mandagara..."", ""Maisolia. Mouth of the River Maisolos..."", ""Mouths of the Ganges...""). One candidate, `3.05.14`, was excluded: its own `city` point (""Nördlicher Endpunkt"") is ""the southern limit of Sarmatia at the *sources* of the Tanais river"" - a river-source boundary marker at the opposite end from this section's real coastal points (the Tanais' two mouths), the same shape as the Durius/Anas fixes above, not a coastal gap - left as `city`, worth a closer individual look later if it turns out to need one."
3.13.13,3,3.13,13,EU10,Thermaischer Golf,Thermaischer Golf,,coast section,
3.13.14,3,3.13,14,EU10,Amphaxitis,Amphaxitis,,coast section," A seventeenth-round, catalogue-wide sweep (2026-07-30), prompted by the user pointing out a structural blind spot in every check run so far this session: crossref_topostext.py/category_check.py only ever flag a `city` point when *that point's own* topostext phrase contains a coastal keyword - Sidon, Tyros and Byblos (fixed just above) have none; their own citations are bare names. The signal that they're coastal was never in their own phrase, it was in their *section*: sitting between already-correctly-classified points (a ""-Mündung"" river mouth, a ""Kap"" cape) that do carry a keyword. That's checkable without topostext at all - a section mixing coastal-family points (`coast`/`harbor`/`river_mouth`, keyword- detected from the German name) with plain `city` points, with no sea-word header of its own, is structurally suspicious on its own: Ptolemy's sections are narratively homogeneous (a coastal run OR an inland list, established as this project's whole classification premise), so a section doing both at once is far more likely to be one coastal run some of whose points merely lack their own keyword than a genuine mix.  Found 110 such sections catalogue-wide. Checked every one's full topostext text (not just the `city` points' own phrases) before adding it - looking for either confirming coastal language (promontory/harbor/river mouth/gulf/bay, a run of real coastal place-names) or a contradiction (an inland/interior framing, the same ""in the interior of Galatian Pontos"" shape that correctly ruled out a candidate earlier this session). 109 confirmed straightforwardly - a representative sample across the whole range: Lusitania's own coast continuing past the Durius fix above (Oliosipum/Lisbon, Obila - ""LUSITANIA...the mouth of the river, which flows into the Outer Sea""); the Basque/Catalan coast (`2.06.07`/`.10`/`.14`/`.15`/`.18`/`.19`/`.20` - ""Of the Autrigones: Nerva river mouth | Flaviobriga"", ""Of the Vascones: Oiasso city | Ocasso promontory of the Pyrenees""); Dalmatia (`2.16.02`/`.03`/`.05` - ""Ortopla...mouth of the Titos river...Skardona""); Macedonia and Thessaly (`3.13.05/06/12/14/15/16` - ""In Amphaxitis: Thessalonike | Echedoros river outlet"", ""In Pieria: ...Pydna | Haliakmon river outlet...Dion colonia...Peneios river outlet""); Boiotia and the Lokrians (`3.15.03/09/11` - ""In Boiotia: Aulis | Ismenos river outlet | Salganeus | Anthedon""); Messenia (`3.16.07` - ""Kyparissia city | Kyparission promontory...Pylos | Koryphasion headland | Mothone""); Crete's south coast (`3.17.03/04/07/08` - ""Description of the south side: Lissos | Tarrha...Phoinix city | Phoinikous harbor""); Mauretania/Numidia/Africa/Cyrenaica (`4.01`-`4.04`,`4.06`-`4.08`, a dozen sections - Icosium, Rusazus, Carthage's own harbor towns, ""In the Pentapolis, Berenike or Hesperides | mouth of the Lathon river""); Anatolia's Aeolis/Lykia/ Pontus coasts (`5.01`-`5.14`, another dozen - ""Patara | Antiphellos | Andriake...Olympos city | Phaselis""); the Levant's own continuation past the Phoenicia fix (`5.16.02` - Kaisareia, Apollonia, Ioppe/Jaffa, Azotos, Askalon, Anthedon, already-`harbor` Gaza/Iamnia ports between them); the Persian Gulf coast of Babylonia/Susiane/Persis (`5.20.05`,`6.02.02`-`6.04.02` - ""this coast is described as follows: the western mouth of the Tigris river...""); and India's own Malabar/Coromandel/Ganges-delta coasts (`7.01`/`7.02`/`7.03`/`7.04`, the largest single cluster - ""(Ariake) of the Pirates. Mandagara..."", ""Maisolia. Mouth of the River Maisolos..."", ""Mouths of the Ganges...""). One candidate, `3.05.14`, was excluded: its own `city` point (""Nördlicher Endpunkt"") is ""the southern limit of Sarmatia at the *sources* of the Tanais river"" - a river-source boundary marker at the opposite end from this section's real coastal points (the Tanais' two mouths), the same shape as the Durius/Anas fixes above, not a coastal gap - left as `city`, worth a closer individual look later if it turns out to need one."
3.13.15,3,3.13,15,EU10,Pierien,Pierien,,coast section," A seventeenth-round, catalogue-wide sweep (2026-07-30), prompted by the user pointing out a structural blind spot in every check run so far this session: crossref_topostext.py/category_check.py only ever flag a `city` point when *that point's own* topostext phrase contains a coastal keyword - Sidon, Tyros and Byblos (fixed just above) have none; their own citations are bare names. The signal that they're coastal was never in their own phrase, it was in their *section*: sitting between already-correctly-classified points (a ""-Mündung"" river mouth, a ""Kap"" cape) that do carry a keyword. That's checkable without topostext at all - a section mixing coastal-family points (`coast`/`harbor`/`river_mouth`, keyword- detected from the German name) with plain `city` points, with no sea-word header of its own, is structurally suspicious on its own: Ptolemy's sections are narratively homogeneous (a coastal run OR an inland list, established as this project's whole classification premise), so a section doing both at once is far more likely to be one coastal run some of whose points merely lack their own keyword than a genuine mix.  Found 110 such sections catalogue-wide. Checked every one's full topostext text (not just the `city` points' own phrases) before adding it - looking for either confirming coastal language (promontory/harbor/river mouth/gulf/bay, a run of real coastal place-names) or a contradiction (an inland/interior framing, the same ""in the interior of Galatian Pontos"" shape that correctly ruled out a candidate earlier this session). 109 confirmed straightforwardly - a representative sample across the whole range: Lusitania's own coast continuing past the Durius fix above (Oliosipum/Lisbon, Obila - ""LUSITANIA...the mouth of the river, which flows into the Outer Sea""); the Basque/Catalan coast (`2.06.07`/`.10`/`.14`/`.15`/`.18`/`.19`/`.20` - ""Of the Autrigones: Nerva river mouth | Flaviobriga"", ""Of the Vascones: Oiasso city | Ocasso promontory of the Pyrenees""); Dalmatia (`2.16.02`/`.03`/`.05` - ""Ortopla...mouth of the Titos river...Skardona""); Macedonia and Thessaly (`3.13.05/06/12/14/15/16` - ""In Amphaxitis: Thessalonike | Echedoros river outlet"", ""In Pieria: ...Pydna | Haliakmon river outlet...Dion colonia...Peneios river outlet""); Boiotia and the Lokrians (`3.15.03/09/11` - ""In Boiotia: Aulis | Ismenos river outlet | Salganeus | Anthedon""); Messenia (`3.16.07` - ""Kyparissia city | Kyparission promontory...Pylos | Koryphasion headland | Mothone""); Crete's south coast (`3.17.03/04/07/08` - ""Description of the south side: Lissos | Tarrha...Phoinix city | Phoinikous harbor""); Mauretania/Numidia/Africa/Cyrenaica (`4.01`-`4.04`,`4.06`-`4.08`, a dozen sections - Icosium, Rusazus, Carthage's own harbor towns, ""In the Pentapolis, Berenike or Hesperides | mouth of the Lathon river""); Anatolia's Aeolis/Lykia/ Pontus coasts (`5.01`-`5.14`, another dozen - ""Patara | Antiphellos | Andriake...Olympos city | Phaselis""); the Levant's own continuation past the Phoenicia fix (`5.16.02` - Kaisareia, Apollonia, Ioppe/Jaffa, Azotos, Askalon, Anthedon, already-`harbor` Gaza/Iamnia ports between them); the Persian Gulf coast of Babylonia/Susiane/Persis (`5.20.05`,`6.02.02`-`6.04.02` - ""this coast is described as follows: the western mouth of the Tigris river...""); and India's own Malabar/Coromandel/Ganges-delta coasts (`7.01`/`7.02`/`7.03`/`7.04`, the largest single cluster - ""(Ariake) of the Pirates. Mandagara..."", ""Maisolia. Mouth of the River Maisolos..."", ""Mouths of the Ganges...""). One candidate, `3.05.14`, was excluded: its own `city` point (""Nördlicher Endpunkt"") is ""the southern limit of Sarmatia at the *sources* of the Tanais river"" - a river-source boundary marker at the opposite end from this section's real coastal points (the Tanais' two mouths), the same shape as the Durius/Anas fixes above, not a coastal gap - left as `city`, worth a closer individual look later if it turns out to need one."
3.13.16,3,3.13,16,EU10,Pelasger,Pelasger,,coast section," A seventeenth-round, catalogue-wide sweep (2026-07-30), prompted by the user pointing out a structural blind spot in every check run so far this session: crossref_topostext.py/category_check.py only ever flag a `city` point when *that point's own* topostext phrase contains a coastal keyword - Sidon, Tyros and Byblos (fixed just above) have none; their own citations are bare names. The signal that they're coastal was never in their own phrase, it was in their *section*: sitting between already-correctly-classified points (a ""-Mündung"" river mouth, a ""Kap"" cape) that do carry a keyword. That's checkable without topostext at all - a section mixing coastal-family points (`coast`/`harbor`/`river_mouth`, keyword- detected from the German name) with plain `city` points, with no sea-word header of its own, is structurally suspicious on its own: Ptolemy's sections are narratively homogeneous (a coastal run OR an inland list, established as this project's whole classification premise), so a section doing both at once is far more likely to be one coastal run some of whose points merely lack their own keyword than a genuine mix.  Found 110 such sections catalogue-wide. Checked every one's full topostext text (not just the `city` points' own phrases) before adding it - looking for either confirming coastal language (promontory/harbor/river mouth/gulf/bay, a run of real coastal place-names) or a contradiction (an inland/interior framing, the same ""in the interior of Galatian Pontos"" shape that correctly ruled out a candidate earlier this session). 109 confirmed straightforwardly - a representative sample across the whole range: Lusitania's own coast continuing past the Durius fix above (Oliosipum/Lisbon, Obila - ""LUSITANIA...the mouth of the river, which flows into the Outer Sea""); the Basque/Catalan coast (`2.06.07`/`.10`/`.14`/`.15`/`.18`/`.19`/`.20` - ""Of the Autrigones: Nerva river mouth | Flaviobriga"", ""Of the Vascones: Oiasso city | Ocasso promontory of the Pyrenees""); Dalmatia (`2.16.02`/`.03`/`.05` - ""Ortopla...mouth of the Titos river...Skardona""); Macedonia and Thessaly (`3.13.05/06/12/14/15/16` - ""In Amphaxitis: Thessalonike | Echedoros river outlet"", ""In Pieria: ...Pydna | Haliakmon river outlet...Dion colonia...Peneios river outlet""); Boiotia and the Lokrians (`3.15.03/09/11` - ""In Boiotia: Aulis | Ismenos river outlet | Salganeus | Anthedon""); Messenia (`3.16.07` - ""Kyparissia city | Kyparission promontory...Pylos | Koryphasion headland | Mothone""); Crete's south coast (`3.17.03/04/07/08` - ""Description of the south side: Lissos | Tarrha...Phoinix city | Phoinikous harbor""); Mauretania/Numidia/Africa/Cyrenaica (`4.01`-`4.04`,`4.06`-`4.08`, a dozen sections - Icosium, Rusazus, Carthage's own harbor towns, ""In the Pentapolis, Berenike or Hesperides | mouth of the Lathon river""); Anatolia's Aeolis/Lykia/ Pontus coasts (`5.01`-`5.14`, another dozen - ""Patara | Antiphellos | Andriake...Olympos city | Phaselis""); the Levant's own continuation past the Phoenicia fix (`5.16.02` - Kaisareia, Apollonia, Ioppe/Jaffa, Azotos, Askalon, Anthedon, already-`harbor` Gaza/Iamnia ports between them); the Persian Gulf coast of Babylonia/Susiane/Persis (`5.20.05`,`6.02.02`-`6.04.02` - ""this coast is described as follows: the western mouth of the Tigris river...""); and India's own Malabar/Coromandel/Ganges-delta coasts (`7.01`/`7.02`/`7.03`/`7.04`, the largest single cluster - ""(Ariake) of the Pirates. Mandagara..."", ""Maisolia. Mouth of the River Maisolos..."", ""Mouths of the Ganges...""). One candidate, `3.05.14`, was excluded: its own `city` point (""Nördlicher Endpunkt"") is ""the southern limit of Sarmatia at the *sources* of the Tanais river"" - a river-source boundary marker at the opposite end from this section's real coastal points (the Tanais' two mouths), the same shape as the Durius/Anas fixes above, not a coastal gap - left as `city`, worth a closer individual look later if it turns out to need one."
3.13.17,3,3.13,17,EU10,Phthiotis,Phthiotis | Pelasgischer Golf,,coast section,
3.13.18,3,3.13,18,EU10,Thrakien,Thrakien | Makedonien | Skardon | Dalmatien | Kandavische Berge | Pindos-Gebirge,,inland,
3.13.19,3,3.13,19,EU10,Bertiskos,,,mountain,"The mountain-side counterpart of _ISLAND_APPENDIX_SECTIONS: a section that's purely a *list* of named mountains/peaks, each cited by its own proper name with no ""-Gebirge""/""-berg"" suffix of its own to catch by keyword (""Of the named mountains the center of Bertiskos lies at...Mt. Bermion...Mt. Olympos..."", ""Mountains in the Peloponnese Pholoe...and Stymphalos..."") - the same ""no shared pattern to regex on, so it has to be an explicit allow-list"" reasoning as the island appendix. Confirmed by topostext's own section headers; more such sections likely exist elsewhere in the catalogue, not yet found because their books haven't been cross-referenced yet. [Bertiskos/Bermion/Berketesios/Kitarion/Olympos/Ossa/Pelion/Othrys - Macedonia's named mountains, including Mt. Olympus itself]"
3.13.20,3,3.13,20,EU10,Makedonien,Makedonien | Taulantier,,inland,
3.13.21,3,3.13,21,EU10,Elimioten,Elimioten,,inland,
3.13.22,3,3.13,22,EU10,Orestis,Orestis,,inland,
3.13.23,3,3.13,23,EU10,Albaner,Albaner,,inland,
3.13.24,3,3.13,24,EU10,Almoper,Almoper,,inland,
3.13.25,3,3.13,25,EU10,Orbelia,Orbelia,,inland,
3.13.26,3,3.13,26,EU10,Eordäer,Eordäer,,inland,
3.13.27,3,3.13,27,EU10,Aisträer,Aisträer,,inland,
3.13.28,3,3.13,28,EU10,Päonien,Päonien,,inland,
3.13.29,3,3.13,29,EU10,Iorer,Iorer,,inland,
3.13.30,3,3.13,30,EU10,Sintike,Sintike,,inland,
3.13.31,3,3.13,31,EU10,Odomantike,Odomantike | Edonis,,inland,
3.13.32,3,3.13,32,EU10,Dassaretier,Dassaretier,,inland,
3.13.33,3,3.13,33,EU10,Lynkestis,Lynkestis,,inland,
3.13.34,3,3.13,34,EU10,Pelagonen,Pelagonen,,inland,
3.13.35,3,3.13,35,EU10,Bisaltien,Bisaltien,,inland,
3.13.36,3,3.13,36,EU10,Mygdonia,Mygdonia,,inland,
3.13.37,3,3.13,37,EU10,Chalkidike,Chalkidike,,inland,
3.13.38,3,3.13,38,EU10,Paraxia,Paraxia,,inland,
3.13.39,3,3.13,39,EU10,Emathia,Emathia,,inland,
3.13.40,3,3.13,40,EU10,Pierien,Pierien,,inland,
3.13.41,3,3.13,41,EU10,Paraväer,Paraväer,,inland,
3.13.42,3,3.13,42,EU10,Pelasger,Pelasger,,inland,
3.13.43,3,3.13,43,EU10,Tymphalia,Tymphalia,,inland,
3.13.44,3,3.13,44,EU10,Hestiaioten,Hestiaioten,,inland,
3.13.45,3,3.13,45,EU10,Thessaler,Thessaler,,inland,
3.13.46,3,3.13,46,EU10,Phthiotis,Phthiotis,,inland,
3.13.47,3,3.13,47,EU10,Makedonien,Makedonien | Ionisches Meer | Ägäisches Meer | Lemnos*,,island,"Sections manually verified (via the Modern_location column and known ancient geography) to be island enumerations rather than coastal walks, even though neither the section header nor the point names carry any island-specific keyword. A sea-headed section is structurally ambiguous between ""coastal points along this sea's shore"" (e.g. book.map ""3.01"" section ""14"": Hydruntum/Lupiae/Brundisium - real coastal cities, Otranto/ Lecce/Brindisi) and ""islands scattered across this sea"" (section ""79"" of that same book.map: Planasia/Pontia/.../Capreae - Pianosa/Ponza/.../Capri) - both look identical from the text alone, so this can't be a general regex rule without also breaking the former. Keyed by (book.map, section). [Saso/Skiathos/Peparethos/Skopelos (Sporades)]"
3.14.01,3,3.14,01,EU10,Epeiros,Epeiros | Makedonien | Achaia | Ionisches Meer | Akrokeraunische Berge,,coast section,
3.14.02,3,3.14,02,EU10,Chaonien,Chaonien,,coast section,"Epirus's own Ionian coast (book.map ""3.14""): section ""01"" is headed ""Ionisches Meer"" and correctly coastal, but sections ""02"" and ""04"" continue the same walk without repeating that header - topostext confirms an unbroken run (""Chaonia Orikon"" straight into ""Panormos harbor...Onchesmos harbor...Kassiope harbor"", then ""Bouthroton gulf...Pelodes harbor"" between the two already-coastal capes Kap Poseidion/Kap Thyamis). Orikon, Panormos, Onchesmos, Kassiope (section 02) and Buthroton, Schlammhafen (section 04) were sitting in `city`."
3.14.04,3,3.14,04,EU10,Thesproten,Thesproten,,coast section,"Epirus's own Ionian coast (book.map ""3.14""): section ""01"" is headed ""Ionisches Meer"" and correctly coastal, but sections ""02"" and ""04"" continue the same walk without repeating that header - topostext confirms an unbroken run (""Chaonia Orikon"" straight into ""Panormos harbor...Onchesmos harbor...Kassiope harbor"", then ""Bouthroton gulf...Pelodes harbor"" between the two already-coastal capes Kap Poseidion/Kap Thyamis). Orikon, Panormos, Onchesmos, Kassiope (section 02) and Buthroton, Schlammhafen (section 04) were sitting in `city`."
3.14.05,3,3.14,05,EU10,Almene,Almene | Ambrakischer Golf,,coast section,
3.14.06,3,3.14,06,EU10,Akarnanen,Akarnanen,,coast section," A seventeenth-round, catalogue-wide sweep (2026-07-30), prompted by the user pointing out a structural blind spot in every check run so far this session: crossref_topostext.py/category_check.py only ever flag a `city` point when *that point's own* topostext phrase contains a coastal keyword - Sidon, Tyros and Byblos (fixed just above) have none; their own citations are bare names. The signal that they're coastal was never in their own phrase, it was in their *section*: sitting between already-correctly-classified points (a ""-Mündung"" river mouth, a ""Kap"" cape) that do carry a keyword. That's checkable without topostext at all - a section mixing coastal-family points (`coast`/`harbor`/`river_mouth`, keyword- detected from the German name) with plain `city` points, with no sea-word header of its own, is structurally suspicious on its own: Ptolemy's sections are narratively homogeneous (a coastal run OR an inland list, established as this project's whole classification premise), so a section doing both at once is far more likely to be one coastal run some of whose points merely lack their own keyword than a genuine mix.  Found 110 such sections catalogue-wide. Checked every one's full topostext text (not just the `city` points' own phrases) before adding it - looking for either confirming coastal language (promontory/harbor/river mouth/gulf/bay, a run of real coastal place-names) or a contradiction (an inland/interior framing, the same ""in the interior of Galatian Pontos"" shape that correctly ruled out a candidate earlier this session). 109 confirmed straightforwardly - a representative sample across the whole range: Lusitania's own coast continuing past the Durius fix above (Oliosipum/Lisbon, Obila - ""LUSITANIA...the mouth of the river, which flows into the Outer Sea""); the Basque/Catalan coast (`2.06.07`/`.10`/`.14`/`.15`/`.18`/`.19`/`.20` - ""Of the Autrigones: Nerva river mouth | Flaviobriga"", ""Of the Vascones: Oiasso city | Ocasso promontory of the Pyrenees""); Dalmatia (`2.16.02`/`.03`/`.05` - ""Ortopla...mouth of the Titos river...Skardona""); Macedonia and Thessaly (`3.13.05/06/12/14/15/16` - ""In Amphaxitis: Thessalonike | Echedoros river outlet"", ""In Pieria: ...Pydna | Haliakmon river outlet...Dion colonia...Peneios river outlet""); Boiotia and the Lokrians (`3.15.03/09/11` - ""In Boiotia: Aulis | Ismenos river outlet | Salganeus | Anthedon""); Messenia (`3.16.07` - ""Kyparissia city | Kyparission promontory...Pylos | Koryphasion headland | Mothone""); Crete's south coast (`3.17.03/04/07/08` - ""Description of the south side: Lissos | Tarrha...Phoinix city | Phoinikous harbor""); Mauretania/Numidia/Africa/Cyrenaica (`4.01`-`4.04`,`4.06`-`4.08`, a dozen sections - Icosium, Rusazus, Carthage's own harbor towns, ""In the Pentapolis, Berenike or Hesperides | mouth of the Lathon river""); Anatolia's Aeolis/Lykia/ Pontus coasts (`5.01`-`5.14`, another dozen - ""Patara | Antiphellos | Andriake...Olympos city | Phaselis""); the Levant's own continuation past the Phoenicia fix (`5.16.02` - Kaisareia, Apollonia, Ioppe/Jaffa, Azotos, Askalon, Anthedon, already-`harbor` Gaza/Iamnia ports between them); the Persian Gulf coast of Babylonia/Susiane/Persis (`5.20.05`,`6.02.02`-`6.04.02` - ""this coast is described as follows: the western mouth of the Tigris river...""); and India's own Malabar/Coromandel/Ganges-delta coasts (`7.01`/`7.02`/`7.03`/`7.04`, the largest single cluster - ""(Ariake) of the Pirates. Mandagara..."", ""Maisolia. Mouth of the River Maisolos..."", ""Mouths of the Ganges...""). One candidate, `3.05.14`, was excluded: its own `city` point (""Nördlicher Endpunkt"") is ""the southern limit of Sarmatia at the *sources* of the Tanais river"" - a river-source boundary marker at the opposite end from this section's real coastal points (the Tanais' two mouths), the same shape as the Durius/Anas fixes above, not a coastal gap - left as `city`, worth a closer individual look later if it turns out to need one."
3.14.07,3,3.14,07,EU10,Epeiros,Epeiros | Chaonen,,inland,
3.14.08,3,3.14,08,EU10,Kassopäer,Kassopäer | Doloper,,inland,
3.14.09,3,3.14,09,EU10,Amphilocher,Amphilocher | Athamanen,,inland,
3.14.10,3,3.14,10,EU10,Akarnanen,Akarnanen,,inland,
3.14.11,3,3.14,11,EU10,Epeiros,Epeiros | Korkyra,"Mountains in this section:  Mt. Kallidromon, whose midpoint lies at degrees .",island,"_ISLAND_APPENDIX_SECTIONS covers two structurally different things: a section that's one island's own detailed coastal walk (Corfu's section ""11"" - Kassiope, Ptychia, Korkyra, then three capes in catalogue order around the shore), and a section that's a *list* of several different islands (the Cyclades' section ""28"" - Ios, Polyaigos, Therasia, Delos... are seven different islands, not seven points on one island's coast). Connecting every point in an island-appendix section into one line would be right for the former and draw a nonsensical inter-island line for the latter - and gap size alone can't tell them apart, the same way it couldn't for loop-closing (see _NO_CLOSE_LOOP_TRAILS): Corfu's own capes sit 0.3-0.8 degrees apart, but so do plenty of *different* Cycladic islands in Ptolemy's own compressed coordinates. So island lines are opt-in, not automatic: only sections manually confirmed to be one island's own coastal walk are listed here, mapped to that island's name so sections describing the *same* island (Euboea's coast is told across three consecutive sections) merge into a single line. Everything else stays plotted as individual, unconnected island points."
3.14.12,3,3.14,12,EU10,Kephallenia*,Kephallenia*,,island,"Found by the systematic topostext-disagreement review (2026-07-30): the *other* Ionian islands, each cited once (not a coastal walk of any single one, so no _ISLAND_LINE_GROUPS entry - just the ""list of several different islands"" shape _ISLAND_APPENDIX_SECTIONS exists for). Section ""12"": Kephallenia (""Kephallenia island, with a city of the same name...its northernmost promontory"" / ""the southern promontory"" - both capes stay `island` too, the same as Corfu's own capes above), Erikusa, Skopelos, Leukas (""Leukas island""). Section ""13"": Echinaden (""the Echinades islands""), Ithake (""in which a city of that name""), Lotoa (""Letoa island""), Zakynthos (""in which a city of the same name""). All were sitting in `city`."
3.14.13,3,3.14,13,EU10,Echinaden,,The following cities are in the Greek interior: Interior of Aitolia Chalkis .,island,"Found by the systematic topostext-disagreement review (2026-07-30): the *other* Ionian islands, each cited once (not a coastal walk of any single one, so no _ISLAND_LINE_GROUPS entry - just the ""list of several different islands"" shape _ISLAND_APPENDIX_SECTIONS exists for). Section ""12"": Kephallenia (""Kephallenia island, with a city of the same name...its northernmost promontory"" / ""the southern promontory"" - both capes stay `island` too, the same as Corfu's own capes above), Erikusa, Skopelos, Leukas (""Leukas island""). Section ""13"": Echinaden (""the Echinades islands""), Ithake (""in which a city of that name""), Lotoa (""Letoa island""), Zakynthos (""in which a city of the same name""). All were sitting in `city`."
3.15.02,3,3.15,02,EU10,Acheloos,Acheloos | Epeiros | Adriatisches Meer | Ätolien,,coast section,
3.15.03,3,3.15,03,EU10,Lokrische Ozolen,Lokrische Ozolen,,coast section," A seventeenth-round, catalogue-wide sweep (2026-07-30), prompted by the user pointing out a structural blind spot in every check run so far this session: crossref_topostext.py/category_check.py only ever flag a `city` point when *that point's own* topostext phrase contains a coastal keyword - Sidon, Tyros and Byblos (fixed just above) have none; their own citations are bare names. The signal that they're coastal was never in their own phrase, it was in their *section*: sitting between already-correctly-classified points (a ""-Mündung"" river mouth, a ""Kap"" cape) that do carry a keyword. That's checkable without topostext at all - a section mixing coastal-family points (`coast`/`harbor`/`river_mouth`, keyword- detected from the German name) with plain `city` points, with no sea-word header of its own, is structurally suspicious on its own: Ptolemy's sections are narratively homogeneous (a coastal run OR an inland list, established as this project's whole classification premise), so a section doing both at once is far more likely to be one coastal run some of whose points merely lack their own keyword than a genuine mix.  Found 110 such sections catalogue-wide. Checked every one's full topostext text (not just the `city` points' own phrases) before adding it - looking for either confirming coastal language (promontory/harbor/river mouth/gulf/bay, a run of real coastal place-names) or a contradiction (an inland/interior framing, the same ""in the interior of Galatian Pontos"" shape that correctly ruled out a candidate earlier this session). 109 confirmed straightforwardly - a representative sample across the whole range: Lusitania's own coast continuing past the Durius fix above (Oliosipum/Lisbon, Obila - ""LUSITANIA...the mouth of the river, which flows into the Outer Sea""); the Basque/Catalan coast (`2.06.07`/`.10`/`.14`/`.15`/`.18`/`.19`/`.20` - ""Of the Autrigones: Nerva river mouth | Flaviobriga"", ""Of the Vascones: Oiasso city | Ocasso promontory of the Pyrenees""); Dalmatia (`2.16.02`/`.03`/`.05` - ""Ortopla...mouth of the Titos river...Skardona""); Macedonia and Thessaly (`3.13.05/06/12/14/15/16` - ""In Amphaxitis: Thessalonike | Echedoros river outlet"", ""In Pieria: ...Pydna | Haliakmon river outlet...Dion colonia...Peneios river outlet""); Boiotia and the Lokrians (`3.15.03/09/11` - ""In Boiotia: Aulis | Ismenos river outlet | Salganeus | Anthedon""); Messenia (`3.16.07` - ""Kyparissia city | Kyparission promontory...Pylos | Koryphasion headland | Mothone""); Crete's south coast (`3.17.03/04/07/08` - ""Description of the south side: Lissos | Tarrha...Phoinix city | Phoinikous harbor""); Mauretania/Numidia/Africa/Cyrenaica (`4.01`-`4.04`,`4.06`-`4.08`, a dozen sections - Icosium, Rusazus, Carthage's own harbor towns, ""In the Pentapolis, Berenike or Hesperides | mouth of the Lathon river""); Anatolia's Aeolis/Lykia/ Pontus coasts (`5.01`-`5.14`, another dozen - ""Patara | Antiphellos | Andriake...Olympos city | Phaselis""); the Levant's own continuation past the Phoenicia fix (`5.16.02` - Kaisareia, Apollonia, Ioppe/Jaffa, Azotos, Askalon, Anthedon, already-`harbor` Gaza/Iamnia ports between them); the Persian Gulf coast of Babylonia/Susiane/Persis (`5.20.05`,`6.02.02`-`6.04.02` - ""this coast is described as follows: the western mouth of the Tigris river...""); and India's own Malabar/Coromandel/Ganges-delta coasts (`7.01`/`7.02`/`7.03`/`7.04`, the largest single cluster - ""(Ariake) of the Pirates. Mandagara..."", ""Maisolia. Mouth of the River Maisolos..."", ""Mouths of the Ganges...""). One candidate, `3.05.14`, was excluded: its own `city` point (""Nördlicher Endpunkt"") is ""the southern limit of Sarmatia at the *sources* of the Tanais river"" - a river-source boundary marker at the opposite end from this section's real coastal points (the Tanais' two mouths), the same shape as the Durius/Anas fixes above, not a coastal gap - left as `city`, worth a closer individual look later if it turns out to need one."
3.15.04,3,3.15,04,EU10,Phokis,Phokis,,inland,
3.15.05,3,3.15,05,EU10,Böotien,Böotien,,inland,
3.15.06,3,3.15,06,EU10,Megaris,Megaris | Isthmos,,inland,
3.15.07,3,3.15,07,EU10,Attika,Attika,,coast section,"A wide batch found by the same systematic topostext-disagreement review, each independently confirmed the same way: a plain-named harbor town or headland sitting in `city`, whose section has no sea-word header of its own but whose topostext citation both names it a harbor/port *and* sits in an unbroken run of coastal citations (river mouths, capes, other harbors) either side of it in the same section - the same ""province/tribe name instead of sea name"" header gap already fixed many times this session, just not yet swept outside the regions checked so far: [Attica: ""Peiraieus...Ilissos river outlet...Mounychias harbor...Hyphormos harbor...Sounion promontory...""]"
3.15.08,3,3.15,08,EU10,Ägäisches Meer,Ägäisches Meer,,coast section,
3.15.09,3,3.15,09,EU10,Böotien,Böotien,,coast section," A seventeenth-round, catalogue-wide sweep (2026-07-30), prompted by the user pointing out a structural blind spot in every check run so far this session: crossref_topostext.py/category_check.py only ever flag a `city` point when *that point's own* topostext phrase contains a coastal keyword - Sidon, Tyros and Byblos (fixed just above) have none; their own citations are bare names. The signal that they're coastal was never in their own phrase, it was in their *section*: sitting between already-correctly-classified points (a ""-Mündung"" river mouth, a ""Kap"" cape) that do carry a keyword. That's checkable without topostext at all - a section mixing coastal-family points (`coast`/`harbor`/`river_mouth`, keyword- detected from the German name) with plain `city` points, with no sea-word header of its own, is structurally suspicious on its own: Ptolemy's sections are narratively homogeneous (a coastal run OR an inland list, established as this project's whole classification premise), so a section doing both at once is far more likely to be one coastal run some of whose points merely lack their own keyword than a genuine mix.  Found 110 such sections catalogue-wide. Checked every one's full topostext text (not just the `city` points' own phrases) before adding it - looking for either confirming coastal language (promontory/harbor/river mouth/gulf/bay, a run of real coastal place-names) or a contradiction (an inland/interior framing, the same ""in the interior of Galatian Pontos"" shape that correctly ruled out a candidate earlier this session). 109 confirmed straightforwardly - a representative sample across the whole range: Lusitania's own coast continuing past the Durius fix above (Oliosipum/Lisbon, Obila - ""LUSITANIA...the mouth of the river, which flows into the Outer Sea""); the Basque/Catalan coast (`2.06.07`/`.10`/`.14`/`.15`/`.18`/`.19`/`.20` - ""Of the Autrigones: Nerva river mouth | Flaviobriga"", ""Of the Vascones: Oiasso city | Ocasso promontory of the Pyrenees""); Dalmatia (`2.16.02`/`.03`/`.05` - ""Ortopla...mouth of the Titos river...Skardona""); Macedonia and Thessaly (`3.13.05/06/12/14/15/16` - ""In Amphaxitis: Thessalonike | Echedoros river outlet"", ""In Pieria: ...Pydna | Haliakmon river outlet...Dion colonia...Peneios river outlet""); Boiotia and the Lokrians (`3.15.03/09/11` - ""In Boiotia: Aulis | Ismenos river outlet | Salganeus | Anthedon""); Messenia (`3.16.07` - ""Kyparissia city | Kyparission promontory...Pylos | Koryphasion headland | Mothone""); Crete's south coast (`3.17.03/04/07/08` - ""Description of the south side: Lissos | Tarrha...Phoinix city | Phoinikous harbor""); Mauretania/Numidia/Africa/Cyrenaica (`4.01`-`4.04`,`4.06`-`4.08`, a dozen sections - Icosium, Rusazus, Carthage's own harbor towns, ""In the Pentapolis, Berenike or Hesperides | mouth of the Lathon river""); Anatolia's Aeolis/Lykia/ Pontus coasts (`5.01`-`5.14`, another dozen - ""Patara | Antiphellos | Andriake...Olympos city | Phaselis""); the Levant's own continuation past the Phoenicia fix (`5.16.02` - Kaisareia, Apollonia, Ioppe/Jaffa, Azotos, Askalon, Anthedon, already-`harbor` Gaza/Iamnia ports between them); the Persian Gulf coast of Babylonia/Susiane/Persis (`5.20.05`,`6.02.02`-`6.04.02` - ""this coast is described as follows: the western mouth of the Tigris river...""); and India's own Malabar/Coromandel/Ganges-delta coasts (`7.01`/`7.02`/`7.03`/`7.04`, the largest single cluster - ""(Ariake) of the Pirates. Mandagara..."", ""Maisolia. Mouth of the River Maisolos..."", ""Mouths of the Ganges...""). One candidate, `3.05.14`, was excluded: its own `city` point (""Nördlicher Endpunkt"") is ""the southern limit of Sarmatia at the *sources* of the Tanais river"" - a river-source boundary marker at the opposite end from this section's real coastal points (the Tanais' two mouths), the same shape as the Durius/Anas fixes above, not a coastal gap - left as `city`, worth a closer individual look later if it turns out to need one."
3.15.10,3,3.15,10,EU10,Opuntier,Opuntier,Cities in the Cretan interior:  Polyrrhenia .,inland,
3.15.11,3,3.15,11,EU10,Lokrische Epiknemidier,Lokrische Epiknemidier,"Islands adjacent to Crete Klaudos island, in which a city .",coast section," A seventeenth-round, catalogue-wide sweep (2026-07-30), prompted by the user pointing out a structural blind spot in every check run so far this session: crossref_topostext.py/category_check.py only ever flag a `city` point when *that point's own* topostext phrase contains a coastal keyword - Sidon, Tyros and Byblos (fixed just above) have none; their own citations are bare names. The signal that they're coastal was never in their own phrase, it was in their *section*: sitting between already-correctly-classified points (a ""-Mündung"" river mouth, a ""Kap"" cape) that do carry a keyword. That's checkable without topostext at all - a section mixing coastal-family points (`coast`/`harbor`/`river_mouth`, keyword- detected from the German name) with plain `city` points, with no sea-word header of its own, is structurally suspicious on its own: Ptolemy's sections are narratively homogeneous (a coastal run OR an inland list, established as this project's whole classification premise), so a section doing both at once is far more likely to be one coastal run some of whose points merely lack their own keyword than a genuine mix.  Found 110 such sections catalogue-wide. Checked every one's full topostext text (not just the `city` points' own phrases) before adding it - looking for either confirming coastal language (promontory/harbor/river mouth/gulf/bay, a run of real coastal place-names) or a contradiction (an inland/interior framing, the same ""in the interior of Galatian Pontos"" shape that correctly ruled out a candidate earlier this session). 109 confirmed straightforwardly - a representative sample across the whole range: Lusitania's own coast continuing past the Durius fix above (Oliosipum/Lisbon, Obila - ""LUSITANIA...the mouth of the river, which flows into the Outer Sea""); the Basque/Catalan coast (`2.06.07`/`.10`/`.14`/`.15`/`.18`/`.19`/`.20` - ""Of the Autrigones: Nerva river mouth | Flaviobriga"", ""Of the Vascones: Oiasso city | Ocasso promontory of the Pyrenees""); Dalmatia (`2.16.02`/`.03`/`.05` - ""Ortopla...mouth of the Titos river...Skardona""); Macedonia and Thessaly (`3.13.05/06/12/14/15/16` - ""In Amphaxitis: Thessalonike | Echedoros river outlet"", ""In Pieria: ...Pydna | Haliakmon river outlet...Dion colonia...Peneios river outlet""); Boiotia and the Lokrians (`3.15.03/09/11` - ""In Boiotia: Aulis | Ismenos river outlet | Salganeus | Anthedon""); Messenia (`3.16.07` - ""Kyparissia city | Kyparission promontory...Pylos | Koryphasion headland | Mothone""); Crete's south coast (`3.17.03/04/07/08` - ""Description of the south side: Lissos | Tarrha...Phoinix city | Phoinikous harbor""); Mauretania/Numidia/Africa/Cyrenaica (`4.01`-`4.04`,`4.06`-`4.08`, a dozen sections - Icosium, Rusazus, Carthage's own harbor towns, ""In the Pentapolis, Berenike or Hesperides | mouth of the Lathon river""); Anatolia's Aeolis/Lykia/ Pontus coasts (`5.01`-`5.14`, another dozen - ""Patara | Antiphellos | Andriake...Olympos city | Phaselis""); the Levant's own continuation past the Phoenicia fix (`5.16.02` - Kaisareia, Apollonia, Ioppe/Jaffa, Azotos, Askalon, Anthedon, already-`harbor` Gaza/Iamnia ports between them); the Persian Gulf coast of Babylonia/Susiane/Persis (`5.20.05`,`6.02.02`-`6.04.02` - ""this coast is described as follows: the western mouth of the Tigris river...""); and India's own Malabar/Coromandel/Ganges-delta coasts (`7.01`/`7.02`/`7.03`/`7.04`, the largest single cluster - ""(Ariake) of the Pirates. Mandagara..."", ""Maisolia. Mouth of the River Maisolos..."", ""Mouths of the Ganges...""). One candidate, `3.05.14`, was excluded: its own `city` point (""Nördlicher Endpunkt"") is ""the southern limit of Sarmatia at the *sources* of the Tanais river"" - a river-source boundary marker at the opposite end from this section's real coastal points (the Tanais' two mouths), the same shape as the Durius/Anas fixes above, not a coastal gap - left as `city`, worth a closer individual look later if it turns out to need one."
3.15.12,3,3.15,12,EU10,Kallidromos-Gebirge,,,inland,
3.15.13,3,3.15,13,EU10,Acheloos,Acheloos | Pindos-Gebirge | Euenos | Kallidromos-Gebirge | Kephisos | Böotien | Asopos | Ismenos,,inland,
3.15.14,3,3.15,14,EU10,Hellas,Hellas | Ätolien,,inland,
3.15.15,3,3.15,15,EU10,Doris,Doris,,inland,
3.15.16,3,3.15,16,EU10,Lokrische Ozolen,Lokrische Ozolen,,inland,
3.15.17,3,3.15,17,EU10,Lokrische Epiknemidier,Lokrische Epiknemidier,,inland,
3.15.18,3,3.15,18,EU10,Phokis,Phokis,,inland,
3.15.19,3,3.15,19,EU10,Opuntier,Opuntier,,inland,
3.15.20,3,3.15,20,EU10,Böotien,Böotien,,inland,
3.15.21,3,3.15,21,EU10,Megaris,Megaris,,inland,
3.15.22,3,3.15,22,EU10,Attika,Attika,,inland,
3.15.23,3,3.15,23,EU10,Achaia,Achaia | Ägäisches Meer | Euböa,,island,"_ISLAND_APPENDIX_SECTIONS covers two structurally different things: a section that's one island's own detailed coastal walk (Corfu's section ""11"" - Kassiope, Ptychia, Korkyra, then three capes in catalogue order around the shore), and a section that's a *list* of several different islands (the Cyclades' section ""28"" - Ios, Polyaigos, Therasia, Delos... are seven different islands, not seven points on one island's coast). Connecting every point in an island-appendix section into one line would be right for the former and draw a nonsensical inter-island line for the latter - and gap size alone can't tell them apart, the same way it couldn't for loop-closing (see _NO_CLOSE_LOOP_TRAILS): Corfu's own capes sit 0.3-0.8 degrees apart, but so do plenty of *different* Cycladic islands in Ptolemy's own compressed coordinates. So island lines are opt-in, not automatic: only sections manually confirmed to be one island's own coastal walk are listed here, mapped to that island's name so sections describing the *same* island (Euboea's coast is told across three consecutive sections) merge into a single line. Everything else stays plotted as individual, unconnected island points."
3.15.24,3,3.15,24,EU10,Euripos,Euripos,,island,"_ISLAND_APPENDIX_SECTIONS covers two structurally different things: a section that's one island's own detailed coastal walk (Corfu's section ""11"" - Kassiope, Ptychia, Korkyra, then three capes in catalogue order around the shore), and a section that's a *list* of several different islands (the Cyclades' section ""28"" - Ios, Polyaigos, Therasia, Delos... are seven different islands, not seven points on one island's coast). Connecting every point in an island-appendix section into one line would be right for the former and draw a nonsensical inter-island line for the latter - and gap size alone can't tell them apart, the same way it couldn't for loop-closing (see _NO_CLOSE_LOOP_TRAILS): Corfu's own capes sit 0.3-0.8 degrees apart, but so do plenty of *different* Cycladic islands in Ptolemy's own compressed coordinates. So island lines are opt-in, not automatic: only sections manually confirmed to be one island's own coastal walk are listed here, mapped to that island's name so sections describing the *same* island (Euboea's coast is told across three consecutive sections) merge into a single line. Everything else stays plotted as individual, unconnected island points."
3.15.25,3,3.15,25,EU10,Kap Kaphereus,,,island,"_ISLAND_APPENDIX_SECTIONS covers two structurally different things: a section that's one island's own detailed coastal walk (Corfu's section ""11"" - Kassiope, Ptychia, Korkyra, then three capes in catalogue order around the shore), and a section that's a *list* of several different islands (the Cyclades' section ""28"" - Ios, Polyaigos, Therasia, Delos... are seven different islands, not seven points on one island's coast). Connecting every point in an island-appendix section into one line would be right for the former and draw a nonsensical inter-island line for the latter - and gap size alone can't tell them apart, the same way it couldn't for loop-closing (see _NO_CLOSE_LOOP_TRAILS): Corfu's own capes sit 0.3-0.8 degrees apart, but so do plenty of *different* Cycladic islands in Ptolemy's own compressed coordinates. So island lines are opt-in, not automatic: only sections manually confirmed to be one island's own coastal walk are listed here, mapped to that island's name so sections describing the *same* island (Euboea's coast is told across three consecutive sections) merge into a single line. Everything else stays plotted as individual, unconnected island points."
3.15.26,3,3.15,26,EU10,Attika,Attika | Euböa | Thera,,inland,
3.15.27,3,3.15,27,EU10,Kia,Kia,,island,"Found by the systematic topostext-disagreement review (2026-07-30): the *other* Ionian islands, each cited once (not a coastal walk of any single one, so no _ISLAND_LINE_GROUPS entry - just the ""list of several different islands"" shape _ISLAND_APPENDIX_SECTIONS exists for). Section ""12"": Kephallenia (""Kephallenia island, with a city of the same name...its northernmost promontory"" / ""the southern promontory"" - both capes stay `island` too, the same as Corfu's own capes above), Erikusa, Skopelos, Leukas (""Leukas island""). Section ""13"": Echinaden (""the Echinades islands""), Ithake (""in which a city of that name""), Lotoa (""Letoa island""), Zakynthos (""in which a city of the same name""). All were sitting in `city`. [Koressos/Iulis/Karthaia - Kea (Cyclades)]"
3.15.28,3,3.15,28,EU10,"Ios, Insel und Stadt",,,island,"Found by the systematic topostext-disagreement review (2026-07-30): the *other* Ionian islands, each cited once (not a coastal walk of any single one, so no _ISLAND_LINE_GROUPS entry - just the ""list of several different islands"" shape _ISLAND_APPENDIX_SECTIONS exists for). Section ""12"": Kephallenia (""Kephallenia island, with a city of the same name...its northernmost promontory"" / ""the southern promontory"" - both capes stay `island` too, the same as Corfu's own capes above), Erikusa, Skopelos, Leukas (""Leukas island""). Section ""13"": Echinaden (""the Echinades islands""), Ithake (""in which a city of that name""), Lotoa (""Letoa island""), Zakynthos (""in which a city of the same name""). All were sitting in `city`. [Ios/Polyaigos/Therasia/Delos/Oliaros/Kythnos/Rhene (Cyclades)]"
3.15.29,3,3.15,29,EU10,Mykonos,Mykonos,,island,"Found by the systematic topostext-disagreement review (2026-07-30): the *other* Ionian islands, each cited once (not a coastal walk of any single one, so no _ISLAND_LINE_GROUPS entry - just the ""list of several different islands"" shape _ISLAND_APPENDIX_SECTIONS exists for). Section ""12"": Kephallenia (""Kephallenia island, with a city of the same name...its northernmost promontory"" / ""the southern promontory"" - both capes stay `island` too, the same as Corfu's own capes above), Erikusa, Skopelos, Leukas (""Leukas island""). Section ""13"": Echinaden (""the Echinades islands""), Ithake (""in which a city of that name""), Lotoa (""Letoa island""), Zakynthos (""in which a city of the same name""). All were sitting in `city`. [Kap Phorbia + Stadt auf Mykonos (Cyclades)]"
3.15.30,3,3.15,30,EU10,Kykladen,Kykladen | Andros,,island,"Found by the systematic topostext-disagreement review (2026-07-30): the *other* Ionian islands, each cited once (not a coastal walk of any single one, so no _ISLAND_LINE_GROUPS entry - just the ""list of several different islands"" shape _ISLAND_APPENDIX_SECTIONS exists for). Section ""12"": Kephallenia (""Kephallenia island, with a city of the same name...its northernmost promontory"" / ""the southern promontory"" - both capes stay `island` too, the same as Corfu's own capes above), Erikusa, Skopelos, Leukas (""Leukas island""). Section ""13"": Echinaden (""the Echinades islands""), Ithake (""in which a city of that name""), Lotoa (""Letoa island""), Zakynthos (""in which a city of the same name""). All were sitting in `city`. [Andros/Tenos/Syros/Naxos/Paros/Siphnos + a 2nd ""Kap Sunion"" citation (Cyclades)]"
3.15.31,3,3.15,31,EU10,Seriphos,,,island,"Found by the systematic topostext-disagreement review (2026-07-30): the *other* Ionian islands, each cited once (not a coastal walk of any single one, so no _ISLAND_LINE_GROUPS entry - just the ""list of several different islands"" shape _ISLAND_APPENDIX_SECTIONS exists for). Section ""12"": Kephallenia (""Kephallenia island, with a city of the same name...its northernmost promontory"" / ""the southern promontory"" - both capes stay `island` too, the same as Corfu's own capes above), Erikusa, Skopelos, Leukas (""Leukas island""). Section ""13"": Echinaden (""the Echinades islands""), Ithake (""in which a city of that name""), Lotoa (""Letoa island""), Zakynthos (""in which a city of the same name""). All were sitting in `city`. [Seriphos/Pholegandros/Sikinos (Cyclades)]"
3.16.02,3,3.16,02,EU10,Megaris,Megaris | Golf von Korinth | Achaia,,coast section,
3.16.03,3,3.16,03,EU10,Korinthia,Korinthia,,coast section,"A wide batch found by the same systematic topostext-disagreement review, each independently confirmed the same way: a plain-named harbor town or headland sitting in `city`, whose section has no sea-word header of its own but whose topostext citation both names it a harbor/port *and* sits in an unbroken run of coastal citations (river mouths, capes, other harbors) either side of it in the same section - the same ""province/tribe name instead of sea name"" header gap already fixed many times this session, just not yet swept outside the regions checked so far: [Korinthia: ""Sanctuary of Hera of Corinth...Lechaion port...Asopos river outlet...""]"
3.16.04,3,3.16,04,EU10,Sikyonien,Sikyonien,,inland,
3.16.05,3,3.16,05,EU10,Eigentliches Achaia,Eigentliches Achaia,,coast section,"A wide batch found by the same systematic topostext-disagreement review, each independently confirmed the same way: a plain-named harbor town or headland sitting in `city`, whose section has no sea-word header of its own but whose topostext citation both names it a harbor/port *and* sits in an unbroken run of coastal citations (river mouths, capes, other harbors) either side of it in the same section - the same ""province/tribe name instead of sea name"" header gap already fixed many times this session, just not yet swept outside the regions checked so far: [Achaia proper: ""Aigeira...Erineos harbor...Rhion promontory...""]"
3.16.06,3,3.16,06,EU10,Elis,Elis,,coast section,"A wide batch found by the same systematic topostext-disagreement review, each independently confirmed the same way: a plain-named harbor town or headland sitting in `city`, whose section has no sea-word header of its own but whose topostext citation both names it a harbor/port *and* sits in an unbroken run of coastal citations (river mouths, capes, other harbors) either side of it in the same section - the same ""province/tribe name instead of sea name"" header gap already fixed many times this session, just not yet swept outside the regions checked so far: [Elis: ""Kyllene port...Peneios river outlet...Chelonitis headland...""]"
3.16.07,3,3.16,07,EU10,Messenien,Messenien,,coast section," A seventeenth-round, catalogue-wide sweep (2026-07-30), prompted by the user pointing out a structural blind spot in every check run so far this session: crossref_topostext.py/category_check.py only ever flag a `city` point when *that point's own* topostext phrase contains a coastal keyword - Sidon, Tyros and Byblos (fixed just above) have none; their own citations are bare names. The signal that they're coastal was never in their own phrase, it was in their *section*: sitting between already-correctly-classified points (a ""-Mündung"" river mouth, a ""Kap"" cape) that do carry a keyword. That's checkable without topostext at all - a section mixing coastal-family points (`coast`/`harbor`/`river_mouth`, keyword- detected from the German name) with plain `city` points, with no sea-word header of its own, is structurally suspicious on its own: Ptolemy's sections are narratively homogeneous (a coastal run OR an inland list, established as this project's whole classification premise), so a section doing both at once is far more likely to be one coastal run some of whose points merely lack their own keyword than a genuine mix.  Found 110 such sections catalogue-wide. Checked every one's full topostext text (not just the `city` points' own phrases) before adding it - looking for either confirming coastal language (promontory/harbor/river mouth/gulf/bay, a run of real coastal place-names) or a contradiction (an inland/interior framing, the same ""in the interior of Galatian Pontos"" shape that correctly ruled out a candidate earlier this session). 109 confirmed straightforwardly - a representative sample across the whole range: Lusitania's own coast continuing past the Durius fix above (Oliosipum/Lisbon, Obila - ""LUSITANIA...the mouth of the river, which flows into the Outer Sea""); the Basque/Catalan coast (`2.06.07`/`.10`/`.14`/`.15`/`.18`/`.19`/`.20` - ""Of the Autrigones: Nerva river mouth | Flaviobriga"", ""Of the Vascones: Oiasso city | Ocasso promontory of the Pyrenees""); Dalmatia (`2.16.02`/`.03`/`.05` - ""Ortopla...mouth of the Titos river...Skardona""); Macedonia and Thessaly (`3.13.05/06/12/14/15/16` - ""In Amphaxitis: Thessalonike | Echedoros river outlet"", ""In Pieria: ...Pydna | Haliakmon river outlet...Dion colonia...Peneios river outlet""); Boiotia and the Lokrians (`3.15.03/09/11` - ""In Boiotia: Aulis | Ismenos river outlet | Salganeus | Anthedon""); Messenia (`3.16.07` - ""Kyparissia city | Kyparission promontory...Pylos | Koryphasion headland | Mothone""); Crete's south coast (`3.17.03/04/07/08` - ""Description of the south side: Lissos | Tarrha...Phoinix city | Phoinikous harbor""); Mauretania/Numidia/Africa/Cyrenaica (`4.01`-`4.04`,`4.06`-`4.08`, a dozen sections - Icosium, Rusazus, Carthage's own harbor towns, ""In the Pentapolis, Berenike or Hesperides | mouth of the Lathon river""); Anatolia's Aeolis/Lykia/ Pontus coasts (`5.01`-`5.14`, another dozen - ""Patara | Antiphellos | Andriake...Olympos city | Phaselis""); the Levant's own continuation past the Phoenicia fix (`5.16.02` - Kaisareia, Apollonia, Ioppe/Jaffa, Azotos, Askalon, Anthedon, already-`harbor` Gaza/Iamnia ports between them); the Persian Gulf coast of Babylonia/Susiane/Persis (`5.20.05`,`6.02.02`-`6.04.02` - ""this coast is described as follows: the western mouth of the Tigris river...""); and India's own Malabar/Coromandel/Ganges-delta coasts (`7.01`/`7.02`/`7.03`/`7.04`, the largest single cluster - ""(Ariake) of the Pirates. Mandagara..."", ""Maisolia. Mouth of the River Maisolos..."", ""Mouths of the Ganges...""). One candidate, `3.05.14`, was excluded: its own `city` point (""Nördlicher Endpunkt"") is ""the southern limit of Sarmatia at the *sources* of the Tanais river"" - a river-source boundary marker at the opposite end from this section's real coastal points (the Tanais' two mouths), the same shape as the Durius/Anas fixes above, not a coastal gap - left as `city`, worth a closer individual look later if it turns out to need one."
3.16.08,3,3.16,08,EU10,Messenischer Golf,Messenischer Golf,,coast section,
3.16.09,3,3.16,09,EU10,Lakonien,Lakonien | Lakonischer Golf,,coast section,
3.16.10,3,3.16,10,EU10,Argolischer Golf,Argolischer Golf | Lakonien,,coast section,
3.16.11,3,3.16,11,EU10,Argolis,Argolis,,coast section,"A wide batch found by the same systematic topostext-disagreement review, each independently confirmed the same way: a plain-named harbor town or headland sitting in `city`, whose section has no sea-word header of its own but whose topostext citation both names it a harbor/port *and* sits in an unbroken run of coastal citations (river mouths, capes, other harbors) either side of it in the same section - the same ""province/tribe name instead of sea name"" header gap already fixed many times this session, just not yet swept outside the regions checked so far: [Argolis: ""Astron...Inachos river outlet...Nauplia port...Skyllaion promontory...""]"
3.16.12,3,3.16,12,EU10,Saronischer Golf,Saronischer Golf | Argolis,,coast section,
3.16.13,3,3.16,13,EU10,Korinthia,Korinthia,,coast section,"A wide batch found by the same systematic topostext-disagreement review, each independently confirmed the same way: a plain-named harbor town or headland sitting in `city`, whose section has no sea-word header of its own but whose topostext citation both names it a harbor/port *and* sits in an unbroken run of coastal citations (river mouths, capes, other harbors) either side of it in the same section - the same ""province/tribe name instead of sea name"" header gap already fixed many times this session, just not yet swept outside the regions checked so far: [Argolis/Korinthia continuation: ""...Speiraion promontory...Kenchreai port...Schoinous harbor""]"
3.16.14,3,3.16,14,EU10,Peloponnes,Peloponnes,,mountain,"The mountain-side counterpart of _ISLAND_APPENDIX_SECTIONS: a section that's purely a *list* of named mountains/peaks, each cited by its own proper name with no ""-Gebirge""/""-berg"" suffix of its own to catch by keyword (""Of the named mountains the center of Bertiskos lies at...Mt. Bermion...Mt. Olympos..."", ""Mountains in the Peloponnese Pholoe...and Stymphalos..."") - the same ""no shared pattern to regex on, so it has to be an explicit allow-list"" reasoning as the island appendix. Confirmed by topostext's own section headers; more such sections likely exist elsewhere in the catalogue, not yet found because their books haven't been cross-referenced yet. [Pholoe/Stymphalos/Minthe/Taygetos/Kronion/Zarex - the Peloponnese's named mountains]"
3.16.15,3,3.16,15,EU10,Eigentliches Achaia,Eigentliches Achaia,,inland,
3.16.16,3,3.16,16,EU10,Sikyonien,Sikyonien,,inland,
3.16.17,3,3.16,17,EU10,Korinthia,Korinthia,,inland,
3.16.18,3,3.16,18,EU10,Elis,Elis,,inland,
3.16.19,3,3.16,19,EU10,Arkadien,Arkadien,,inland,
3.16.20,3,3.16,20,EU10,Argolis,Argolis,,inland,
3.16.21,3,3.16,21,EU10,Messenien,Messenien,,inland,
3.16.22,3,3.16,22,EU10,Lakonien,Lakonien,,inland,
3.16.23,3,3.16,23,EU10,Peloponnes,Peloponnes,,island,"The following five were confirmed against topostext.org/work/209's English translation, which states outright ""the Ebuda islands..."", ""the islands which are near Albion island..."", etc. - independent of our own Modern_location-based guessing. [Strophaden/Prote/Sphagia/Theganusa/Kythera/Aigila/Salamis/Aigine - the islands adjoining the Peloponnese (topostext: ""Islands adjoining the Peloponnese: the Strophades..."")]"
3.17.02,3,3.17,02,EU10,Korykos,,,coast section,"A wide batch found by the same systematic topostext-disagreement review, each independently confirmed the same way: a plain-named harbor town or headland sitting in `city`, whose section has no sea-word header of its own but whose topostext citation both names it a harbor/port *and* sits in an unbroken run of coastal citations (river mouths, capes, other harbors) either side of it in the same section - the same ""province/tribe name instead of sea name"" header gap already fixed many times this session, just not yet swept outside the regions checked so far: [Crete, ""Description of the western side"": Korykos headland/city into Rhamnous harbor]"
3.17.03,3,3.17,03,EU10,Lissos,,,coast section," A seventeenth-round, catalogue-wide sweep (2026-07-30), prompted by the user pointing out a structural blind spot in every check run so far this session: crossref_topostext.py/category_check.py only ever flag a `city` point when *that point's own* topostext phrase contains a coastal keyword - Sidon, Tyros and Byblos (fixed just above) have none; their own citations are bare names. The signal that they're coastal was never in their own phrase, it was in their *section*: sitting between already-correctly-classified points (a ""-Mündung"" river mouth, a ""Kap"" cape) that do carry a keyword. That's checkable without topostext at all - a section mixing coastal-family points (`coast`/`harbor`/`river_mouth`, keyword- detected from the German name) with plain `city` points, with no sea-word header of its own, is structurally suspicious on its own: Ptolemy's sections are narratively homogeneous (a coastal run OR an inland list, established as this project's whole classification premise), so a section doing both at once is far more likely to be one coastal run some of whose points merely lack their own keyword than a genuine mix.  Found 110 such sections catalogue-wide. Checked every one's full topostext text (not just the `city` points' own phrases) before adding it - looking for either confirming coastal language (promontory/harbor/river mouth/gulf/bay, a run of real coastal place-names) or a contradiction (an inland/interior framing, the same ""in the interior of Galatian Pontos"" shape that correctly ruled out a candidate earlier this session). 109 confirmed straightforwardly - a representative sample across the whole range: Lusitania's own coast continuing past the Durius fix above (Oliosipum/Lisbon, Obila - ""LUSITANIA...the mouth of the river, which flows into the Outer Sea""); the Basque/Catalan coast (`2.06.07`/`.10`/`.14`/`.15`/`.18`/`.19`/`.20` - ""Of the Autrigones: Nerva river mouth | Flaviobriga"", ""Of the Vascones: Oiasso city | Ocasso promontory of the Pyrenees""); Dalmatia (`2.16.02`/`.03`/`.05` - ""Ortopla...mouth of the Titos river...Skardona""); Macedonia and Thessaly (`3.13.05/06/12/14/15/16` - ""In Amphaxitis: Thessalonike | Echedoros river outlet"", ""In Pieria: ...Pydna | Haliakmon river outlet...Dion colonia...Peneios river outlet""); Boiotia and the Lokrians (`3.15.03/09/11` - ""In Boiotia: Aulis | Ismenos river outlet | Salganeus | Anthedon""); Messenia (`3.16.07` - ""Kyparissia city | Kyparission promontory...Pylos | Koryphasion headland | Mothone""); Crete's south coast (`3.17.03/04/07/08` - ""Description of the south side: Lissos | Tarrha...Phoinix city | Phoinikous harbor""); Mauretania/Numidia/Africa/Cyrenaica (`4.01`-`4.04`,`4.06`-`4.08`, a dozen sections - Icosium, Rusazus, Carthage's own harbor towns, ""In the Pentapolis, Berenike or Hesperides | mouth of the Lathon river""); Anatolia's Aeolis/Lykia/ Pontus coasts (`5.01`-`5.14`, another dozen - ""Patara | Antiphellos | Andriake...Olympos city | Phaselis""); the Levant's own continuation past the Phoenicia fix (`5.16.02` - Kaisareia, Apollonia, Ioppe/Jaffa, Azotos, Askalon, Anthedon, already-`harbor` Gaza/Iamnia ports between them); the Persian Gulf coast of Babylonia/Susiane/Persis (`5.20.05`,`6.02.02`-`6.04.02` - ""this coast is described as follows: the western mouth of the Tigris river...""); and India's own Malabar/Coromandel/Ganges-delta coasts (`7.01`/`7.02`/`7.03`/`7.04`, the largest single cluster - ""(Ariake) of the Pirates. Mandagara..."", ""Maisolia. Mouth of the River Maisolos..."", ""Mouths of the Ganges...""). One candidate, `3.05.14`, was excluded: its own `city` point (""Nördlicher Endpunkt"") is ""the southern limit of Sarmatia at the *sources* of the Tanais river"" - a river-source boundary marker at the opposite end from this section's real coastal points (the Tanais' two mouths), the same shape as the Durius/Anas fixes above, not a coastal gap - left as `city`, worth a closer individual look later if it turns out to need one."
3.17.04,3,3.17,04,EU10,Psychion,,,coast section," A seventeenth-round, catalogue-wide sweep (2026-07-30), prompted by the user pointing out a structural blind spot in every check run so far this session: crossref_topostext.py/category_check.py only ever flag a `city` point when *that point's own* topostext phrase contains a coastal keyword - Sidon, Tyros and Byblos (fixed just above) have none; their own citations are bare names. The signal that they're coastal was never in their own phrase, it was in their *section*: sitting between already-correctly-classified points (a ""-Mündung"" river mouth, a ""Kap"" cape) that do carry a keyword. That's checkable without topostext at all - a section mixing coastal-family points (`coast`/`harbor`/`river_mouth`, keyword- detected from the German name) with plain `city` points, with no sea-word header of its own, is structurally suspicious on its own: Ptolemy's sections are narratively homogeneous (a coastal run OR an inland list, established as this project's whole classification premise), so a section doing both at once is far more likely to be one coastal run some of whose points merely lack their own keyword than a genuine mix.  Found 110 such sections catalogue-wide. Checked every one's full topostext text (not just the `city` points' own phrases) before adding it - looking for either confirming coastal language (promontory/harbor/river mouth/gulf/bay, a run of real coastal place-names) or a contradiction (an inland/interior framing, the same ""in the interior of Galatian Pontos"" shape that correctly ruled out a candidate earlier this session). 109 confirmed straightforwardly - a representative sample across the whole range: Lusitania's own coast continuing past the Durius fix above (Oliosipum/Lisbon, Obila - ""LUSITANIA...the mouth of the river, which flows into the Outer Sea""); the Basque/Catalan coast (`2.06.07`/`.10`/`.14`/`.15`/`.18`/`.19`/`.20` - ""Of the Autrigones: Nerva river mouth | Flaviobriga"", ""Of the Vascones: Oiasso city | Ocasso promontory of the Pyrenees""); Dalmatia (`2.16.02`/`.03`/`.05` - ""Ortopla...mouth of the Titos river...Skardona""); Macedonia and Thessaly (`3.13.05/06/12/14/15/16` - ""In Amphaxitis: Thessalonike | Echedoros river outlet"", ""In Pieria: ...Pydna | Haliakmon river outlet...Dion colonia...Peneios river outlet""); Boiotia and the Lokrians (`3.15.03/09/11` - ""In Boiotia: Aulis | Ismenos river outlet | Salganeus | Anthedon""); Messenia (`3.16.07` - ""Kyparissia city | Kyparission promontory...Pylos | Koryphasion headland | Mothone""); Crete's south coast (`3.17.03/04/07/08` - ""Description of the south side: Lissos | Tarrha...Phoinix city | Phoinikous harbor""); Mauretania/Numidia/Africa/Cyrenaica (`4.01`-`4.04`,`4.06`-`4.08`, a dozen sections - Icosium, Rusazus, Carthage's own harbor towns, ""In the Pentapolis, Berenike or Hesperides | mouth of the Lathon river""); Anatolia's Aeolis/Lykia/ Pontus coasts (`5.01`-`5.14`, another dozen - ""Patara | Antiphellos | Andriake...Olympos city | Phaselis""); the Levant's own continuation past the Phoenicia fix (`5.16.02` - Kaisareia, Apollonia, Ioppe/Jaffa, Azotos, Askalon, Anthedon, already-`harbor` Gaza/Iamnia ports between them); the Persian Gulf coast of Babylonia/Susiane/Persis (`5.20.05`,`6.02.02`-`6.04.02` - ""this coast is described as follows: the western mouth of the Tigris river...""); and India's own Malabar/Coromandel/Ganges-delta coasts (`7.01`/`7.02`/`7.03`/`7.04`, the largest single cluster - ""(Ariake) of the Pirates. Mandagara..."", ""Maisolia. Mouth of the River Maisolos..."", ""Mouths of the Ganges...""). One candidate, `3.05.14`, was excluded: its own `city` point (""Nördlicher Endpunkt"") is ""the southern limit of Sarmatia at the *sources* of the Tanais river"" - a river-source boundary marker at the opposite end from this section's real coastal points (the Tanais' two mouths), the same shape as the Durius/Anas fixes above, not a coastal gap - left as `city`, worth a closer individual look later if it turns out to need one."
3.17.05,3,3.17,05,EU10,Kap Samonion,,,coast section,"A wide batch found by the same systematic topostext-disagreement review, each independently confirmed the same way: a plain-named harbor town or headland sitting in `city`, whose section has no sea-word header of its own but whose topostext citation both names it a harbor/port *and* sits in an unbroken run of coastal citations (river mouths, capes, other harbors) either side of it in the same section - the same ""province/tribe name instead of sea name"" header gap already fixed many times this session, just not yet swept outside the regions checked so far: [Crete, ""Description of the east side"": Sammonion promontory into Minoa harbor]"
3.17.06,3,3.17,06,EU10,Herakleion,,,inland,
3.17.07,3,3.17,07,EU10,Kap Dion,,,coast section," A seventeenth-round, catalogue-wide sweep (2026-07-30), prompted by the user pointing out a structural blind spot in every check run so far this session: crossref_topostext.py/category_check.py only ever flag a `city` point when *that point's own* topostext phrase contains a coastal keyword - Sidon, Tyros and Byblos (fixed just above) have none; their own citations are bare names. The signal that they're coastal was never in their own phrase, it was in their *section*: sitting between already-correctly-classified points (a ""-Mündung"" river mouth, a ""Kap"" cape) that do carry a keyword. That's checkable without topostext at all - a section mixing coastal-family points (`coast`/`harbor`/`river_mouth`, keyword- detected from the German name) with plain `city` points, with no sea-word header of its own, is structurally suspicious on its own: Ptolemy's sections are narratively homogeneous (a coastal run OR an inland list, established as this project's whole classification premise), so a section doing both at once is far more likely to be one coastal run some of whose points merely lack their own keyword than a genuine mix.  Found 110 such sections catalogue-wide. Checked every one's full topostext text (not just the `city` points' own phrases) before adding it - looking for either confirming coastal language (promontory/harbor/river mouth/gulf/bay, a run of real coastal place-names) or a contradiction (an inland/interior framing, the same ""in the interior of Galatian Pontos"" shape that correctly ruled out a candidate earlier this session). 109 confirmed straightforwardly - a representative sample across the whole range: Lusitania's own coast continuing past the Durius fix above (Oliosipum/Lisbon, Obila - ""LUSITANIA...the mouth of the river, which flows into the Outer Sea""); the Basque/Catalan coast (`2.06.07`/`.10`/`.14`/`.15`/`.18`/`.19`/`.20` - ""Of the Autrigones: Nerva river mouth | Flaviobriga"", ""Of the Vascones: Oiasso city | Ocasso promontory of the Pyrenees""); Dalmatia (`2.16.02`/`.03`/`.05` - ""Ortopla...mouth of the Titos river...Skardona""); Macedonia and Thessaly (`3.13.05/06/12/14/15/16` - ""In Amphaxitis: Thessalonike | Echedoros river outlet"", ""In Pieria: ...Pydna | Haliakmon river outlet...Dion colonia...Peneios river outlet""); Boiotia and the Lokrians (`3.15.03/09/11` - ""In Boiotia: Aulis | Ismenos river outlet | Salganeus | Anthedon""); Messenia (`3.16.07` - ""Kyparissia city | Kyparission promontory...Pylos | Koryphasion headland | Mothone""); Crete's south coast (`3.17.03/04/07/08` - ""Description of the south side: Lissos | Tarrha...Phoinix city | Phoinikous harbor""); Mauretania/Numidia/Africa/Cyrenaica (`4.01`-`4.04`,`4.06`-`4.08`, a dozen sections - Icosium, Rusazus, Carthage's own harbor towns, ""In the Pentapolis, Berenike or Hesperides | mouth of the Lathon river""); Anatolia's Aeolis/Lykia/ Pontus coasts (`5.01`-`5.14`, another dozen - ""Patara | Antiphellos | Andriake...Olympos city | Phaselis""); the Levant's own continuation past the Phoenicia fix (`5.16.02` - Kaisareia, Apollonia, Ioppe/Jaffa, Azotos, Askalon, Anthedon, already-`harbor` Gaza/Iamnia ports between them); the Persian Gulf coast of Babylonia/Susiane/Persis (`5.20.05`,`6.02.02`-`6.04.02` - ""this coast is described as follows: the western mouth of the Tigris river...""); and India's own Malabar/Coromandel/Ganges-delta coasts (`7.01`/`7.02`/`7.03`/`7.04`, the largest single cluster - ""(Ariake) of the Pirates. Mandagara..."", ""Maisolia. Mouth of the River Maisolos..."", ""Mouths of the Ganges...""). One candidate, `3.05.14`, was excluded: its own `city` point (""Nördlicher Endpunkt"") is ""the southern limit of Sarmatia at the *sources* of the Tanais river"" - a river-source boundary marker at the opposite end from this section's real coastal points (the Tanais' two mouths), the same shape as the Durius/Anas fixes above, not a coastal gap - left as `city`, worth a closer individual look later if it turns out to need one."
3.17.08,3,3.17,08,EU10,Pyknos (Pyktos)-Mündung,,,coast section," A seventeenth-round, catalogue-wide sweep (2026-07-30), prompted by the user pointing out a structural blind spot in every check run so far this session: crossref_topostext.py/category_check.py only ever flag a `city` point when *that point's own* topostext phrase contains a coastal keyword - Sidon, Tyros and Byblos (fixed just above) have none; their own citations are bare names. The signal that they're coastal was never in their own phrase, it was in their *section*: sitting between already-correctly-classified points (a ""-Mündung"" river mouth, a ""Kap"" cape) that do carry a keyword. That's checkable without topostext at all - a section mixing coastal-family points (`coast`/`harbor`/`river_mouth`, keyword- detected from the German name) with plain `city` points, with no sea-word header of its own, is structurally suspicious on its own: Ptolemy's sections are narratively homogeneous (a coastal run OR an inland list, established as this project's whole classification premise), so a section doing both at once is far more likely to be one coastal run some of whose points merely lack their own keyword than a genuine mix.  Found 110 such sections catalogue-wide. Checked every one's full topostext text (not just the `city` points' own phrases) before adding it - looking for either confirming coastal language (promontory/harbor/river mouth/gulf/bay, a run of real coastal place-names) or a contradiction (an inland/interior framing, the same ""in the interior of Galatian Pontos"" shape that correctly ruled out a candidate earlier this session). 109 confirmed straightforwardly - a representative sample across the whole range: Lusitania's own coast continuing past the Durius fix above (Oliosipum/Lisbon, Obila - ""LUSITANIA...the mouth of the river, which flows into the Outer Sea""); the Basque/Catalan coast (`2.06.07`/`.10`/`.14`/`.15`/`.18`/`.19`/`.20` - ""Of the Autrigones: Nerva river mouth | Flaviobriga"", ""Of the Vascones: Oiasso city | Ocasso promontory of the Pyrenees""); Dalmatia (`2.16.02`/`.03`/`.05` - ""Ortopla...mouth of the Titos river...Skardona""); Macedonia and Thessaly (`3.13.05/06/12/14/15/16` - ""In Amphaxitis: Thessalonike | Echedoros river outlet"", ""In Pieria: ...Pydna | Haliakmon river outlet...Dion colonia...Peneios river outlet""); Boiotia and the Lokrians (`3.15.03/09/11` - ""In Boiotia: Aulis | Ismenos river outlet | Salganeus | Anthedon""); Messenia (`3.16.07` - ""Kyparissia city | Kyparission promontory...Pylos | Koryphasion headland | Mothone""); Crete's south coast (`3.17.03/04/07/08` - ""Description of the south side: Lissos | Tarrha...Phoinix city | Phoinikous harbor""); Mauretania/Numidia/Africa/Cyrenaica (`4.01`-`4.04`,`4.06`-`4.08`, a dozen sections - Icosium, Rusazus, Carthage's own harbor towns, ""In the Pentapolis, Berenike or Hesperides | mouth of the Lathon river""); Anatolia's Aeolis/Lykia/ Pontus coasts (`5.01`-`5.14`, another dozen - ""Patara | Antiphellos | Andriake...Olympos city | Phaselis""); the Levant's own continuation past the Phoenicia fix (`5.16.02` - Kaisareia, Apollonia, Ioppe/Jaffa, Azotos, Askalon, Anthedon, already-`harbor` Gaza/Iamnia ports between them); the Persian Gulf coast of Babylonia/Susiane/Persis (`5.20.05`,`6.02.02`-`6.04.02` - ""this coast is described as follows: the western mouth of the Tigris river...""); and India's own Malabar/Coromandel/Ganges-delta coasts (`7.01`/`7.02`/`7.03`/`7.04`, the largest single cluster - ""(Ariake) of the Pirates. Mandagara..."", ""Maisolia. Mouth of the River Maisolos..."", ""Mouths of the Ganges...""). One candidate, `3.05.14`, was excluded: its own `city` point (""Nördlicher Endpunkt"") is ""the southern limit of Sarmatia at the *sources* of the Tanais river"" - a river-source boundary marker at the opposite end from this section's real coastal points (the Tanais' two mouths), the same shape as the Durius/Anas fixes above, not a coastal gap - left as `city`, worth a closer individual look later if it turns out to need one."
3.17.09,3,3.17,09,EU10,Kreta,Kreta,,inland,
3.17.10,3,3.17,10,EU10,Kreta,Kreta,,inland,
3.17.11,3,3.17,11,EU10,Kreta,Kreta,,island,"The following five were confirmed against topostext.org/work/209's English translation, which states outright ""the Ebuda islands..."", ""the islands which are near Albion island..."", etc. - independent of our own Modern_location-based guessing. [Kaudos/Letoa/Dia/Kimolos/Melos - the islands adjacent to Crete (topostext: ""Islands adjacent to Crete Klaudos island..."")]"
4.01.02,4,4.01,02,AF01,Kap Kotes,,,coast section,"A wide batch found by the same systematic topostext-disagreement review, each independently confirmed the same way: a plain-named harbor town or headland sitting in `city`, whose section has no sea-word header of its own but whose topostext citation both names it a harbor/port *and* sits in an unbroken run of coastal citations (river mouths, capes, other harbors) either side of it in the same section - the same ""province/tribe name instead of sea name"" header gap already fixed many times this session, just not yet swept outside the regions checked so far: [Mauretania Tingitana: a run of river mouths ending at Rusibis harbor]"
4.01.03,4,4.01,03,AF01,Asana-Mündung,,,coast section,"A wide batch found by the same systematic topostext-disagreement review, each independently confirmed the same way: a plain-named harbor town or headland sitting in `city`, whose section has no sea-word header of its own but whose topostext citation both names it a harbor/port *and* sits in an unbroken run of coastal citations (river mouths, capes, other harbors) either side of it in the same section - the same ""province/tribe name instead of sea name"" header gap already fixed many times this session, just not yet swept outside the regions checked so far: [Mauretania Tingitana continuation: river mouths and capes around Mysokaras harbor]"
4.01.04,4,4.01,04,AF01,Tamusiga,,,coast section," A seventeenth-round, catalogue-wide sweep (2026-07-30), prompted by the user pointing out a structural blind spot in every check run so far this session: crossref_topostext.py/category_check.py only ever flag a `city` point when *that point's own* topostext phrase contains a coastal keyword - Sidon, Tyros and Byblos (fixed just above) have none; their own citations are bare names. The signal that they're coastal was never in their own phrase, it was in their *section*: sitting between already-correctly-classified points (a ""-Mündung"" river mouth, a ""Kap"" cape) that do carry a keyword. That's checkable without topostext at all - a section mixing coastal-family points (`coast`/`harbor`/`river_mouth`, keyword- detected from the German name) with plain `city` points, with no sea-word header of its own, is structurally suspicious on its own: Ptolemy's sections are narratively homogeneous (a coastal run OR an inland list, established as this project's whole classification premise), so a section doing both at once is far more likely to be one coastal run some of whose points merely lack their own keyword than a genuine mix.  Found 110 such sections catalogue-wide. Checked every one's full topostext text (not just the `city` points' own phrases) before adding it - looking for either confirming coastal language (promontory/harbor/river mouth/gulf/bay, a run of real coastal place-names) or a contradiction (an inland/interior framing, the same ""in the interior of Galatian Pontos"" shape that correctly ruled out a candidate earlier this session). 109 confirmed straightforwardly - a representative sample across the whole range: Lusitania's own coast continuing past the Durius fix above (Oliosipum/Lisbon, Obila - ""LUSITANIA...the mouth of the river, which flows into the Outer Sea""); the Basque/Catalan coast (`2.06.07`/`.10`/`.14`/`.15`/`.18`/`.19`/`.20` - ""Of the Autrigones: Nerva river mouth | Flaviobriga"", ""Of the Vascones: Oiasso city | Ocasso promontory of the Pyrenees""); Dalmatia (`2.16.02`/`.03`/`.05` - ""Ortopla...mouth of the Titos river...Skardona""); Macedonia and Thessaly (`3.13.05/06/12/14/15/16` - ""In Amphaxitis: Thessalonike | Echedoros river outlet"", ""In Pieria: ...Pydna | Haliakmon river outlet...Dion colonia...Peneios river outlet""); Boiotia and the Lokrians (`3.15.03/09/11` - ""In Boiotia: Aulis | Ismenos river outlet | Salganeus | Anthedon""); Messenia (`3.16.07` - ""Kyparissia city | Kyparission promontory...Pylos | Koryphasion headland | Mothone""); Crete's south coast (`3.17.03/04/07/08` - ""Description of the south side: Lissos | Tarrha...Phoinix city | Phoinikous harbor""); Mauretania/Numidia/Africa/Cyrenaica (`4.01`-`4.04`,`4.06`-`4.08`, a dozen sections - Icosium, Rusazus, Carthage's own harbor towns, ""In the Pentapolis, Berenike or Hesperides | mouth of the Lathon river""); Anatolia's Aeolis/Lykia/ Pontus coasts (`5.01`-`5.14`, another dozen - ""Patara | Antiphellos | Andriake...Olympos city | Phaselis""); the Levant's own continuation past the Phoenicia fix (`5.16.02` - Kaisareia, Apollonia, Ioppe/Jaffa, Azotos, Askalon, Anthedon, already-`harbor` Gaza/Iamnia ports between them); the Persian Gulf coast of Babylonia/Susiane/Persis (`5.20.05`,`6.02.02`-`6.04.02` - ""this coast is described as follows: the western mouth of the Tigris river...""); and India's own Malabar/Coromandel/Ganges-delta coasts (`7.01`/`7.02`/`7.03`/`7.04`, the largest single cluster - ""(Ariake) of the Pirates. Mandagara..."", ""Maisolia. Mouth of the River Maisolos..."", ""Mouths of the Ganges...""). One candidate, `3.05.14`, was excluded: its own `city` point (""Nördlicher Endpunkt"") is ""the southern limit of Sarmatia at the *sources* of the Tanais river"" - a river-source boundary marker at the opposite end from this section's real coastal points (the Tanais' two mouths), the same shape as the Durius/Anas fixes above, not a coastal gap - left as `city`, worth a closer individual look later if it turns out to need one."
4.01.05,4,4.01,05,AF01,Meerenge des Herakles,Meerenge des Herakles | Kap Kotes,,coast section,
4.01.06,4,4.01,06,AF01,Iberisches Meer,Iberisches Meer,,coast section,
4.01.07,4,4.01,07,AF01,Taenia Longa,,,coast section," A seventeenth-round, catalogue-wide sweep (2026-07-30), prompted by the user pointing out a structural blind spot in every check run so far this session: crossref_topostext.py/category_check.py only ever flag a `city` point when *that point's own* topostext phrase contains a coastal keyword - Sidon, Tyros and Byblos (fixed just above) have none; their own citations are bare names. The signal that they're coastal was never in their own phrase, it was in their *section*: sitting between already-correctly-classified points (a ""-Mündung"" river mouth, a ""Kap"" cape) that do carry a keyword. That's checkable without topostext at all - a section mixing coastal-family points (`coast`/`harbor`/`river_mouth`, keyword- detected from the German name) with plain `city` points, with no sea-word header of its own, is structurally suspicious on its own: Ptolemy's sections are narratively homogeneous (a coastal run OR an inland list, established as this project's whole classification premise), so a section doing both at once is far more likely to be one coastal run some of whose points merely lack their own keyword than a genuine mix.  Found 110 such sections catalogue-wide. Checked every one's full topostext text (not just the `city` points' own phrases) before adding it - looking for either confirming coastal language (promontory/harbor/river mouth/gulf/bay, a run of real coastal place-names) or a contradiction (an inland/interior framing, the same ""in the interior of Galatian Pontos"" shape that correctly ruled out a candidate earlier this session). 109 confirmed straightforwardly - a representative sample across the whole range: Lusitania's own coast continuing past the Durius fix above (Oliosipum/Lisbon, Obila - ""LUSITANIA...the mouth of the river, which flows into the Outer Sea""); the Basque/Catalan coast (`2.06.07`/`.10`/`.14`/`.15`/`.18`/`.19`/`.20` - ""Of the Autrigones: Nerva river mouth | Flaviobriga"", ""Of the Vascones: Oiasso city | Ocasso promontory of the Pyrenees""); Dalmatia (`2.16.02`/`.03`/`.05` - ""Ortopla...mouth of the Titos river...Skardona""); Macedonia and Thessaly (`3.13.05/06/12/14/15/16` - ""In Amphaxitis: Thessalonike | Echedoros river outlet"", ""In Pieria: ...Pydna | Haliakmon river outlet...Dion colonia...Peneios river outlet""); Boiotia and the Lokrians (`3.15.03/09/11` - ""In Boiotia: Aulis | Ismenos river outlet | Salganeus | Anthedon""); Messenia (`3.16.07` - ""Kyparissia city | Kyparission promontory...Pylos | Koryphasion headland | Mothone""); Crete's south coast (`3.17.03/04/07/08` - ""Description of the south side: Lissos | Tarrha...Phoinix city | Phoinikous harbor""); Mauretania/Numidia/Africa/Cyrenaica (`4.01`-`4.04`,`4.06`-`4.08`, a dozen sections - Icosium, Rusazus, Carthage's own harbor towns, ""In the Pentapolis, Berenike or Hesperides | mouth of the Lathon river""); Anatolia's Aeolis/Lykia/ Pontus coasts (`5.01`-`5.14`, another dozen - ""Patara | Antiphellos | Andriake...Olympos city | Phaselis""); the Levant's own continuation past the Phoenicia fix (`5.16.02` - Kaisareia, Apollonia, Ioppe/Jaffa, Azotos, Askalon, Anthedon, already-`harbor` Gaza/Iamnia ports between them); the Persian Gulf coast of Babylonia/Susiane/Persis (`5.20.05`,`6.02.02`-`6.04.02` - ""this coast is described as follows: the western mouth of the Tigris river...""); and India's own Malabar/Coromandel/Ganges-delta coasts (`7.01`/`7.02`/`7.03`/`7.04`, the largest single cluster - ""(Ariake) of the Pirates. Mandagara..."", ""Maisolia. Mouth of the River Maisolos..."", ""Mouths of the Ganges...""). One candidate, `3.05.14`, was excluded: its own `city` point (""Nördlicher Endpunkt"") is ""the southern limit of Sarmatia at the *sources* of the Tanais river"" - a river-source boundary marker at the opposite end from this section's real coastal points (the Tanais' two mouths), the same shape as the Durius/Anas fixes above, not a coastal gap - left as `city`, worth a closer individual look later if it turns out to need one."
4.01.08,4,4.01,08,AF01,Mauretania Caesariensis,Mauretania Caesariensis | Malua-Mündung,,inland,
4.01.10,4,4.01,10,AF01,Meerenge des Herakles,Meerenge des Herakles | Metagoniten | Iberisches Meer | Sokossier | Verven | Gebiet Metagonites | Masiken | Verbiken (Veribiben) | Salinsen (Saliesen) | Kauner (Kaukaner) | Bakuaten | Makaniten | Volubilianer | Angaukaner (Ianagaukaner) | Nektiberen | Zegrensier  | Baniuben (Banoiuben) | Vakuaten (Bakuaten),"The Metagonitae occupy the districts toward the strait; the Socossi or Cocossi that toward the Iberian sea, and below these are the Verves; then below the country of the Metagonites are the Mazices; then the Verbices, below whom are the Salinsae and the Cauni or Causini; then the Bacuatae; below whom are the Macanitae; below the Verves are the Volubiliani; then the Iangaucani; below whom are the Nectiberes; and next is the Pyrrhon Plain .",inland,"The mirror-image problem: sections manually verified to be inland cities despite a coastal-sounding section header, so the section-level fallback must NOT apply to them. ""2.03"" section ""17"" is headed ""Hafenreicher Golf"" (""harbor-rich gulf"") but its actual points - Eboracum (York), Camulodunum (Colchester), Petuaria (Brough-on-Humber) - are inland Roman-Britain towns/legion camps, not capes or mouths. Spliced into the England coastline as ""coastal"" points, they connected East Anglia straight to Kent via a detour up to York and back. [Pyrrhon-Ebene - an inland plain embedded in a tribal-boundary description (topostext: ""...below whom are the Nectiberes; and next is the Pyrrhon Plain...Below these are the Zegrenses...""), not a coastal point]"
4.01.12,4,4.01,12,AF01,Phokra,Phokra | Kleinerer Atlas | Kap Usadion,"The noteworthy mountains in this land are the so-called Diur, with midpoint at .",mountain,"The mountain-side counterpart of _ISLAND_APPENDIX_SECTIONS: a section that's purely a *list* of named mountains/peaks, each cited by its own proper name with no ""-Gebirge""/""-berg"" suffix of its own to catch by keyword (""Of the named mountains the center of Bertiskos lies at...Mt. Bermion...Mt. Olympos..."", ""Mountains in the Peloponnese Pholoe...and Stymphalos..."") - the same ""no shared pattern to regex on, so it has to be an explicit allow-list"" reasoning as the island appendix. Confirmed by topostext's own section headers; more such sections likely exist elsewhere in the catalogue, not yet found because their books haven't been cross-referenced yet. [Diur (+ the already-""-Gebirge"" Durdon-Gebirge W/O-Ende) - Mauritania Tingitana's named mountains (topostext: ""The noteworthy mountains in this land are the so-called Diur..."")]"
4.01.13,4,4.01,13,AF01,Mauretania Tingitana,Mauretania Tingitana,"The inland cities of Tingitana, the official ones, are:  Zilia .",inland,
4.01.14,4,4.01,14,AF01,Baba (Baula),,Baba .,inland,
4.01.15,4,4.01,15,AF01,Galapha (Galatha),,Galapha .,inland,
4.01.16,4,4.01,16,AF01,Äusseres Meer,Äusseres Meer,The islands offshore to the west in the Outer ocean are Paena island .,island,"The following five were confirmed against topostext.org/work/209's English translation, which states outright ""the Ebuda islands..."", ""the islands which are near Albion island..."", etc. - independent of our own Modern_location-based guessing. [Paina/Erytheia - islands off Mauritania Tingitana in the Outer Ocean]"
4.02.02,4,4.02,02,AF01,Malua-Mündung,Malua-Mündung ,,coast section,"A wide batch found by the same systematic topostext-disagreement review, each independently confirmed the same way: a plain-named harbor town or headland sitting in `city`, whose section has no sea-word header of its own but whose topostext citation both names it a harbor/port *and* sits in an unbroken run of coastal citations (river mouths, capes, other harbors) either side of it in the same section - the same ""province/tribe name instead of sea name"" header gap already fixed many times this session, just not yet swept outside the regions checked so far: [Mauretania Caesariensis: ""Malva river mouth, Great promontory...Gypsaria harbor...""]"
4.02.03,4,4.02,03,AF01,Chylemath-Mündung,,,coast section," A seventeenth-round, catalogue-wide sweep (2026-07-30), prompted by the user pointing out a structural blind spot in every check run so far this session: crossref_topostext.py/category_check.py only ever flag a `city` point when *that point's own* topostext phrase contains a coastal keyword - Sidon, Tyros and Byblos (fixed just above) have none; their own citations are bare names. The signal that they're coastal was never in their own phrase, it was in their *section*: sitting between already-correctly-classified points (a ""-Mündung"" river mouth, a ""Kap"" cape) that do carry a keyword. That's checkable without topostext at all - a section mixing coastal-family points (`coast`/`harbor`/`river_mouth`, keyword- detected from the German name) with plain `city` points, with no sea-word header of its own, is structurally suspicious on its own: Ptolemy's sections are narratively homogeneous (a coastal run OR an inland list, established as this project's whole classification premise), so a section doing both at once is far more likely to be one coastal run some of whose points merely lack their own keyword than a genuine mix.  Found 110 such sections catalogue-wide. Checked every one's full topostext text (not just the `city` points' own phrases) before adding it - looking for either confirming coastal language (promontory/harbor/river mouth/gulf/bay, a run of real coastal place-names) or a contradiction (an inland/interior framing, the same ""in the interior of Galatian Pontos"" shape that correctly ruled out a candidate earlier this session). 109 confirmed straightforwardly - a representative sample across the whole range: Lusitania's own coast continuing past the Durius fix above (Oliosipum/Lisbon, Obila - ""LUSITANIA...the mouth of the river, which flows into the Outer Sea""); the Basque/Catalan coast (`2.06.07`/`.10`/`.14`/`.15`/`.18`/`.19`/`.20` - ""Of the Autrigones: Nerva river mouth | Flaviobriga"", ""Of the Vascones: Oiasso city | Ocasso promontory of the Pyrenees""); Dalmatia (`2.16.02`/`.03`/`.05` - ""Ortopla...mouth of the Titos river...Skardona""); Macedonia and Thessaly (`3.13.05/06/12/14/15/16` - ""In Amphaxitis: Thessalonike | Echedoros river outlet"", ""In Pieria: ...Pydna | Haliakmon river outlet...Dion colonia...Peneios river outlet""); Boiotia and the Lokrians (`3.15.03/09/11` - ""In Boiotia: Aulis | Ismenos river outlet | Salganeus | Anthedon""); Messenia (`3.16.07` - ""Kyparissia city | Kyparission promontory...Pylos | Koryphasion headland | Mothone""); Crete's south coast (`3.17.03/04/07/08` - ""Description of the south side: Lissos | Tarrha...Phoinix city | Phoinikous harbor""); Mauretania/Numidia/Africa/Cyrenaica (`4.01`-`4.04`,`4.06`-`4.08`, a dozen sections - Icosium, Rusazus, Carthage's own harbor towns, ""In the Pentapolis, Berenike or Hesperides | mouth of the Lathon river""); Anatolia's Aeolis/Lykia/ Pontus coasts (`5.01`-`5.14`, another dozen - ""Patara | Antiphellos | Andriake...Olympos city | Phaselis""); the Levant's own continuation past the Phoenicia fix (`5.16.02` - Kaisareia, Apollonia, Ioppe/Jaffa, Azotos, Askalon, Anthedon, already-`harbor` Gaza/Iamnia ports between them); the Persian Gulf coast of Babylonia/Susiane/Persis (`5.20.05`,`6.02.02`-`6.04.02` - ""this coast is described as follows: the western mouth of the Tigris river...""); and India's own Malabar/Coromandel/Ganges-delta coasts (`7.01`/`7.02`/`7.03`/`7.04`, the largest single cluster - ""(Ariake) of the Pirates. Mandagara..."", ""Maisolia. Mouth of the River Maisolos..."", ""Mouths of the Ganges...""). One candidate, `3.05.14`, was excluded: its own `city` point (""Nördlicher Endpunkt"") is ""the southern limit of Sarmatia at the *sources* of the Tanais river"" - a river-source boundary marker at the opposite end from this section's real coastal points (the Tanais' two mouths), the same shape as the Durius/Anas fixes above, not a coastal gap - left as `city`, worth a closer individual look later if it turns out to need one."
4.02.04,4,4.02,04,AF01,Kartennos-Mündung,,,coast section," A seventeenth-round, catalogue-wide sweep (2026-07-30), prompted by the user pointing out a structural blind spot in every check run so far this session: crossref_topostext.py/category_check.py only ever flag a `city` point when *that point's own* topostext phrase contains a coastal keyword - Sidon, Tyros and Byblos (fixed just above) have none; their own citations are bare names. The signal that they're coastal was never in their own phrase, it was in their *section*: sitting between already-correctly-classified points (a ""-Mündung"" river mouth, a ""Kap"" cape) that do carry a keyword. That's checkable without topostext at all - a section mixing coastal-family points (`coast`/`harbor`/`river_mouth`, keyword- detected from the German name) with plain `city` points, with no sea-word header of its own, is structurally suspicious on its own: Ptolemy's sections are narratively homogeneous (a coastal run OR an inland list, established as this project's whole classification premise), so a section doing both at once is far more likely to be one coastal run some of whose points merely lack their own keyword than a genuine mix.  Found 110 such sections catalogue-wide. Checked every one's full topostext text (not just the `city` points' own phrases) before adding it - looking for either confirming coastal language (promontory/harbor/river mouth/gulf/bay, a run of real coastal place-names) or a contradiction (an inland/interior framing, the same ""in the interior of Galatian Pontos"" shape that correctly ruled out a candidate earlier this session). 109 confirmed straightforwardly - a representative sample across the whole range: Lusitania's own coast continuing past the Durius fix above (Oliosipum/Lisbon, Obila - ""LUSITANIA...the mouth of the river, which flows into the Outer Sea""); the Basque/Catalan coast (`2.06.07`/`.10`/`.14`/`.15`/`.18`/`.19`/`.20` - ""Of the Autrigones: Nerva river mouth | Flaviobriga"", ""Of the Vascones: Oiasso city | Ocasso promontory of the Pyrenees""); Dalmatia (`2.16.02`/`.03`/`.05` - ""Ortopla...mouth of the Titos river...Skardona""); Macedonia and Thessaly (`3.13.05/06/12/14/15/16` - ""In Amphaxitis: Thessalonike | Echedoros river outlet"", ""In Pieria: ...Pydna | Haliakmon river outlet...Dion colonia...Peneios river outlet""); Boiotia and the Lokrians (`3.15.03/09/11` - ""In Boiotia: Aulis | Ismenos river outlet | Salganeus | Anthedon""); Messenia (`3.16.07` - ""Kyparissia city | Kyparission promontory...Pylos | Koryphasion headland | Mothone""); Crete's south coast (`3.17.03/04/07/08` - ""Description of the south side: Lissos | Tarrha...Phoinix city | Phoinikous harbor""); Mauretania/Numidia/Africa/Cyrenaica (`4.01`-`4.04`,`4.06`-`4.08`, a dozen sections - Icosium, Rusazus, Carthage's own harbor towns, ""In the Pentapolis, Berenike or Hesperides | mouth of the Lathon river""); Anatolia's Aeolis/Lykia/ Pontus coasts (`5.01`-`5.14`, another dozen - ""Patara | Antiphellos | Andriake...Olympos city | Phaselis""); the Levant's own continuation past the Phoenicia fix (`5.16.02` - Kaisareia, Apollonia, Ioppe/Jaffa, Azotos, Askalon, Anthedon, already-`harbor` Gaza/Iamnia ports between them); the Persian Gulf coast of Babylonia/Susiane/Persis (`5.20.05`,`6.02.02`-`6.04.02` - ""this coast is described as follows: the western mouth of the Tigris river...""); and India's own Malabar/Coromandel/Ganges-delta coasts (`7.01`/`7.02`/`7.03`/`7.04`, the largest single cluster - ""(Ariake) of the Pirates. Mandagara..."", ""Maisolia. Mouth of the River Maisolos..."", ""Mouths of the Ganges...""). One candidate, `3.05.14`, was excluded: its own `city` point (""Nördlicher Endpunkt"") is ""the southern limit of Sarmatia at the *sources* of the Tanais river"" - a river-source boundary marker at the opposite end from this section's real coastal points (the Tanais' two mouths), the same shape as the Durius/Anas fixes above, not a coastal gap - left as `city`, worth a closer individual look later if it turns out to need one."
4.02.05,4,4.02,05,AF01,Kanukis (Kanukkis),,,coast section," A seventeenth-round, catalogue-wide sweep (2026-07-30), prompted by the user pointing out a structural blind spot in every check run so far this session: crossref_topostext.py/category_check.py only ever flag a `city` point when *that point's own* topostext phrase contains a coastal keyword - Sidon, Tyros and Byblos (fixed just above) have none; their own citations are bare names. The signal that they're coastal was never in their own phrase, it was in their *section*: sitting between already-correctly-classified points (a ""-Mündung"" river mouth, a ""Kap"" cape) that do carry a keyword. That's checkable without topostext at all - a section mixing coastal-family points (`coast`/`harbor`/`river_mouth`, keyword- detected from the German name) with plain `city` points, with no sea-word header of its own, is structurally suspicious on its own: Ptolemy's sections are narratively homogeneous (a coastal run OR an inland list, established as this project's whole classification premise), so a section doing both at once is far more likely to be one coastal run some of whose points merely lack their own keyword than a genuine mix.  Found 110 such sections catalogue-wide. Checked every one's full topostext text (not just the `city` points' own phrases) before adding it - looking for either confirming coastal language (promontory/harbor/river mouth/gulf/bay, a run of real coastal place-names) or a contradiction (an inland/interior framing, the same ""in the interior of Galatian Pontos"" shape that correctly ruled out a candidate earlier this session). 109 confirmed straightforwardly - a representative sample across the whole range: Lusitania's own coast continuing past the Durius fix above (Oliosipum/Lisbon, Obila - ""LUSITANIA...the mouth of the river, which flows into the Outer Sea""); the Basque/Catalan coast (`2.06.07`/`.10`/`.14`/`.15`/`.18`/`.19`/`.20` - ""Of the Autrigones: Nerva river mouth | Flaviobriga"", ""Of the Vascones: Oiasso city | Ocasso promontory of the Pyrenees""); Dalmatia (`2.16.02`/`.03`/`.05` - ""Ortopla...mouth of the Titos river...Skardona""); Macedonia and Thessaly (`3.13.05/06/12/14/15/16` - ""In Amphaxitis: Thessalonike | Echedoros river outlet"", ""In Pieria: ...Pydna | Haliakmon river outlet...Dion colonia...Peneios river outlet""); Boiotia and the Lokrians (`3.15.03/09/11` - ""In Boiotia: Aulis | Ismenos river outlet | Salganeus | Anthedon""); Messenia (`3.16.07` - ""Kyparissia city | Kyparission promontory...Pylos | Koryphasion headland | Mothone""); Crete's south coast (`3.17.03/04/07/08` - ""Description of the south side: Lissos | Tarrha...Phoinix city | Phoinikous harbor""); Mauretania/Numidia/Africa/Cyrenaica (`4.01`-`4.04`,`4.06`-`4.08`, a dozen sections - Icosium, Rusazus, Carthage's own harbor towns, ""In the Pentapolis, Berenike or Hesperides | mouth of the Lathon river""); Anatolia's Aeolis/Lykia/ Pontus coasts (`5.01`-`5.14`, another dozen - ""Patara | Antiphellos | Andriake...Olympos city | Phaselis""); the Levant's own continuation past the Phoenicia fix (`5.16.02` - Kaisareia, Apollonia, Ioppe/Jaffa, Azotos, Askalon, Anthedon, already-`harbor` Gaza/Iamnia ports between them); the Persian Gulf coast of Babylonia/Susiane/Persis (`5.20.05`,`6.02.02`-`6.04.02` - ""this coast is described as follows: the western mouth of the Tigris river...""); and India's own Malabar/Coromandel/Ganges-delta coasts (`7.01`/`7.02`/`7.03`/`7.04`, the largest single cluster - ""(Ariake) of the Pirates. Mandagara..."", ""Maisolia. Mouth of the River Maisolos..."", ""Mouths of the Ganges...""). One candidate, `3.05.14`, was excluded: its own `city` point (""Nördlicher Endpunkt"") is ""the southern limit of Sarmatia at the *sources* of the Tanais river"" - a river-source boundary marker at the opposite end from this section's real coastal points (the Tanais' two mouths), the same shape as the Durius/Anas fixes above, not a coastal gap - left as `city`, worth a closer individual look later if it turns out to need one."
4.02.06,4,4.02,06,AF01,Icosium,,,coast section," A seventeenth-round, catalogue-wide sweep (2026-07-30), prompted by the user pointing out a structural blind spot in every check run so far this session: crossref_topostext.py/category_check.py only ever flag a `city` point when *that point's own* topostext phrase contains a coastal keyword - Sidon, Tyros and Byblos (fixed just above) have none; their own citations are bare names. The signal that they're coastal was never in their own phrase, it was in their *section*: sitting between already-correctly-classified points (a ""-Mündung"" river mouth, a ""Kap"" cape) that do carry a keyword. That's checkable without topostext at all - a section mixing coastal-family points (`coast`/`harbor`/`river_mouth`, keyword- detected from the German name) with plain `city` points, with no sea-word header of its own, is structurally suspicious on its own: Ptolemy's sections are narratively homogeneous (a coastal run OR an inland list, established as this project's whole classification premise), so a section doing both at once is far more likely to be one coastal run some of whose points merely lack their own keyword than a genuine mix.  Found 110 such sections catalogue-wide. Checked every one's full topostext text (not just the `city` points' own phrases) before adding it - looking for either confirming coastal language (promontory/harbor/river mouth/gulf/bay, a run of real coastal place-names) or a contradiction (an inland/interior framing, the same ""in the interior of Galatian Pontos"" shape that correctly ruled out a candidate earlier this session). 109 confirmed straightforwardly - a representative sample across the whole range: Lusitania's own coast continuing past the Durius fix above (Oliosipum/Lisbon, Obila - ""LUSITANIA...the mouth of the river, which flows into the Outer Sea""); the Basque/Catalan coast (`2.06.07`/`.10`/`.14`/`.15`/`.18`/`.19`/`.20` - ""Of the Autrigones: Nerva river mouth | Flaviobriga"", ""Of the Vascones: Oiasso city | Ocasso promontory of the Pyrenees""); Dalmatia (`2.16.02`/`.03`/`.05` - ""Ortopla...mouth of the Titos river...Skardona""); Macedonia and Thessaly (`3.13.05/06/12/14/15/16` - ""In Amphaxitis: Thessalonike | Echedoros river outlet"", ""In Pieria: ...Pydna | Haliakmon river outlet...Dion colonia...Peneios river outlet""); Boiotia and the Lokrians (`3.15.03/09/11` - ""In Boiotia: Aulis | Ismenos river outlet | Salganeus | Anthedon""); Messenia (`3.16.07` - ""Kyparissia city | Kyparission promontory...Pylos | Koryphasion headland | Mothone""); Crete's south coast (`3.17.03/04/07/08` - ""Description of the south side: Lissos | Tarrha...Phoinix city | Phoinikous harbor""); Mauretania/Numidia/Africa/Cyrenaica (`4.01`-`4.04`,`4.06`-`4.08`, a dozen sections - Icosium, Rusazus, Carthage's own harbor towns, ""In the Pentapolis, Berenike or Hesperides | mouth of the Lathon river""); Anatolia's Aeolis/Lykia/ Pontus coasts (`5.01`-`5.14`, another dozen - ""Patara | Antiphellos | Andriake...Olympos city | Phaselis""); the Levant's own continuation past the Phoenicia fix (`5.16.02` - Kaisareia, Apollonia, Ioppe/Jaffa, Azotos, Askalon, Anthedon, already-`harbor` Gaza/Iamnia ports between them); the Persian Gulf coast of Babylonia/Susiane/Persis (`5.20.05`,`6.02.02`-`6.04.02` - ""this coast is described as follows: the western mouth of the Tigris river...""); and India's own Malabar/Coromandel/Ganges-delta coasts (`7.01`/`7.02`/`7.03`/`7.04`, the largest single cluster - ""(Ariake) of the Pirates. Mandagara..."", ""Maisolia. Mouth of the River Maisolos..."", ""Mouths of the Ganges...""). One candidate, `3.05.14`, was excluded: its own `city` point (""Nördlicher Endpunkt"") is ""the southern limit of Sarmatia at the *sources* of the Tanais river"" - a river-source boundary marker at the opposite end from this section's real coastal points (the Tanais' two mouths), the same shape as the Durius/Anas fixes above, not a coastal gap - left as `city`, worth a closer individual look later if it turns out to need one."
4.02.07,4,4.02,07,AF01,Modunga (Audunga),,,coast section," A seventeenth-round, catalogue-wide sweep (2026-07-30), prompted by the user pointing out a structural blind spot in every check run so far this session: crossref_topostext.py/category_check.py only ever flag a `city` point when *that point's own* topostext phrase contains a coastal keyword - Sidon, Tyros and Byblos (fixed just above) have none; their own citations are bare names. The signal that they're coastal was never in their own phrase, it was in their *section*: sitting between already-correctly-classified points (a ""-Mündung"" river mouth, a ""Kap"" cape) that do carry a keyword. That's checkable without topostext at all - a section mixing coastal-family points (`coast`/`harbor`/`river_mouth`, keyword- detected from the German name) with plain `city` points, with no sea-word header of its own, is structurally suspicious on its own: Ptolemy's sections are narratively homogeneous (a coastal run OR an inland list, established as this project's whole classification premise), so a section doing both at once is far more likely to be one coastal run some of whose points merely lack their own keyword than a genuine mix.  Found 110 such sections catalogue-wide. Checked every one's full topostext text (not just the `city` points' own phrases) before adding it - looking for either confirming coastal language (promontory/harbor/river mouth/gulf/bay, a run of real coastal place-names) or a contradiction (an inland/interior framing, the same ""in the interior of Galatian Pontos"" shape that correctly ruled out a candidate earlier this session). 109 confirmed straightforwardly - a representative sample across the whole range: Lusitania's own coast continuing past the Durius fix above (Oliosipum/Lisbon, Obila - ""LUSITANIA...the mouth of the river, which flows into the Outer Sea""); the Basque/Catalan coast (`2.06.07`/`.10`/`.14`/`.15`/`.18`/`.19`/`.20` - ""Of the Autrigones: Nerva river mouth | Flaviobriga"", ""Of the Vascones: Oiasso city | Ocasso promontory of the Pyrenees""); Dalmatia (`2.16.02`/`.03`/`.05` - ""Ortopla...mouth of the Titos river...Skardona""); Macedonia and Thessaly (`3.13.05/06/12/14/15/16` - ""In Amphaxitis: Thessalonike | Echedoros river outlet"", ""In Pieria: ...Pydna | Haliakmon river outlet...Dion colonia...Peneios river outlet""); Boiotia and the Lokrians (`3.15.03/09/11` - ""In Boiotia: Aulis | Ismenos river outlet | Salganeus | Anthedon""); Messenia (`3.16.07` - ""Kyparissia city | Kyparission promontory...Pylos | Koryphasion headland | Mothone""); Crete's south coast (`3.17.03/04/07/08` - ""Description of the south side: Lissos | Tarrha...Phoinix city | Phoinikous harbor""); Mauretania/Numidia/Africa/Cyrenaica (`4.01`-`4.04`,`4.06`-`4.08`, a dozen sections - Icosium, Rusazus, Carthage's own harbor towns, ""In the Pentapolis, Berenike or Hesperides | mouth of the Lathon river""); Anatolia's Aeolis/Lykia/ Pontus coasts (`5.01`-`5.14`, another dozen - ""Patara | Antiphellos | Andriake...Olympos city | Phaselis""); the Levant's own continuation past the Phoenicia fix (`5.16.02` - Kaisareia, Apollonia, Ioppe/Jaffa, Azotos, Askalon, Anthedon, already-`harbor` Gaza/Iamnia ports between them); the Persian Gulf coast of Babylonia/Susiane/Persis (`5.20.05`,`6.02.02`-`6.04.02` - ""this coast is described as follows: the western mouth of the Tigris river...""); and India's own Malabar/Coromandel/Ganges-delta coasts (`7.01`/`7.02`/`7.03`/`7.04`, the largest single cluster - ""(Ariake) of the Pirates. Mandagara..."", ""Maisolia. Mouth of the River Maisolos..."", ""Mouths of the Ganges...""). One candidate, `3.05.14`, was excluded: its own `city` point (""Nördlicher Endpunkt"") is ""the southern limit of Sarmatia at the *sources* of the Tanais river"" - a river-source boundary marker at the opposite end from this section's real coastal points (the Tanais' two mouths), the same shape as the Durius/Anas fixes above, not a coastal gap - left as `city`, worth a closer individual look later if it turns out to need one."
4.02.08,4,4.02,08,AF01,Addyme,,,inland,
4.02.09,4,4.02,09,AF01,Rusazus,,,coast section," A seventeenth-round, catalogue-wide sweep (2026-07-30), prompted by the user pointing out a structural blind spot in every check run so far this session: crossref_topostext.py/category_check.py only ever flag a `city` point when *that point's own* topostext phrase contains a coastal keyword - Sidon, Tyros and Byblos (fixed just above) have none; their own citations are bare names. The signal that they're coastal was never in their own phrase, it was in their *section*: sitting between already-correctly-classified points (a ""-Mündung"" river mouth, a ""Kap"" cape) that do carry a keyword. That's checkable without topostext at all - a section mixing coastal-family points (`coast`/`harbor`/`river_mouth`, keyword- detected from the German name) with plain `city` points, with no sea-word header of its own, is structurally suspicious on its own: Ptolemy's sections are narratively homogeneous (a coastal run OR an inland list, established as this project's whole classification premise), so a section doing both at once is far more likely to be one coastal run some of whose points merely lack their own keyword than a genuine mix.  Found 110 such sections catalogue-wide. Checked every one's full topostext text (not just the `city` points' own phrases) before adding it - looking for either confirming coastal language (promontory/harbor/river mouth/gulf/bay, a run of real coastal place-names) or a contradiction (an inland/interior framing, the same ""in the interior of Galatian Pontos"" shape that correctly ruled out a candidate earlier this session). 109 confirmed straightforwardly - a representative sample across the whole range: Lusitania's own coast continuing past the Durius fix above (Oliosipum/Lisbon, Obila - ""LUSITANIA...the mouth of the river, which flows into the Outer Sea""); the Basque/Catalan coast (`2.06.07`/`.10`/`.14`/`.15`/`.18`/`.19`/`.20` - ""Of the Autrigones: Nerva river mouth | Flaviobriga"", ""Of the Vascones: Oiasso city | Ocasso promontory of the Pyrenees""); Dalmatia (`2.16.02`/`.03`/`.05` - ""Ortopla...mouth of the Titos river...Skardona""); Macedonia and Thessaly (`3.13.05/06/12/14/15/16` - ""In Amphaxitis: Thessalonike | Echedoros river outlet"", ""In Pieria: ...Pydna | Haliakmon river outlet...Dion colonia...Peneios river outlet""); Boiotia and the Lokrians (`3.15.03/09/11` - ""In Boiotia: Aulis | Ismenos river outlet | Salganeus | Anthedon""); Messenia (`3.16.07` - ""Kyparissia city | Kyparission promontory...Pylos | Koryphasion headland | Mothone""); Crete's south coast (`3.17.03/04/07/08` - ""Description of the south side: Lissos | Tarrha...Phoinix city | Phoinikous harbor""); Mauretania/Numidia/Africa/Cyrenaica (`4.01`-`4.04`,`4.06`-`4.08`, a dozen sections - Icosium, Rusazus, Carthage's own harbor towns, ""In the Pentapolis, Berenike or Hesperides | mouth of the Lathon river""); Anatolia's Aeolis/Lykia/ Pontus coasts (`5.01`-`5.14`, another dozen - ""Patara | Antiphellos | Andriake...Olympos city | Phaselis""); the Levant's own continuation past the Phoenicia fix (`5.16.02` - Kaisareia, Apollonia, Ioppe/Jaffa, Azotos, Askalon, Anthedon, already-`harbor` Gaza/Iamnia ports between them); the Persian Gulf coast of Babylonia/Susiane/Persis (`5.20.05`,`6.02.02`-`6.04.02` - ""this coast is described as follows: the western mouth of the Tigris river...""); and India's own Malabar/Coromandel/Ganges-delta coasts (`7.01`/`7.02`/`7.03`/`7.04`, the largest single cluster - ""(Ariake) of the Pirates. Mandagara..."", ""Maisolia. Mouth of the River Maisolos..."", ""Mouths of the Ganges...""). One candidate, `3.05.14`, was excluded: its own `city` point (""Nördlicher Endpunkt"") is ""the southern limit of Sarmatia at the *sources* of the Tanais river"" - a river-source boundary marker at the opposite end from this section's real coastal points (the Tanais' two mouths), the same shape as the Durius/Anas fixes above, not a coastal gap - left as `city`, worth a closer individual look later if it turns out to need one."
4.02.10,4,4.02,10,AF01,Sisar-Mündung,,Sisar river mouth .,coast section," A seventeenth-round, catalogue-wide sweep (2026-07-30), prompted by the user pointing out a structural blind spot in every check run so far this session: crossref_topostext.py/category_check.py only ever flag a `city` point when *that point's own* topostext phrase contains a coastal keyword - Sidon, Tyros and Byblos (fixed just above) have none; their own citations are bare names. The signal that they're coastal was never in their own phrase, it was in their *section*: sitting between already-correctly-classified points (a ""-Mündung"" river mouth, a ""Kap"" cape) that do carry a keyword. That's checkable without topostext at all - a section mixing coastal-family points (`coast`/`harbor`/`river_mouth`, keyword- detected from the German name) with plain `city` points, with no sea-word header of its own, is structurally suspicious on its own: Ptolemy's sections are narratively homogeneous (a coastal run OR an inland list, established as this project's whole classification premise), so a section doing both at once is far more likely to be one coastal run some of whose points merely lack their own keyword than a genuine mix.  Found 110 such sections catalogue-wide. Checked every one's full topostext text (not just the `city` points' own phrases) before adding it - looking for either confirming coastal language (promontory/harbor/river mouth/gulf/bay, a run of real coastal place-names) or a contradiction (an inland/interior framing, the same ""in the interior of Galatian Pontos"" shape that correctly ruled out a candidate earlier this session). 109 confirmed straightforwardly - a representative sample across the whole range: Lusitania's own coast continuing past the Durius fix above (Oliosipum/Lisbon, Obila - ""LUSITANIA...the mouth of the river, which flows into the Outer Sea""); the Basque/Catalan coast (`2.06.07`/`.10`/`.14`/`.15`/`.18`/`.19`/`.20` - ""Of the Autrigones: Nerva river mouth | Flaviobriga"", ""Of the Vascones: Oiasso city | Ocasso promontory of the Pyrenees""); Dalmatia (`2.16.02`/`.03`/`.05` - ""Ortopla...mouth of the Titos river...Skardona""); Macedonia and Thessaly (`3.13.05/06/12/14/15/16` - ""In Amphaxitis: Thessalonike | Echedoros river outlet"", ""In Pieria: ...Pydna | Haliakmon river outlet...Dion colonia...Peneios river outlet""); Boiotia and the Lokrians (`3.15.03/09/11` - ""In Boiotia: Aulis | Ismenos river outlet | Salganeus | Anthedon""); Messenia (`3.16.07` - ""Kyparissia city | Kyparission promontory...Pylos | Koryphasion headland | Mothone""); Crete's south coast (`3.17.03/04/07/08` - ""Description of the south side: Lissos | Tarrha...Phoinix city | Phoinikous harbor""); Mauretania/Numidia/Africa/Cyrenaica (`4.01`-`4.04`,`4.06`-`4.08`, a dozen sections - Icosium, Rusazus, Carthage's own harbor towns, ""In the Pentapolis, Berenike or Hesperides | mouth of the Lathon river""); Anatolia's Aeolis/Lykia/ Pontus coasts (`5.01`-`5.14`, another dozen - ""Patara | Antiphellos | Andriake...Olympos city | Phaselis""); the Levant's own continuation past the Phoenicia fix (`5.16.02` - Kaisareia, Apollonia, Ioppe/Jaffa, Azotos, Askalon, Anthedon, already-`harbor` Gaza/Iamnia ports between them); the Persian Gulf coast of Babylonia/Susiane/Persis (`5.20.05`,`6.02.02`-`6.04.02` - ""this coast is described as follows: the western mouth of the Tigris river...""); and India's own Malabar/Coromandel/Ganges-delta coasts (`7.01`/`7.02`/`7.03`/`7.04`, the largest single cluster - ""(Ariake) of the Pirates. Mandagara..."", ""Maisolia. Mouth of the River Maisolos..."", ""Mouths of the Ganges...""). One candidate, `3.05.14`, was excluded: its own `city` point (""Nördlicher Endpunkt"") is ""the southern limit of Sarmatia at the *sources* of the Tanais river"" - a river-source boundary marker at the opposite end from this section's real coastal points (the Tanais' two mouths), the same shape as the Durius/Anas fixes above, not a coastal gap - left as `city`, worth a closer individual look later if it turns out to need one."
4.02.11,4,4.02,11,AF01,Numidischer Golf,Numidischer Golf,And in the Numidian gulf:  Audus river mouth .,coast section,
4.02.12,4,4.02,12,AF01,Africa,Africa | Ampsaga,It is bounded on the east by Africa along the Ampsagas river to that point at .,inland,
4.02.14,4,4.02,14,AF01,Durdon-Gebirge (O-Ende),,"The named mountains in this province are the Durdus mountains, the eastern at .",inland,
4.02.15,4,4.02,15,AF01,Madethubadon-Gebirge (W-Ende),,The Madethubadus mountains the limits of which are in .,inland,
4.02.16,4,4.02,16,AF01,Phruraison-Gebirge (W-Ende),,"Mt. Phruraesus, the limits of which are in .",inland,
4.02.22,4,4.02,22,AF01,Vasbaria,,The inland towns in this province are:  Vasbaria .,inland,
4.02.23,4,4.02,23,AF01,Timiki (Timike),,Timici .,inland,
4.02.24,4,4.02,24,AF01,Victoria,,Victoria .,inland,
4.02.25,4,4.02,25,AF01,Oppidum Novum,,Oppidum Novum colonia .,inland,
4.02.26,4,4.02,26,AF01,Lamida,,Lamida .,inland,
4.02.27,4,4.02,27,AF01,Phloria (Phloryia),,Floria .,inland,
4.02.28,4,4.02,28,AF01,Tukka,,Tucca .,inland,
4.02.29,4,4.02,29,AF01,Phoimios-Quellen,Phoimios-Quellen | Sauos,"And by the sources of the Phalmios or Phoimios or Toimphoibios river, which flows into the Savus river,  Suburgia .",inland,
4.02.30,4,4.02,30,AF01,Thudaka (Thukada),,"Then again, from a different starting point, the towns are  Thudaca .",inland,
4.02.31,4,4.02,31,AF01,Sudaua,,Sudava .,inland,
4.02.32,4,4.02,32,AF01,Rhobonda,,Robonda .,inland,
4.02.33,4,4.02,33,AF01,Augala (Autala),,Augala .,inland,
4.02.34,4,4.02,34,AF01,Sitifis,,"Sitipha or Sitiki, colonia .",inland,
4.02.35,4,4.02,35,AF01,Iol Caesarea,Iol Caesarea,"An island lies off Iulia Caesarea, with the same name, with a city, at .",inland,
4.03.01,4,4.03,01,AF02,Africa,Africa | Mauretania Caesariensis | Ampsaga,,inland,
4.03.03,4,4.03,03,AF02,Ampsaga-Mündung,Ampsaga-Mündung,,coast section," A seventeenth-round, catalogue-wide sweep (2026-07-30), prompted by the user pointing out a structural blind spot in every check run so far this session: crossref_topostext.py/category_check.py only ever flag a `city` point when *that point's own* topostext phrase contains a coastal keyword - Sidon, Tyros and Byblos (fixed just above) have none; their own citations are bare names. The signal that they're coastal was never in their own phrase, it was in their *section*: sitting between already-correctly-classified points (a ""-Mündung"" river mouth, a ""Kap"" cape) that do carry a keyword. That's checkable without topostext at all - a section mixing coastal-family points (`coast`/`harbor`/`river_mouth`, keyword- detected from the German name) with plain `city` points, with no sea-word header of its own, is structurally suspicious on its own: Ptolemy's sections are narratively homogeneous (a coastal run OR an inland list, established as this project's whole classification premise), so a section doing both at once is far more likely to be one coastal run some of whose points merely lack their own keyword than a genuine mix.  Found 110 such sections catalogue-wide. Checked every one's full topostext text (not just the `city` points' own phrases) before adding it - looking for either confirming coastal language (promontory/harbor/river mouth/gulf/bay, a run of real coastal place-names) or a contradiction (an inland/interior framing, the same ""in the interior of Galatian Pontos"" shape that correctly ruled out a candidate earlier this session). 109 confirmed straightforwardly - a representative sample across the whole range: Lusitania's own coast continuing past the Durius fix above (Oliosipum/Lisbon, Obila - ""LUSITANIA...the mouth of the river, which flows into the Outer Sea""); the Basque/Catalan coast (`2.06.07`/`.10`/`.14`/`.15`/`.18`/`.19`/`.20` - ""Of the Autrigones: Nerva river mouth | Flaviobriga"", ""Of the Vascones: Oiasso city | Ocasso promontory of the Pyrenees""); Dalmatia (`2.16.02`/`.03`/`.05` - ""Ortopla...mouth of the Titos river...Skardona""); Macedonia and Thessaly (`3.13.05/06/12/14/15/16` - ""In Amphaxitis: Thessalonike | Echedoros river outlet"", ""In Pieria: ...Pydna | Haliakmon river outlet...Dion colonia...Peneios river outlet""); Boiotia and the Lokrians (`3.15.03/09/11` - ""In Boiotia: Aulis | Ismenos river outlet | Salganeus | Anthedon""); Messenia (`3.16.07` - ""Kyparissia city | Kyparission promontory...Pylos | Koryphasion headland | Mothone""); Crete's south coast (`3.17.03/04/07/08` - ""Description of the south side: Lissos | Tarrha...Phoinix city | Phoinikous harbor""); Mauretania/Numidia/Africa/Cyrenaica (`4.01`-`4.04`,`4.06`-`4.08`, a dozen sections - Icosium, Rusazus, Carthage's own harbor towns, ""In the Pentapolis, Berenike or Hesperides | mouth of the Lathon river""); Anatolia's Aeolis/Lykia/ Pontus coasts (`5.01`-`5.14`, another dozen - ""Patara | Antiphellos | Andriake...Olympos city | Phaselis""); the Levant's own continuation past the Phoenicia fix (`5.16.02` - Kaisareia, Apollonia, Ioppe/Jaffa, Azotos, Askalon, Anthedon, already-`harbor` Gaza/Iamnia ports between them); the Persian Gulf coast of Babylonia/Susiane/Persis (`5.20.05`,`6.02.02`-`6.04.02` - ""this coast is described as follows: the western mouth of the Tigris river...""); and India's own Malabar/Coromandel/Ganges-delta coasts (`7.01`/`7.02`/`7.03`/`7.04`, the largest single cluster - ""(Ariake) of the Pirates. Mandagara..."", ""Maisolia. Mouth of the River Maisolos..."", ""Mouths of the Ganges...""). One candidate, `3.05.14`, was excluded: its own `city` point (""Nördlicher Endpunkt"") is ""the southern limit of Sarmatia at the *sources* of the Tanais river"" - a river-source boundary marker at the opposite end from this section's real coastal points (the Tanais' two mouths), the same shape as the Durius/Anas fixes above, not a coastal gap - left as `city`, worth a closer individual look later if it turns out to need one."
4.03.04,4,4.03,04,AF02,Holkachites-Golf,,,coast section,"A wide batch found by the same systematic topostext-disagreement review, each independently confirmed the same way: a plain-named harbor town or headland sitting in `city`, whose section has no sea-word header of its own but whose topostext citation both names it a harbor/port *and* sits in an unbroken run of coastal citations (river mouths, capes, other harbors) either side of it in the same section - the same ""province/tribe name instead of sea name"" header gap already fixed many times this session, just not yet swept outside the regions checked so far: [Africa: ""Holcachites gulf...Tacatye...Lesser Collops...Siur port""]"
4.03.05,4,4.03,05,AF02,Hippu Akra,,,coast section,"Found by an independent second pass: building a standalone category guess purely from topostext's own wording (category_check.py, no access to the catalogue's category, name, or any exception list) and comparing it to the catalogue's category surfaced a few more instances of the same gap the batch above missed: [Numidia/Africa coast at Cape Bon: ""Hippo promontory...Stoborrum promontory...Aphrodisium...Hippo Regius...Rubricatus river mouth...Thabraca""]"
4.03.06,4,4.03,06,AF02,Heiligtum des Apollon,,,coast section," A seventeenth-round, catalogue-wide sweep (2026-07-30), prompted by the user pointing out a structural blind spot in every check run so far this session: crossref_topostext.py/category_check.py only ever flag a `city` point when *that point's own* topostext phrase contains a coastal keyword - Sidon, Tyros and Byblos (fixed just above) have none; their own citations are bare names. The signal that they're coastal was never in their own phrase, it was in their *section*: sitting between already-correctly-classified points (a ""-Mündung"" river mouth, a ""Kap"" cape) that do carry a keyword. That's checkable without topostext at all - a section mixing coastal-family points (`coast`/`harbor`/`river_mouth`, keyword- detected from the German name) with plain `city` points, with no sea-word header of its own, is structurally suspicious on its own: Ptolemy's sections are narratively homogeneous (a coastal run OR an inland list, established as this project's whole classification premise), so a section doing both at once is far more likely to be one coastal run some of whose points merely lack their own keyword than a genuine mix.  Found 110 such sections catalogue-wide. Checked every one's full topostext text (not just the `city` points' own phrases) before adding it - looking for either confirming coastal language (promontory/harbor/river mouth/gulf/bay, a run of real coastal place-names) or a contradiction (an inland/interior framing, the same ""in the interior of Galatian Pontos"" shape that correctly ruled out a candidate earlier this session). 109 confirmed straightforwardly - a representative sample across the whole range: Lusitania's own coast continuing past the Durius fix above (Oliosipum/Lisbon, Obila - ""LUSITANIA...the mouth of the river, which flows into the Outer Sea""); the Basque/Catalan coast (`2.06.07`/`.10`/`.14`/`.15`/`.18`/`.19`/`.20` - ""Of the Autrigones: Nerva river mouth | Flaviobriga"", ""Of the Vascones: Oiasso city | Ocasso promontory of the Pyrenees""); Dalmatia (`2.16.02`/`.03`/`.05` - ""Ortopla...mouth of the Titos river...Skardona""); Macedonia and Thessaly (`3.13.05/06/12/14/15/16` - ""In Amphaxitis: Thessalonike | Echedoros river outlet"", ""In Pieria: ...Pydna | Haliakmon river outlet...Dion colonia...Peneios river outlet""); Boiotia and the Lokrians (`3.15.03/09/11` - ""In Boiotia: Aulis | Ismenos river outlet | Salganeus | Anthedon""); Messenia (`3.16.07` - ""Kyparissia city | Kyparission promontory...Pylos | Koryphasion headland | Mothone""); Crete's south coast (`3.17.03/04/07/08` - ""Description of the south side: Lissos | Tarrha...Phoinix city | Phoinikous harbor""); Mauretania/Numidia/Africa/Cyrenaica (`4.01`-`4.04`,`4.06`-`4.08`, a dozen sections - Icosium, Rusazus, Carthage's own harbor towns, ""In the Pentapolis, Berenike or Hesperides | mouth of the Lathon river""); Anatolia's Aeolis/Lykia/ Pontus coasts (`5.01`-`5.14`, another dozen - ""Patara | Antiphellos | Andriake...Olympos city | Phaselis""); the Levant's own continuation past the Phoenicia fix (`5.16.02` - Kaisareia, Apollonia, Ioppe/Jaffa, Azotos, Askalon, Anthedon, already-`harbor` Gaza/Iamnia ports between them); the Persian Gulf coast of Babylonia/Susiane/Persis (`5.20.05`,`6.02.02`-`6.04.02` - ""this coast is described as follows: the western mouth of the Tigris river...""); and India's own Malabar/Coromandel/Ganges-delta coasts (`7.01`/`7.02`/`7.03`/`7.04`, the largest single cluster - ""(Ariake) of the Pirates. Mandagara..."", ""Maisolia. Mouth of the River Maisolos..."", ""Mouths of the Ganges...""). One candidate, `3.05.14`, was excluded: its own `city` point (""Nördlicher Endpunkt"") is ""the southern limit of Sarmatia at the *sources* of the Tanais river"" - a river-source boundary marker at the opposite end from this section's real coastal points (the Tanais' two mouths), the same shape as the Durius/Anas fixes above, not a coastal gap - left as `city`, worth a closer individual look later if it turns out to need one."
4.03.07,4,4.03,07,AF02,Karchedon*,,,coast section," A seventeenth-round, catalogue-wide sweep (2026-07-30), prompted by the user pointing out a structural blind spot in every check run so far this session: crossref_topostext.py/category_check.py only ever flag a `city` point when *that point's own* topostext phrase contains a coastal keyword - Sidon, Tyros and Byblos (fixed just above) have none; their own citations are bare names. The signal that they're coastal was never in their own phrase, it was in their *section*: sitting between already-correctly-classified points (a ""-Mündung"" river mouth, a ""Kap"" cape) that do carry a keyword. That's checkable without topostext at all - a section mixing coastal-family points (`coast`/`harbor`/`river_mouth`, keyword- detected from the German name) with plain `city` points, with no sea-word header of its own, is structurally suspicious on its own: Ptolemy's sections are narratively homogeneous (a coastal run OR an inland list, established as this project's whole classification premise), so a section doing both at once is far more likely to be one coastal run some of whose points merely lack their own keyword than a genuine mix.  Found 110 such sections catalogue-wide. Checked every one's full topostext text (not just the `city` points' own phrases) before adding it - looking for either confirming coastal language (promontory/harbor/river mouth/gulf/bay, a run of real coastal place-names) or a contradiction (an inland/interior framing, the same ""in the interior of Galatian Pontos"" shape that correctly ruled out a candidate earlier this session). 109 confirmed straightforwardly - a representative sample across the whole range: Lusitania's own coast continuing past the Durius fix above (Oliosipum/Lisbon, Obila - ""LUSITANIA...the mouth of the river, which flows into the Outer Sea""); the Basque/Catalan coast (`2.06.07`/`.10`/`.14`/`.15`/`.18`/`.19`/`.20` - ""Of the Autrigones: Nerva river mouth | Flaviobriga"", ""Of the Vascones: Oiasso city | Ocasso promontory of the Pyrenees""); Dalmatia (`2.16.02`/`.03`/`.05` - ""Ortopla...mouth of the Titos river...Skardona""); Macedonia and Thessaly (`3.13.05/06/12/14/15/16` - ""In Amphaxitis: Thessalonike | Echedoros river outlet"", ""In Pieria: ...Pydna | Haliakmon river outlet...Dion colonia...Peneios river outlet""); Boiotia and the Lokrians (`3.15.03/09/11` - ""In Boiotia: Aulis | Ismenos river outlet | Salganeus | Anthedon""); Messenia (`3.16.07` - ""Kyparissia city | Kyparission promontory...Pylos | Koryphasion headland | Mothone""); Crete's south coast (`3.17.03/04/07/08` - ""Description of the south side: Lissos | Tarrha...Phoinix city | Phoinikous harbor""); Mauretania/Numidia/Africa/Cyrenaica (`4.01`-`4.04`,`4.06`-`4.08`, a dozen sections - Icosium, Rusazus, Carthage's own harbor towns, ""In the Pentapolis, Berenike or Hesperides | mouth of the Lathon river""); Anatolia's Aeolis/Lykia/ Pontus coasts (`5.01`-`5.14`, another dozen - ""Patara | Antiphellos | Andriake...Olympos city | Phaselis""); the Levant's own continuation past the Phoenicia fix (`5.16.02` - Kaisareia, Apollonia, Ioppe/Jaffa, Azotos, Askalon, Anthedon, already-`harbor` Gaza/Iamnia ports between them); the Persian Gulf coast of Babylonia/Susiane/Persis (`5.20.05`,`6.02.02`-`6.04.02` - ""this coast is described as follows: the western mouth of the Tigris river...""); and India's own Malabar/Coromandel/Ganges-delta coasts (`7.01`/`7.02`/`7.03`/`7.04`, the largest single cluster - ""(Ariake) of the Pirates. Mandagara..."", ""Maisolia. Mouth of the River Maisolos..."", ""Mouths of the Ganges...""). One candidate, `3.05.14`, was excluded: its own `city` point (""Nördlicher Endpunkt"") is ""the southern limit of Sarmatia at the *sources* of the Tanais river"" - a river-source boundary marker at the opposite end from this section's real coastal points (the Tanais' two mouths), the same shape as the Durius/Anas fixes above, not a coastal gap - left as `city`, worth a closer individual look later if it turns out to need one."
4.03.08,4,4.03,08,AF02,Kap Hermaia,,,coast section," A seventeenth-round, catalogue-wide sweep (2026-07-30), prompted by the user pointing out a structural blind spot in every check run so far this session: crossref_topostext.py/category_check.py only ever flag a `city` point when *that point's own* topostext phrase contains a coastal keyword - Sidon, Tyros and Byblos (fixed just above) have none; their own citations are bare names. The signal that they're coastal was never in their own phrase, it was in their *section*: sitting between already-correctly-classified points (a ""-Mündung"" river mouth, a ""Kap"" cape) that do carry a keyword. That's checkable without topostext at all - a section mixing coastal-family points (`coast`/`harbor`/`river_mouth`, keyword- detected from the German name) with plain `city` points, with no sea-word header of its own, is structurally suspicious on its own: Ptolemy's sections are narratively homogeneous (a coastal run OR an inland list, established as this project's whole classification premise), so a section doing both at once is far more likely to be one coastal run some of whose points merely lack their own keyword than a genuine mix.  Found 110 such sections catalogue-wide. Checked every one's full topostext text (not just the `city` points' own phrases) before adding it - looking for either confirming coastal language (promontory/harbor/river mouth/gulf/bay, a run of real coastal place-names) or a contradiction (an inland/interior framing, the same ""in the interior of Galatian Pontos"" shape that correctly ruled out a candidate earlier this session). 109 confirmed straightforwardly - a representative sample across the whole range: Lusitania's own coast continuing past the Durius fix above (Oliosipum/Lisbon, Obila - ""LUSITANIA...the mouth of the river, which flows into the Outer Sea""); the Basque/Catalan coast (`2.06.07`/`.10`/`.14`/`.15`/`.18`/`.19`/`.20` - ""Of the Autrigones: Nerva river mouth | Flaviobriga"", ""Of the Vascones: Oiasso city | Ocasso promontory of the Pyrenees""); Dalmatia (`2.16.02`/`.03`/`.05` - ""Ortopla...mouth of the Titos river...Skardona""); Macedonia and Thessaly (`3.13.05/06/12/14/15/16` - ""In Amphaxitis: Thessalonike | Echedoros river outlet"", ""In Pieria: ...Pydna | Haliakmon river outlet...Dion colonia...Peneios river outlet""); Boiotia and the Lokrians (`3.15.03/09/11` - ""In Boiotia: Aulis | Ismenos river outlet | Salganeus | Anthedon""); Messenia (`3.16.07` - ""Kyparissia city | Kyparission promontory...Pylos | Koryphasion headland | Mothone""); Crete's south coast (`3.17.03/04/07/08` - ""Description of the south side: Lissos | Tarrha...Phoinix city | Phoinikous harbor""); Mauretania/Numidia/Africa/Cyrenaica (`4.01`-`4.04`,`4.06`-`4.08`, a dozen sections - Icosium, Rusazus, Carthage's own harbor towns, ""In the Pentapolis, Berenike or Hesperides | mouth of the Lathon river""); Anatolia's Aeolis/Lykia/ Pontus coasts (`5.01`-`5.14`, another dozen - ""Patara | Antiphellos | Andriake...Olympos city | Phaselis""); the Levant's own continuation past the Phoenicia fix (`5.16.02` - Kaisareia, Apollonia, Ioppe/Jaffa, Azotos, Askalon, Anthedon, already-`harbor` Gaza/Iamnia ports between them); the Persian Gulf coast of Babylonia/Susiane/Persis (`5.20.05`,`6.02.02`-`6.04.02` - ""this coast is described as follows: the western mouth of the Tigris river...""); and India's own Malabar/Coromandel/Ganges-delta coasts (`7.01`/`7.02`/`7.03`/`7.04`, the largest single cluster - ""(Ariake) of the Pirates. Mandagara..."", ""Maisolia. Mouth of the River Maisolos..."", ""Mouths of the Ganges...""). One candidate, `3.05.14`, was excluded: its own `city` point (""Nördlicher Endpunkt"") is ""the southern limit of Sarmatia at the *sources* of the Tanais river"" - a river-source boundary marker at the opposite end from this section's real coastal points (the Tanais' two mouths), the same shape as the Durius/Anas fixes above, not a coastal gap - left as `city`, worth a closer individual look later if it turns out to need one."
4.03.09,4,4.03,09,AF02,Siagul,,,inland,
4.03.10,4,4.03,10,AF02,Leptis Minor,,Leptis Minor .,coast section," A seventeenth-round, catalogue-wide sweep (2026-07-30), prompted by the user pointing out a structural blind spot in every check run so far this session: crossref_topostext.py/category_check.py only ever flag a `city` point when *that point's own* topostext phrase contains a coastal keyword - Sidon, Tyros and Byblos (fixed just above) have none; their own citations are bare names. The signal that they're coastal was never in their own phrase, it was in their *section*: sitting between already-correctly-classified points (a ""-Mündung"" river mouth, a ""Kap"" cape) that do carry a keyword. That's checkable without topostext at all - a section mixing coastal-family points (`coast`/`harbor`/`river_mouth`, keyword- detected from the German name) with plain `city` points, with no sea-word header of its own, is structurally suspicious on its own: Ptolemy's sections are narratively homogeneous (a coastal run OR an inland list, established as this project's whole classification premise), so a section doing both at once is far more likely to be one coastal run some of whose points merely lack their own keyword than a genuine mix.  Found 110 such sections catalogue-wide. Checked every one's full topostext text (not just the `city` points' own phrases) before adding it - looking for either confirming coastal language (promontory/harbor/river mouth/gulf/bay, a run of real coastal place-names) or a contradiction (an inland/interior framing, the same ""in the interior of Galatian Pontos"" shape that correctly ruled out a candidate earlier this session). 109 confirmed straightforwardly - a representative sample across the whole range: Lusitania's own coast continuing past the Durius fix above (Oliosipum/Lisbon, Obila - ""LUSITANIA...the mouth of the river, which flows into the Outer Sea""); the Basque/Catalan coast (`2.06.07`/`.10`/`.14`/`.15`/`.18`/`.19`/`.20` - ""Of the Autrigones: Nerva river mouth | Flaviobriga"", ""Of the Vascones: Oiasso city | Ocasso promontory of the Pyrenees""); Dalmatia (`2.16.02`/`.03`/`.05` - ""Ortopla...mouth of the Titos river...Skardona""); Macedonia and Thessaly (`3.13.05/06/12/14/15/16` - ""In Amphaxitis: Thessalonike | Echedoros river outlet"", ""In Pieria: ...Pydna | Haliakmon river outlet...Dion colonia...Peneios river outlet""); Boiotia and the Lokrians (`3.15.03/09/11` - ""In Boiotia: Aulis | Ismenos river outlet | Salganeus | Anthedon""); Messenia (`3.16.07` - ""Kyparissia city | Kyparission promontory...Pylos | Koryphasion headland | Mothone""); Crete's south coast (`3.17.03/04/07/08` - ""Description of the south side: Lissos | Tarrha...Phoinix city | Phoinikous harbor""); Mauretania/Numidia/Africa/Cyrenaica (`4.01`-`4.04`,`4.06`-`4.08`, a dozen sections - Icosium, Rusazus, Carthage's own harbor towns, ""In the Pentapolis, Berenike or Hesperides | mouth of the Lathon river""); Anatolia's Aeolis/Lykia/ Pontus coasts (`5.01`-`5.14`, another dozen - ""Patara | Antiphellos | Andriake...Olympos city | Phaselis""); the Levant's own continuation past the Phoenicia fix (`5.16.02` - Kaisareia, Apollonia, Ioppe/Jaffa, Azotos, Askalon, Anthedon, already-`harbor` Gaza/Iamnia ports between them); the Persian Gulf coast of Babylonia/Susiane/Persis (`5.20.05`,`6.02.02`-`6.04.02` - ""this coast is described as follows: the western mouth of the Tigris river...""); and India's own Malabar/Coromandel/Ganges-delta coasts (`7.01`/`7.02`/`7.03`/`7.04`, the largest single cluster - ""(Ariake) of the Pirates. Mandagara..."", ""Maisolia. Mouth of the River Maisolos..."", ""Mouths of the Ganges...""). One candidate, `3.05.14`, was excluded: its own `city` point (""Nördlicher Endpunkt"") is ""the southern limit of Sarmatia at the *sources* of the Tanais river"" - a river-source boundary marker at the opposite end from this section's real coastal points (the Tanais' two mouths), the same shape as the Durius/Anas fixes above, not a coastal gap - left as `city`, worth a closer individual look later if it turns out to need one."
4.03.11,4,4.03,11,AF02,Kleine Syrte,Kleine Syrte,Of Syrtis Minor:  Theainai .,coast section," A seventeenth-round, catalogue-wide sweep (2026-07-30), prompted by the user pointing out a structural blind spot in every check run so far this session: crossref_topostext.py/category_check.py only ever flag a `city` point when *that point's own* topostext phrase contains a coastal keyword - Sidon, Tyros and Byblos (fixed just above) have none; their own citations are bare names. The signal that they're coastal was never in their own phrase, it was in their *section*: sitting between already-correctly-classified points (a ""-Mündung"" river mouth, a ""Kap"" cape) that do carry a keyword. That's checkable without topostext at all - a section mixing coastal-family points (`coast`/`harbor`/`river_mouth`, keyword- detected from the German name) with plain `city` points, with no sea-word header of its own, is structurally suspicious on its own: Ptolemy's sections are narratively homogeneous (a coastal run OR an inland list, established as this project's whole classification premise), so a section doing both at once is far more likely to be one coastal run some of whose points merely lack their own keyword than a genuine mix.  Found 110 such sections catalogue-wide. Checked every one's full topostext text (not just the `city` points' own phrases) before adding it - looking for either confirming coastal language (promontory/harbor/river mouth/gulf/bay, a run of real coastal place-names) or a contradiction (an inland/interior framing, the same ""in the interior of Galatian Pontos"" shape that correctly ruled out a candidate earlier this session). 109 confirmed straightforwardly - a representative sample across the whole range: Lusitania's own coast continuing past the Durius fix above (Oliosipum/Lisbon, Obila - ""LUSITANIA...the mouth of the river, which flows into the Outer Sea""); the Basque/Catalan coast (`2.06.07`/`.10`/`.14`/`.15`/`.18`/`.19`/`.20` - ""Of the Autrigones: Nerva river mouth | Flaviobriga"", ""Of the Vascones: Oiasso city | Ocasso promontory of the Pyrenees""); Dalmatia (`2.16.02`/`.03`/`.05` - ""Ortopla...mouth of the Titos river...Skardona""); Macedonia and Thessaly (`3.13.05/06/12/14/15/16` - ""In Amphaxitis: Thessalonike | Echedoros river outlet"", ""In Pieria: ...Pydna | Haliakmon river outlet...Dion colonia...Peneios river outlet""); Boiotia and the Lokrians (`3.15.03/09/11` - ""In Boiotia: Aulis | Ismenos river outlet | Salganeus | Anthedon""); Messenia (`3.16.07` - ""Kyparissia city | Kyparission promontory...Pylos | Koryphasion headland | Mothone""); Crete's south coast (`3.17.03/04/07/08` - ""Description of the south side: Lissos | Tarrha...Phoinix city | Phoinikous harbor""); Mauretania/Numidia/Africa/Cyrenaica (`4.01`-`4.04`,`4.06`-`4.08`, a dozen sections - Icosium, Rusazus, Carthage's own harbor towns, ""In the Pentapolis, Berenike or Hesperides | mouth of the Lathon river""); Anatolia's Aeolis/Lykia/ Pontus coasts (`5.01`-`5.14`, another dozen - ""Patara | Antiphellos | Andriake...Olympos city | Phaselis""); the Levant's own continuation past the Phoenicia fix (`5.16.02` - Kaisareia, Apollonia, Ioppe/Jaffa, Azotos, Askalon, Anthedon, already-`harbor` Gaza/Iamnia ports between them); the Persian Gulf coast of Babylonia/Susiane/Persis (`5.20.05`,`6.02.02`-`6.04.02` - ""this coast is described as follows: the western mouth of the Tigris river...""); and India's own Malabar/Coromandel/Ganges-delta coasts (`7.01`/`7.02`/`7.03`/`7.04`, the largest single cluster - ""(Ariake) of the Pirates. Mandagara..."", ""Maisolia. Mouth of the River Maisolos..."", ""Mouths of the Ganges...""). One candidate, `3.05.14`, was excluded: its own `city` point (""Nördlicher Endpunkt"") is ""the southern limit of Sarmatia at the *sources* of the Tanais river"" - a river-source boundary marker at the opposite end from this section's real coastal points (the Tanais' two mouths), the same shape as the Durius/Anas fixes above, not a coastal gap - left as `city`, worth a closer individual look later if it turns out to need one."
4.03.12,4,4.03,12,AF02,Hedaphtha (Gidaphtha),,Hedaphtha or Hedaphna city at the limit .,coast section,"A wide batch found by the same systematic topostext-disagreement review, each independently confirmed the same way: a plain-named harbor town or headland sitting in `city`, whose section has no sea-word header of its own but whose topostext citation both names it a harbor/port *and* sits in an unbroken run of coastal citations (river mouths, capes, other harbors) either side of it in the same section - the same ""province/tribe name instead of sea name"" header gap already fixed many times this session, just not yet swept outside the regions checked so far: [Africa: a city-at-the-limit/promontory run including Pisidon and Garapha harbors]"
4.03.13,4,4.03,13,AF02,Neapolis* bzw. Leptis Magna*,,Neapolis or Leptis Magna .,coast section," A seventeenth-round, catalogue-wide sweep (2026-07-30), prompted by the user pointing out a structural blind spot in every check run so far this session: crossref_topostext.py/category_check.py only ever flag a `city` point when *that point's own* topostext phrase contains a coastal keyword - Sidon, Tyros and Byblos (fixed just above) have none; their own citations are bare names. The signal that they're coastal was never in their own phrase, it was in their *section*: sitting between already-correctly-classified points (a ""-Mündung"" river mouth, a ""Kap"" cape) that do carry a keyword. That's checkable without topostext at all - a section mixing coastal-family points (`coast`/`harbor`/`river_mouth`, keyword- detected from the German name) with plain `city` points, with no sea-word header of its own, is structurally suspicious on its own: Ptolemy's sections are narratively homogeneous (a coastal run OR an inland list, established as this project's whole classification premise), so a section doing both at once is far more likely to be one coastal run some of whose points merely lack their own keyword than a genuine mix.  Found 110 such sections catalogue-wide. Checked every one's full topostext text (not just the `city` points' own phrases) before adding it - looking for either confirming coastal language (promontory/harbor/river mouth/gulf/bay, a run of real coastal place-names) or a contradiction (an inland/interior framing, the same ""in the interior of Galatian Pontos"" shape that correctly ruled out a candidate earlier this session). 109 confirmed straightforwardly - a representative sample across the whole range: Lusitania's own coast continuing past the Durius fix above (Oliosipum/Lisbon, Obila - ""LUSITANIA...the mouth of the river, which flows into the Outer Sea""); the Basque/Catalan coast (`2.06.07`/`.10`/`.14`/`.15`/`.18`/`.19`/`.20` - ""Of the Autrigones: Nerva river mouth | Flaviobriga"", ""Of the Vascones: Oiasso city | Ocasso promontory of the Pyrenees""); Dalmatia (`2.16.02`/`.03`/`.05` - ""Ortopla...mouth of the Titos river...Skardona""); Macedonia and Thessaly (`3.13.05/06/12/14/15/16` - ""In Amphaxitis: Thessalonike | Echedoros river outlet"", ""In Pieria: ...Pydna | Haliakmon river outlet...Dion colonia...Peneios river outlet""); Boiotia and the Lokrians (`3.15.03/09/11` - ""In Boiotia: Aulis | Ismenos river outlet | Salganeus | Anthedon""); Messenia (`3.16.07` - ""Kyparissia city | Kyparission promontory...Pylos | Koryphasion headland | Mothone""); Crete's south coast (`3.17.03/04/07/08` - ""Description of the south side: Lissos | Tarrha...Phoinix city | Phoinikous harbor""); Mauretania/Numidia/Africa/Cyrenaica (`4.01`-`4.04`,`4.06`-`4.08`, a dozen sections - Icosium, Rusazus, Carthage's own harbor towns, ""In the Pentapolis, Berenike or Hesperides | mouth of the Lathon river""); Anatolia's Aeolis/Lykia/ Pontus coasts (`5.01`-`5.14`, another dozen - ""Patara | Antiphellos | Andriake...Olympos city | Phaselis""); the Levant's own continuation past the Phoenicia fix (`5.16.02` - Kaisareia, Apollonia, Ioppe/Jaffa, Azotos, Askalon, Anthedon, already-`harbor` Gaza/Iamnia ports between them); the Persian Gulf coast of Babylonia/Susiane/Persis (`5.20.05`,`6.02.02`-`6.04.02` - ""this coast is described as follows: the western mouth of the Tigris river...""); and India's own Malabar/Coromandel/Ganges-delta coasts (`7.01`/`7.02`/`7.03`/`7.04`, the largest single cluster - ""(Ariake) of the Pirates. Mandagara..."", ""Maisolia. Mouth of the River Maisolos..."", ""Mouths of the Ganges...""). One candidate, `3.05.14`, was excluded: its own `city` point (""Nördlicher Endpunkt"") is ""the southern limit of Sarmatia at the *sources* of the Tanais river"" - a river-source boundary marker at the opposite end from this section's real coastal points (the Tanais' two mouths), the same shape as the Durius/Anas fixes above, not a coastal gap - left as `city`, worth a closer individual look later if it turns out to need one."
4.03.14,4,4.03,14,AF02,Grosse Syrte,Grosse Syrte,Of Syrtis Major:  Makomala or Kaloumakouma village .,coast section,"Found by the user directly in a rendered map: a visible gap in the North African coast, orange `city` dots sitting where the dark-blue coastline should run, west of Cyrenaica. Section 4.03.14 is headed ""Grosse Syrte"" (the Gulf of Sidra/Great Syrtis) - topostext's own first citation confirms it explicitly: ""Of Syrtis Major: Makomala or Kaloumakouma village"" - but ""Syrte""/""Syrtis"" isn't one of _COASTAL_HDR_RE's recognized German sea-words, so the section defaulted to `city`. The point names confirm it independently: ""Ras Bergavad"" (ras = cape), ""Hippu Akra"" (akra = headland - a second, different point of this exact name already sits correctly `coast` elsewhere in book.map 4.03), and ""Arae Philaenorum"" (the historically-attested altar marking the Africa/Cyrenaica border, on the Gulf of Sidra shore itself). Not broadened into _COASTAL_HDR_RE itself: ""Syrte"" also appears in 4.03.41's own header (""Grosse Syrte | Kleine Syrte""), a section of genuinely inland Tripolitanian cities merely labelled with the region's name, not a coastal walk - broadening the regex would have wrongly swept that in too. 4.03.15 (""Grosse Syrte (Winkel)""), checked at the same time, is a single land-boundary tripoint (""inmost point of the Syrtis by the line running south...to the end point at"") and correctly stays `city`."
4.03.15,4,4.03,15,AF02,Grosse Syrte (Winkel),Grosse Syrte (Winkel) | Cyrenaica | Gaetulia | Libysche Wüste,The eastern side is bounded after the inmost point of the Syrtis by the line running south from there along Cyrenaica to the end point at .,inland,
4.03.16,4,4.03,16,AF02,Rubricatus,Rubricatus,There are notable mountains in the province: the eastern part of Buzara mountain is at .,inland,
4.03.17,4,4.03,17,AF02,Kirna (Kinna)-Berg,,"From which are constituted interconnected lakes, Hipponitis .",inland,
4.03.18,4,4.03,18,AF02,Bagradas,Bagradas,"And Mt. Mampsaron, the end points of which are at .",inland,
4.03.19,4,4.03,19,AF02,Triton,Triton,"From which the Triton river flows, and in it these lakes: Tritonitis .",inland,
4.03.20,4,4.03,20,AF02,Kinyps,Kinyps,And Mt. Gigion .,inland,
4.03.28,4,4.03,28,AF02,Ampsaga,Ampsaga | Thabraka  | Kirtesier,The inland towns in the district between the Ampsagas river and the city Thabraca are:  Of the Kirtesioi Cirta Julia .,inland,
4.03.29,4,4.03,29,AF02,Numidia Nova,Numidia Nova,Of New Numidia:  Koulkoua colonia .,inland,
4.03.30,4,4.03,30,AF02,Legio III Augusta,Legio III Augusta,Legio III Augusta  Thubutis .,inland,
4.03.31,4,4.03,31,AF02,Thabraka,Thabraka | Bagradas,Between the city Thabraca and the Bagradas river  Canopesi .,inland,
4.03.32,4,4.03,32,AF02,Torbos,,Tobrus .,inland,
4.03.33,4,4.03,33,AF02,Aquae Calidae,,Hydata Therma .,inland,
4.03.34,4,4.03,34,AF02,Bagradas,Bagradas | Triton | Karchedon,"Between the river Bagradas and the river Triton, and below Carthage are  Old Maxula .",inland,
4.03.35,4,4.03,35,AF02,Medikkara,,Mediccara .,inland,
4.03.36,4,4.03,36,AF02,Sasura,,Sasura .,inland,
4.03.37,4,4.03,37,AF02,Hadrumetum,Hadrumetum,Below Adrumetum city:  Almaena .,inland,
4.03.38,4,4.03,38,AF02,Augustum,,Augustum .,inland,
4.03.39,4,4.03,39,AF02,Thysdros*,,Thysdrus .,inland,
4.03.40,4,4.03,40,AF02,Karaga,,Karaga .,inland,
4.03.41,4,4.03,41,AF02,Grosse Syrte,Grosse Syrte | Kleine Syrte,Between the two Syrtes the following cities:  Chuzis .,inland,
4.03.42,4,4.03,42,AF02,Ammonos,,Ammonos .,inland,
4.03.43,4,4.03,43,AF02,Durga,,Durga .,inland,
4.03.44,4,4.03,44,AF02,Africa,Africa,"Islands along the coast of Africa, which are near the coast:  Hydras .",island,"The following five were confirmed against topostext.org/work/209's English translation, which states outright ""the Ebuda islands..."", ""the islands which are near Albion island..."", etc. - independent of our own Modern_location-based guessing. [Hydras/Galata/Drakontios/Aigimoros/Larunesen/Anemussa/Lopadusa/Aithusa - islands along the coast of Africa (topostext: ""Islands along the coast of Africa, which are near the coast: Hydras..."")]"
4.03.45,4,4.03,45,AF02,Lotophagitis-Insel,Lotophagitis-Insel,Kerkinna island and city .,inland,
4.03.46,4,4.03,46,AF02,Misynos,,Misynos island .,island,"The following five were confirmed against topostext.org/work/209's English translation, which states outright ""the Ebuda islands..."", ""the islands which are near Albion island..."", etc. - independent of our own Modern_location-based guessing. [Misynos/Pontia/Gaia - three more islands off Africa]"
4.03.47,4,4.03,47,AF02,Africa,Africa | Melite,High seas islands of Africa are the following:  Kossyra island and city .,inland,
4.04.01,4,4.04,01,AF03,Cyrenaica,Cyrenaica | Grosse Syrte | Africa | Arae Philaenorum ,,inland,
4.04.03,4,4.04,03,AF03,Dorf des Philainos,Dorf des Philainos,,coast section,"A wide batch found by the same systematic topostext-disagreement review, each independently confirmed the same way: a plain-named harbor town or headland sitting in `city`, whose section has no sea-word header of its own but whose topostext citation both names it a harbor/port *and* sits in an unbroken run of coastal citations (river mouths, capes, other harbors) either side of it in the same section - the same ""province/tribe name instead of sea name"" header gap already fixed many times this session, just not yet swept outside the regions checked so far: [Cyrenaica (Syrtis): ""Automalax fort...Drepanon promontory...Diarroia harbor...Tower of Herakles...""]"
4.04.04,4,4.04,04,AF03,Pentapolis,Pentapolis,,coast section,"Found the same way again, this time by the user directly (asked for a side-by-side table of book.map ""5.05.02""/""5.05.03""/""5.08.02"" to see why they weren't coastal): Kilikia Tracheia's own western coast, between Side (the Eurasian arc's own long-unconfirmed loose end) and Anemurion. Section ""5.05.03"" is headed ""Coast of Kilikia Tracheia"" (topostext §5.5.3) - literally ""coast"", just naming a district instead of a sea. Section ""5.08.02"" is headed ""In Selinitis of Kilikia Tracheia"" (topostext §5.8.2), a sub-district within the same coast - confirmed by §5.8.1's own transition line: ""with the following description: from Syedra, a city of Pamphylia, along the *coast*:"". Longitude rises monotonically the whole way - Side 63.42 -> Korakesion 63.58 -> Syedra 63.83 -> Iotape 64.00 -> Selinus 64.33 -> Antiocheia 64.67 -> Nephelis 64.83 -> Anemurion 65.17 - a real coastal walk, not a coincidence. This closes the Side<->Anemurion gap with genuine data instead of the dashed schematic bridge used since the twenty-eighth round (see static_map.py's own now-removed _ANEMURION bridge logic)."
4.04.05,4,4.04,05,AF03,Kyrenaier,Kyrenaier,,coast section,"A wide batch found by the same systematic topostext-disagreement review, each independently confirmed the same way: a plain-named harbor town or headland sitting in `city`, whose section has no sea-word header of its own but whose topostext citation both names it a harbor/port *and* sits in an unbroken run of coastal citations (river mouths, capes, other harbors) either side of it in the same section - the same ""province/tribe name instead of sea name"" header gap already fixed many times this session, just not yet swept outside the regions checked so far: [Cyrenaica: ""Phykous promontory...Apollonia [naval station]...Naustathmon harbor...Zephyrion promontory...""]"
4.04.06,4,4.04,06,AF03,Marmarica,Marmarica | Darnis,,inland,
4.04.08,4,4.04,08,AF03,Lathon,Lathon | Paliuros,,inland,
4.04.11,4,4.04,11,AF03,Kyrene*,,The inland cities of the province are the following:  Kyrene .,inland,
4.04.12,4,4.04,12,AF03,Kelida,,Kelida .,inland,
4.04.13,4,4.04,13,AF03,Maranthis,,,inland,
4.04.14,4,4.04,14,AF03,Myrmex,,,island,"The following five were confirmed against topostext.org/work/209's English translation, which states outright ""the Ebuda islands..."", ""the islands which are near Albion island..."", etc. - independent of our own Modern_location-based guessing. [Myrmex + Aphrodite-Insel bzw. Laia - the two islands off Cyrenaica (topostext: ""The islands by this country are: Myrmex island...Laia or Aphrodite island"")]"
4.05.01,4,4.05,01,AF03,Marmarica,Marmarica | Libyen-Gau | Ägypten | Cyrenaica | Darnis | Inneres Libyen,,inland,
4.05.02,4,4.05,02,AF03,Ägyptisches Meer,Ägyptisches Meer | Marmarike-Gau,,coast section,
4.05.03,4,4.05,03,AF03,Antipyrgos,,,coast section,"Found by the systematic topostext-disagreement review (2026-07-30): Marmarica/Cyrenaica's own Mediterranean coast (book.map ""4.05"", sections ""03"" through ""07"") continues directly from section ""02""'s own coastal declaration (""on the north by the Egyptian sea. This seacoast is thus described: In the nomes of Marmarike are: Aziris village..."") without repeating a sea-word header of its own - topostext confirms one continuous run of harbor/promontory/village citations straight through (""Antipyrgos harbor...Big Petras harbor...Panormos harbor...Ainesisphyra harbor...Selinous harbor...Graias Gony, harbor...Gyzis or Zygis harbor...Phoinikos harbor...Leukaspis harbor...""), matching the catalogue's own item order. The ""Kap""-named capes in this stretch were already correctly `coast`; the plain-named harbor towns between them (Antipyrgos, Skythranios, Petra Megale, Panormos, Ainesisphyra, Zygris, Chettaia, Zagylis, Selinus, Graias Gony, Zygis, Leuke Akte, Antiphrai, Leukaspis) fell through to `city` for lack of a keyword of their own."
4.05.04,4,4.05,04,AF03,Libyen-Gau,Libyen-Gau,,coast section,"Found by the systematic topostext-disagreement review (2026-07-30): Marmarica/Cyrenaica's own Mediterranean coast (book.map ""4.05"", sections ""03"" through ""07"") continues directly from section ""02""'s own coastal declaration (""on the north by the Egyptian sea. This seacoast is thus described: In the nomes of Marmarike are: Aziris village..."") without repeating a sea-word header of its own - topostext confirms one continuous run of harbor/promontory/village citations straight through (""Antipyrgos harbor...Big Petras harbor...Panormos harbor...Ainesisphyra harbor...Selinous harbor...Graias Gony, harbor...Gyzis or Zygis harbor...Phoinikos harbor...Leukaspis harbor...""), matching the catalogue's own item order. The ""Kap""-named capes in this stretch were already correctly `coast`; the plain-named harbor towns between them (Antipyrgos, Skythranios, Petra Megale, Panormos, Ainesisphyra, Zygris, Chettaia, Zagylis, Selinus, Graias Gony, Zygis, Leuke Akte, Antiphrai, Leukaspis) fell through to `city` for lack of a keyword of their own."
4.05.05,4,4.05,05,AF03,Selinus,,,coast section,"Found by the systematic topostext-disagreement review (2026-07-30): Marmarica/Cyrenaica's own Mediterranean coast (book.map ""4.05"", sections ""03"" through ""07"") continues directly from section ""02""'s own coastal declaration (""on the north by the Egyptian sea. This seacoast is thus described: In the nomes of Marmarike are: Aziris village..."") without repeating a sea-word header of its own - topostext confirms one continuous run of harbor/promontory/village citations straight through (""Antipyrgos harbor...Big Petras harbor...Panormos harbor...Ainesisphyra harbor...Selinous harbor...Graias Gony, harbor...Gyzis or Zygis harbor...Phoinikos harbor...Leukaspis harbor...""), matching the catalogue's own item order. The ""Kap""-named capes in this stretch were already correctly `coast`; the plain-named harbor towns between them (Antipyrgos, Skythranios, Petra Megale, Panormos, Ainesisphyra, Zygris, Chettaia, Zagylis, Selinus, Graias Gony, Zygis, Leuke Akte, Antiphrai, Leukaspis) fell through to `city` for lack of a keyword of their own."
4.05.06,4,4.05,06,AF03,Paraitonion*,,,coast section,"Found by the systematic topostext-disagreement review (2026-07-30): Marmarica/Cyrenaica's own Mediterranean coast (book.map ""4.05"", sections ""03"" through ""07"") continues directly from section ""02""'s own coastal declaration (""on the north by the Egyptian sea. This seacoast is thus described: In the nomes of Marmarike are: Aziris village..."") without repeating a sea-word header of its own - topostext confirms one continuous run of harbor/promontory/village citations straight through (""Antipyrgos harbor...Big Petras harbor...Panormos harbor...Ainesisphyra harbor...Selinous harbor...Graias Gony, harbor...Gyzis or Zygis harbor...Phoinikos harbor...Leukaspis harbor...""), matching the catalogue's own item order. The ""Kap""-named capes in this stretch were already correctly `coast`; the plain-named harbor towns between them (Antipyrgos, Skythranios, Petra Megale, Panormos, Ainesisphyra, Zygris, Chettaia, Zagylis, Selinus, Graias Gony, Zygis, Leuke Akte, Antiphrai, Leukaspis) fell through to `city` for lack of a keyword of their own."
4.05.07,4,4.05,07,AF03,Kap Hermaia,,,coast section,"Found by the systematic topostext-disagreement review (2026-07-30): Marmarica/Cyrenaica's own Mediterranean coast (book.map ""4.05"", sections ""03"" through ""07"") continues directly from section ""02""'s own coastal declaration (""on the north by the Egyptian sea. This seacoast is thus described: In the nomes of Marmarike are: Aziris village..."") without repeating a sea-word header of its own - topostext confirms one continuous run of harbor/promontory/village citations straight through (""Antipyrgos harbor...Big Petras harbor...Panormos harbor...Ainesisphyra harbor...Selinous harbor...Graias Gony, harbor...Gyzis or Zygis harbor...Phoinikos harbor...Leukaspis harbor...""), matching the catalogue's own item order. The ""Kap""-named capes in this stretch were already correctly `coast`; the plain-named harbor towns between them (Antipyrgos, Skythranios, Petra Megale, Panormos, Ainesisphyra, Zygris, Chettaia, Zagylis, Selinus, Graias Gony, Zygis, Leuke Akte, Antiphrai, Leukaspis) fell through to `city` for lack of a keyword of their own."
4.05.08,4,4.05,08,AF03,Mareotis-Gau,Mareotis-Gau,,inland,
4.05.09,4,4.05,09,AF03,Ägypten,Ägypten | Menelaites-Gau,,inland,
4.05.10,4,4.05,10,AF03,Nil,Nil ,The seven mouths of the Nile:  the Herakleotikon or Kanobic mouth .,inland,
4.05.11,4,4.05,11,AF03,Pelusion*,,Pelousion city .,coast section,"Found the same way (user-reported ""cities in the water"" on a rendered map): the Kasiotis coast, between the Nile delta and Gaza (book.map ""4.05"", sections ""11""/""12""). Headed ""In Kassiotis"" (a district name, not a sea-word) - topostext (4.5.11/4.5.12) confirms it's a coastal walk regardless: ""Gerron *border*"" (Kasiotis's own end marker), then Kassion (Mt. Kasios, the coastal dune/promontory on the Egypt-Judaea road), the outlet of Lake Sirbonis (already `lake` via _LAKE_RE, unaffected), Ostrakine, Rhinokoroura, ending at Anthedon - the same real place, same coordinates, as Judaea's own ""Anthedon"" (5.16.02.11, the end of that book's own coastal walk - see _ANTHEDON in static_map.py). Left as `city`, this whole stretch fell between Egypt's own coastline (which jumped straight from the Nile delta to the Sinai/Suez turning point) and Judaea's, leaving five real coastal towns stranded north of the rendered shore. Egypt's own ""Anthedon"" citation (4.05.12.06) is a bit-identical duplicate of Judaea's - skipped via _COASTLINE_SKIP_REF_IDS so this section's edges still run straight through to the Grenzpunkt/Zipfel des Arabischen Golfes continuation instead of stopping a point early."
4.05.12,4,4.05,12,AF03,Kasiotis,Kasiotis,In Kassiotis: Kassion .,coast section,"Found the same way (user-reported ""cities in the water"" on a rendered map): the Kasiotis coast, between the Nile delta and Gaza (book.map ""4.05"", sections ""11""/""12""). Headed ""In Kassiotis"" (a district name, not a sea-word) - topostext (4.5.11/4.5.12) confirms it's a coastal walk regardless: ""Gerron *border*"" (Kasiotis's own end marker), then Kassion (Mt. Kasios, the coastal dune/promontory on the Egypt-Judaea road), the outlet of Lake Sirbonis (already `lake` via _LAKE_RE, unaffected), Ostrakine, Rhinokoroura, ending at Anthedon - the same real place, same coordinates, as Judaea's own ""Anthedon"" (5.16.02.11, the end of that book's own coastal walk - see _ANTHEDON in static_map.py). Left as `city`, this whole stretch fell between Egypt's own coastline (which jumped straight from the Nile delta to the Sinai/Suez turning point) and Judaea's, leaving five real coastal towns stranded north of the rendered shore. Egypt's own ""Anthedon"" citation (4.05.12.06) is a bit-identical duplicate of Judaea's - skipped via _COASTLINE_SKIP_REF_IDS so this section's edges still run straight through to the Grenzpunkt/Zipfel des Arabischen Golfes continuation instead of stopping a point early."
4.05.13,4,4.05,13,AF03,Judäa,Judäa | Anthedon | Arabia Petraea | Heroonpolis | Arabischer Golf,It is bounded on the east by part of Judaea which runs from Anthedon city to the end point at .,coast section,
4.05.14,4,4.05,14,AF03,Zipfel des Arabischen Golfes,,After the above-mentioned inmost point of the gulf at .,coast section,"The same gap recurs on Egypt's Red Sea coast: section ""13"" is headed ""Arabischer Golf"" (""Arabian Gulf"", the Red Sea) and correctly coastal, but sections ""14"" and ""15"" continue the same walk south without repeating that header - topostext confirms an unbroken run (""above-mentioned inmost point of the gulf...Arsinoe, Klysma castle, Drepanon promontory, Myos hormos, Philoteras harbor, Mt. Aias"" straight into ""Leukos harbor, Mt. Akabe, Nechesia, Mt. Samaragdos, Lepte akra, Berenike, Mt. Pentadaktylon, Bazion promontory"" - the same mountains-ending-at-the-shore shape already established for Mt. Athos/Akrokeraunia, correctly staying coastal here too rather than being reclassified). Arsinoe, Klysma, Myos Hormos and Philoteras (section 14) were sitting in `city`."
4.05.15,4,4.05,15,AF03,Leukos Limen,,Leukos harbor .,coast section,"The same gap recurs on Egypt's Red Sea coast: section ""13"" is headed ""Arabischer Golf"" (""Arabian Gulf"", the Red Sea) and correctly coastal, but sections ""14"" and ""15"" continue the same walk south without repeating that header - topostext confirms an unbroken run (""above-mentioned inmost point of the gulf...Arsinoe, Klysma castle, Drepanon promontory, Myos hormos, Philoteras harbor, Mt. Aias"" straight into ""Leukos harbor, Mt. Akabe, Nechesia, Mt. Samaragdos, Lepte akra, Berenike, Mt. Pentadaktylon, Bazion promontory"" - the same mountains-ending-at-the-shore shape already established for Mt. Athos/Akrokeraunia, correctly staying coastal here too rather than being reclassified). Arsinoe, Klysma, Myos Hormos and Philoteras (section 14) were sitting in `city`."
4.05.17,4,4.05,17,AF03,Baskisa-Gebirge (Mitte),,"The noteworthy mountains of the region are Baskisa, the midpoint of which is at .",inland,
4.05.18,4,4.05,18,AF03,Aspis-Berg,,Mt. Aspis .,inland,
4.05.19,4,4.05,19,AF03,Nil,Nil,"and the Libyan mountains to the west of the Nile river, the end points of which are at .",inland,
4.05.20,4,4.05,20,AF03,Kleartos-See,,The lakes are: Kleartos lake .,inland,
4.05.21,4,4.05,21,AF03,Marmarike-Gau,Marmarike-Gau | Libyarchen | Aneireiten | Bassacheiten | Apotomiten | Nasamonen | Bakaten | Auchisen | Tapaniten | Sentiten (Setigen) | Obilen (Oibillen) | Aizarer,"The Libyarchai, the Aneritai, and the Bassachitai occupy the northern parts of Marmarike nome, below whom are the Apotomitai; and south of these are the Augilai, at .",inland,
4.05.23,4,4.05,23,AF03,Anagombrer,Anagombrer | Iobakcher (Eiobachcher) | Rhuaditen,Next is the Ammoniake country at .,inland,
4.05.24,4,4.05,24,AF03,Mareotis-Gau,Mareotis-Gau | Tainia (Tenia) | Goniaten | Prosoditen | Mastiten,"The maritime region of Mareotosnome is called Taineia; the interior is occupied by the Goniatai and Prosoditai, next is the Skiathike country at .",inland,
4.05.25,4,4.05,25,AF03,Nitrioten,Nitrioten,"The Nitriotai, and the Oasita dwell in the parts still further to the south, at .",inland,
4.05.27,4,4.05,27,AF03,Arabischer Golf,Arabischer Golf | Fischessende Arabägyptier,"The Arabaegyptian Ichthyophagoioccupy the entire seacoast along the Arabian Gulf, in which are mountain ridges, of Mt. Troikon or Troigos .",coast section,
4.05.28,4,4.05,28,AF03,Marmarica,Marmarica,The interior villages of Marmarikeare:  Leukoe .,inland,
4.05.29,4,4.05,29,AF03,Abathuba,,Abathuba .,inland,
4.05.30,4,4.05,30,AF03,Augilen,Augilen | Nasamonen,and among the Augilai and Nasamones: Augila .,inland,
4.05.31,4,4.05,31,AF03,Libyen-Gau,Libyen-Gau,The villages of the Libyan nomes are:  Tachorsa .,inland,
4.05.32,4,4.05,32,AF03,Kalliu,,Kalliou .,inland,
4.05.33,4,4.05,33,AF03,Ammoniake,Ammoniake,"And in Ammoniake, Parembole of Alexander [camp/bivouac].",inland,
4.05.34,4,4.05,34,AF03,Mareotis-Gau,Mareotis-Gau,The cities and villages of Mareotosnome are: Monokaminon .,inland,
4.05.35,4,4.05,35,AF03,Skiathische Region,Skiathische Region,And in the Skiathike country: Skiathis .,inland,
4.05.36,4,4.05,36,AF03,Moiris-See,Moiris-See,And around Lake Moeris:  Bacchis .,inland,
4.05.37,4,4.05,37,AF03,Oasiten,Oasiten,and in area of the Oasitai:  Small Oasis .,inland,
4.05.39,4,4.05,39,AF03,Grosser Fluss bzw. Agathos Daimon,Grosser Fluss bzw. Agathos Daimon | Herakleotische Mündung | Bubastikos | Pelusische Mündung,"The so-called Great Delta begins where the Agathodaimon branches off from the Great river and flows through the Heracleotic mouth into the so-called Boubastiakos, which flows out through the Pelusiac mouth. The position of the fork of the delta is .",inland,
4.05.40,4,4.05,40,AF03,Bubastikos,Bubastikos | Busiritikos  | Pathmetische Mündung,"The so-called Little Delta is where the Boubastiakos river splits into the Bousiritikos river, which flows out through the Pathmitic mouth, position of which is .",inland,
4.05.41,4,4.05,41,AF03,Bubastikos,Bubastikos | Athribis  | Pineptimi-Mündung,"One might even mention a third delta somehow between the two aforementioned, where the Boubastiakos forks into the one that flows through Athribis city and the Pineptimimouth. This is at .",inland,
4.05.42,4,4.05,42,AF03,Grosses Delta,Grosses Delta | Agathos Daimon | Phermuthiakos (Thermuthiakos) | Sebennytische-Mündung,"At the Great Delta two rivers branch off toward the north from the river Agathodaimon; the first is called the Thermouthiakos or Phermouthiakos river, which flows out through the Sebennytic mouth; its fork is at .",inland,
4.05.43,4,4.05,43,AF03,Taly-Fluss,Taly-Fluss | Bolbitinos-Mündung,"Second is the so-called Taly river, which flows through the Bolbitic mouth; the branching of the Taly river is at .",inland,
4.05.46,4,4.05,46,AF03,Grosser Fluss,Grosser Fluss | Alexandria-Gau in der Regio Alexandria | Andropolites-Gau | Letopolites-Gau,"West of the Great river starting from the sea, in the nome and metropolis of Alexandria:  Little Hermoupolis .",inland,
4.05.47,4,4.05,47,AF03,Grosser Fluss,Grosser Fluss | Taly-Fluss | Metelites-Gau,"Between the Great river and the river Taly, from west of the Great river:  Metelitis nome, and metropolis Metelis .",inland,
4.05.48,4,4.05,48,AF03,Grosser Fluss,Grosser Fluss | Phermuthiakos (Thermuthiakos) | Phthenotu-Gau | Kabasites-Gau | Saites-Gau,"Between the Great river and the Thermouthiakos river these cities: In Phthenote nome, metropolis Boutos .",inland,
4.05.49,4,4.05,49,AF03,Grosser Fluss,Grosser Fluss | Prosopites-Gau,"And toward the Great river from the west, Naukratis city .",inland,
4.05.50,4,4.05,50,AF03,Phermuthiakos,Phermuthiakos  | Athribitikos | Unterer Sebennytes-Gau | Xoites-Gau | Phthemphuti (Tauanites)-Gau,Between the Thermouthiakos and the Athribitikos rivers are:  Sebennytes of the Low Places and its metropolis Pachnamounis .,inland,
4.05.51,4,4.05,51,AF03,Athribitikos,Athribitikos | Busiritikos | Onuphites-Gau | Athribites-Gau | Mendesios-Gau | Oberer Sebennytes-Gau | Busirites-Gau | Leontopolites-Gau,Between the Athribitikos and the Bousiritikos rivers:  Onouphites nome and its metropolis Onouphis.,inland,
4.05.52,4,4.05,52,AF03,Busiritikos,Busiritikos | Bubastikos | Neut-Gau | Tanites-Gau | Pharbaithites-Gau,"Between the Bousiritikos river and the Boubastiakos river, Neout or Nesog nome, and metropolis Panephysis .",inland,
4.05.53,4,4.05,53,AF03,Bubastikos,Bubastikos | Sethroïtes-Gau | Arabia-Gau | Bubastites-Gau | Heliopolites-Gau,"From the east of the Boubastikos river is Sethroites nome, and metropolis Little Herakleous city .",inland,
4.05.54,4,4.05,54,AF03,Arabia Petraea,Arabia Petraea | Aphroditopolis | Traianos,"And in the border area of Arabia and Aphroditopolis, Babylon .",inland,
4.05.55,4,4.05,55,AF03,Grosses Delta,Grosses Delta  | Untere Region | Hepta Nomoi | Memphites-Gau,"The area further south from the Great Delta and the Low Country is called the Seven Nomes or Heptanomis; the first nome from west of the river is Memphites, and its metropolis Memphis .",inland,
4.05.56,4,4.05,56,AF03,Herakleopolites-Gau,Herakleopolites-Gau,"Then a place where the river divides, making the Heracleopolites nome an island and on this island Nilopolis inland .",inland,
4.05.57,4,4.05,57,AF03,Arsinoïtes-Gau,Arsinoïtes-Gau  | Aphroditopolites-Gau ,"And the metropolis toward the more westerly section of the river, Great Herakleous city [Heracleopolis]",inland,
4.05.58,4,4.05,58,AF03,Nil (Vereinigung beim Herakleopolites-Gau),,The rivers which form the island reunite at .,inland,
4.05.59,4,4.05,59,AF03,Oxyrhynchites-Gau,Oxyrhynchites-Gau | Kynopolites-Gau,Adjoining from the west of the river is the Oxyrynchites nome and the inland metropolis Oxyrynchos .,inland,
4.05.60,4,4.05,60,AF03,Hermupolites-Gau,Hermupolites-Gau,"Then the Hermopolites nome, and its metropolis, from west of the river inland, Great Hermoupolis .",inland,
4.05.61,4,4.05,61,AF03,Antinoites-Gau,Antinoites-Gau | Oasenstämme,From east of the river Antinoites nome and its metropolis Antinoou city[Antinoupolis],inland,
4.05.63,4,4.05,63,AF03,Lykonpolites-Gau,Lykonpolites-Gau,"There, from west of the river, are the Lykopolites nome and its inland metropolis Lykon city .",inland,
4.05.64,4,4.05,64,AF03,Hypselites (Hypseliotes)-Gau,Hypselites (Hypseliotes)-Gau,"The Hypselites nome, and its metropolis Hypsele .",inland,
4.05.65,4,4.05,65,AF03,Aphroditopolites-Gau,Aphroditopolites-Gau,The Aphroditopolites nome and its inland metropolis Aphrodites city .,inland,
4.05.66,4,4.05,66,AF03,Thinites-Gau,Thinites-Gau,The Thinites nome and its metropolis Ptolemais or Hermeiou .,inland,
4.05.67,4,4.05,67,AF03,Diospolites-Gau,Diospolites-Gau | Obere Regionen,The Diopolites nome of the Upper Places and its metropolis Little Diospolis .,inland,
4.05.68,4,4.05,68,AF03,Tentyrites-Gau,Tentyrites-Gau,"The Tentyrites nome, and metropolis Tentyra .",inland,
4.05.69,4,4.05,69,AF03,Memnon,Memnon,Next Memnon and in the interior the village Tathyris .,inland,
4.05.70,4,4.05,70,AF03,Hermonthites-Gau,Hermonthites-Gau,The Hermonthites nome and its metropolis Hermonthis or Hermouthis .,inland,
4.05.71,4,4.05,71,AF03,Antaiopolites-Gau,Antaiopolites-Gau,From east of the river: Antaiopolites nome and its inland metropolis Antaiou city .,inland,
4.05.72,4,4.05,72,AF03,Panopolites-Gau,Panopolites-Gau,Panopolites nome and its metropolis Panopolis .,inland,
4.05.73,4,4.05,73,AF03,Koptites-Gau,Koptites-Gau | Thebai-Gau,The Koptites nome and inland metropolis Koptos city .,inland,
4.05.74,4,4.05,74,AF03,Dodekaschoinos,Dodekaschoinos | Araber bzw. Adaier (Adeer),"Then Dodekaschoinos, east of which are the Arabs called Aidaioi, east of the river after the Lesser Cataract, which is at .",inland,
4.05.75,4,4.05,75,AF03,Ägypten,Ägypten | Libyen-Gau | Ägyptisches Meer,"The islands lying near Libya and Egypt: in the Egyptian sea,  Aedonis island .",island,"Found by the systematic topostext-disagreement review (2026-07-30): the *other* Ionian islands, each cited once (not a coastal walk of any single one, so no _ISLAND_LINE_GROUPS entry - just the ""list of several different islands"" shape _ISLAND_APPENDIX_SECTIONS exists for). Section ""12"": Kephallenia (""Kephallenia island, with a city of the same name...its northernmost promontory"" / ""the southern promontory"" - both capes stay `island` too, the same as Corfu's own capes above), Erikusa, Skopelos, Leukas (""Leukas island""). Section ""13"": Echinaden (""the Echinades islands""), Ithake (""in which a city of that name""), Lotoa (""Letoa island""), Zakynthos (""in which a city of the same name""). All were sitting in `city`. [Aedonis/Tyndarische Klippen/Ainesippa/Phokussai/Pedonia - small islands/reefs off the Marmarica coast, Egypt]"
4.05.76,4,4.05,76,AF03,Didymai (2),,"Didymai, two islands .",inland,
4.05.77,4,4.05,77,AF03,Arabischer Golf,Arabischer Golf,In the Arabian bay are these islands:  Sappeirene or Saspaeirene island .,island,"The following five were confirmed against topostext.org/work/209's English translation, which states outright ""the Ebuda islands..."", ""the islands which are near Albion island..."", etc. - independent of our own Modern_location-based guessing. [Saspeirene/Aphrodite-Insel/Agathon-Insel - the islands in the Arabian bay (topostext: ""In the Arabian bay are these islands: Sappeirene..."")]"
4.06.02,4,4.06,02,AF04,Marmarica,"Marmarica | Darnis | Grenzpunkt (Äthiopien südl. Ägypten, Inneres Libyen, Marmarica) | Äthiopien südlich von Ägypten",,inland,
4.06.03,4,4.06,03,AF04,Inneres Äthiopien,"Inneres Äthiopien | Agisymba | Grenzpunkt (Äthiopien südl. Ägypten, Inneres Äthiopien, Inneres Libyen) | Golf des Äusseren Meeres bzw. Großer Golf/Hesperischer Golf",,coast section,
4.06.05,4,4.06,05,AF04,"Grenzpunkt (Inneres Libyen, Mauretania Tingitana)","Grenzpunkt (Inneres Libyen, Mauretania Tingitana)",,coast section,"Found the same way again, this time by the user directly (asked for a side-by-side table of book.map ""5.05.02""/""5.05.03""/""5.08.02"" to see why they weren't coastal): Kilikia Tracheia's own western coast, between Side (the Eurasian arc's own long-unconfirmed loose end) and Anemurion. Section ""5.05.03"" is headed ""Coast of Kilikia Tracheia"" (topostext §5.5.3) - literally ""coast"", just naming a district instead of a sea. Section ""5.08.02"" is headed ""In Selinitis of Kilikia Tracheia"" (topostext §5.8.2), a sub-district within the same coast - confirmed by §5.8.1's own transition line: ""with the following description: from Syedra, a city of Pamphylia, along the *coast*:"". Longitude rises monotonically the whole way - Side 63.42 -> Korakesion 63.58 -> Syedra 63.83 -> Iotape 64.00 -> Selinus 64.33 -> Antiocheia 64.67 -> Nephelis 64.83 -> Anemurion 65.17 - a real coastal walk, not a coincidence. This closes the Side<->Anemurion gap with genuine data instead of the dashed schematic bridge used since the twenty-eighth round (see static_map.py's own now-removed _ANEMURION bridge logic)."
4.06.06,4,4.06,06,AF04,Begazei (Bagazi),,,coast section,"Found the same way again, this time by the user directly (asked for a side-by-side table of book.map ""5.05.02""/""5.05.03""/""5.08.02"" to see why they weren't coastal): Kilikia Tracheia's own western coast, between Side (the Eurasian arc's own long-unconfirmed loose end) and Anemurion. Section ""5.05.03"" is headed ""Coast of Kilikia Tracheia"" (topostext §5.5.3) - literally ""coast"", just naming a district instead of a sea. Section ""5.08.02"" is headed ""In Selinitis of Kilikia Tracheia"" (topostext §5.8.2), a sub-district within the same coast - confirmed by §5.8.1's own transition line: ""with the following description: from Syedra, a city of Pamphylia, along the *coast*:"". Longitude rises monotonically the whole way - Side 63.42 -> Korakesion 63.58 -> Syedra 63.83 -> Iotape 64.00 -> Selinus 64.33 -> Antiocheia 64.67 -> Nephelis 64.83 -> Anemurion 65.17 - a real coastal walk, not a coincidence. This closes the Side<->Anemurion gap with genuine data instead of the dashed schematic bridge used since the twenty-eighth round (see static_map.py's own now-removed _ANEMURION bridge logic)."
4.06.07,4,4.06,07,AF04,Hesperischer Golf,Hesperischer Golf,,coast section,
4.06.08,4,4.06,08,AF04,Inneres Libyen,Inneres Libyen | Salathos | Massa | Subos | Stacheir | Klonias-See,,inland,
4.06.09,4,4.06,09,AF04,Masitholos,Masitholos | Daras | Nias,,inland,
4.06.10,4,4.06,10,AF04,Bagradas (Oberlauf),Bagradas (Oberlauf) | Africa,"The so-called Usargala or Susargala mountain, from which the Bagradas river flows, midpoint .",inland,
4.06.11,4,4.06,11,AF04,Girgyris-Gebirge,Girgyris-Gebirge,"And Girgiri or Girgyris mountain, from which the Kinyps or Kiniphos river flows, with its source at two points, .",inland,
4.06.12,4,4.06,12,AF04,Garamantische Kluft,,"And Thala mountain, with its midpoint at .",inland,
4.06.13,4,4.06,13,AF04,Geir,Geir | Usargala-Gebirge | Garamantische Kluft,"The largest rivers flowing in the interior are: the Geir river, which links Usargala mountain and the Garamantic gorge, from where the branch river extends to",inland,
4.06.14,4,4.06,14,AF04,Nigeir,Nigeir | Mandron-Gebirge | Thala-Gebirge | Nigeir (Einmündung vom Sagapola-Gebirge) | Sagapola-Gebirge | Nigeir (Einmündung vom Usargala-Gebirge) | Usargala-Gebirge | Nigeir (Abzweigung zum Daras) | Daras,"And the Nigeir river itself links Mandron mountain and Thala mountain. It forms Nigritis lake, at",inland,
4.06.24,4,4.06,24,AF04,Autolalai*,,"Named cities in the country, in the coastal section, as follows:  Autolala or Autolatai .",inland,
4.06.25,4,4.06,25,AF04,Nigeir,Nigeir,Beyond the Nigeira river on the far side these cities:  Talubath .,inland,
4.06.26,4,4.06,26,AF04,Anygath (Anytath),,"And below the river this city, Anygath .",inland,
4.06.27,4,4.06,27,AF04,Pesside,,"By this river but to the north of the river, Pesside .",inland,
4.06.28,4,4.06,28,AF04,Thupai (Thuppai),,From south of the river Thupai .,inland,
4.06.29,4,4.06,29,AF04,Bagradas-Quellen,Bagradas-Quellen,Again near the beginnings of the Bagradas river:  Silike .,inland,
4.06.30,4,4.06,30,AF04,Kinyps-Quellen,Kinyps-Quellen,Near the beginning of the Kinypsriver:  Gedanos or Gelanos .,inland,
4.06.31,4,4.06,31,AF04,Geir,Geir,Below the Geira river Geira metropolis .,inland,
4.06.32,4,4.06,32,AF04,Thykimath (Thymimath),,And against it on the north Thucimath or Ukimath.,inland,
4.06.33,4,4.06,33,AF04,Inneres Libyen,Inneres Libyen | Westlicher Ozean,Islands lying off Libya in the Western Ocean:  Kerne .,island,"The following five were confirmed against topostext.org/work/209's English translation, which states outright ""the Ebuda islands..."", ""the islands which are near Albion island..."", etc. - independent of our own Modern_location-based guessing. [Kerne + Hera-/Autolala-Insel - islands off Libya in the Western Ocean]"
4.06.34,4,4.06,34,AF04,Insulae Fortunatae,Insulae Fortunatae,"The Fortunate Islands, six in number, as follows:  Aprositos island .",inland,
4.07.02,4,4.07,02,AF04,Inneres Libyen,Inneres Libyen | Darnis,,inland,
4.07.03,4,4.07,03,AF04,"Grenzpunkt (Äthiopien südl. Ägypten, Inneres Äthiopien, Inneres Libyen)","Grenzpunkt (Äthiopien südl. Ägypten, Inneres Äthiopien, Inneres Libyen) | Inneres Äthiopien",,inland,
4.07.05,4,4.07,05,AF04,Kap Bazion,Kap Bazion,,coast section,"Found by an independent second pass: building a standalone category guess purely from topostext's own wording (category_check.py, no access to the catalogue's category, name, or any exception list) and comparing it to the catalogue's category surfaced a few more instances of the same gap the batch above missed: [Barbaria/Cape Guardafui coast: ""Bazion promontory...Chersonesos...Deep harbor...Dioskoroi harbor...Lookout of Demeter promontory""]"
4.07.06,4,4.07,06,AF04,Kap Aspis,,,inland,
4.07.07,4,4.07,07,AF04,Ptolemais Theron*,,,coast section,"Found the same way again, this time by the user directly (asked for a side-by-side table of book.map ""5.05.02""/""5.05.03""/""5.08.02"" to see why they weren't coastal): Kilikia Tracheia's own western coast, between Side (the Eurasian arc's own long-unconfirmed loose end) and Anemurion. Section ""5.05.03"" is headed ""Coast of Kilikia Tracheia"" (topostext §5.5.3) - literally ""coast"", just naming a district instead of a sea. Section ""5.08.02"" is headed ""In Selinitis of Kilikia Tracheia"" (topostext §5.8.2), a sub-district within the same coast - confirmed by §5.8.1's own transition line: ""with the following description: from Syedra, a city of Pamphylia, along the *coast*:"". Longitude rises monotonically the whole way - Side 63.42 -> Korakesion 63.58 -> Syedra 63.83 -> Iotape 64.00 -> Selinus 64.33 -> Antiocheia 64.67 -> Nephelis 64.83 -> Anemurion 65.17 - a real coastal walk, not a coincidence. This closes the Side<->Anemurion gap with genuine data instead of the dashed schematic bridge used since the twenty-eighth round (see static_map.py's own now-removed _ANEMURION bridge logic)."
4.07.08,4,4.07,08,AF04,Adulischer Golf,Adulischer Golf,,coast section,
4.07.09,4,4.07,09,AF04,Meerenge des Arabischen Golfes,Meerenge des Arabischen Golfes,,coast section,
4.07.10,4,4.07,10,AF04,Aualites-Golf,Aualites-Golf,"Then in Avalite Bay,  Avalites trading post .",coast section,
4.07.11,4,4.07,11,AF04,Barbarischer Golf,Barbarischer Golf,"In the Barbarian Bay,  Pano village .",coast section,
4.07.12,4,4.07,12,AF04,Barbaria,Barbaria,mouth of the Rhaptus river .,coast section,"Found the same way again, this time by the user directly (asked for a side-by-side table of book.map ""5.05.02""/""5.05.03""/""5.08.02"" to see why they weren't coastal): Kilikia Tracheia's own western coast, between Side (the Eurasian arc's own long-unconfirmed loose end) and Anemurion. Section ""5.05.03"" is headed ""Coast of Kilikia Tracheia"" (topostext §5.5.3) - literally ""coast"", just naming a district instead of a sea. Section ""5.08.02"" is headed ""In Selinitis of Kilikia Tracheia"" (topostext §5.8.2), a sub-district within the same coast - confirmed by §5.8.1's own transition line: ""with the following description: from Syedra, a city of Pamphylia, along the *coast*:"". Longitude rises monotonically the whole way - Side 63.42 -> Korakesion 63.58 -> Syedra 63.83 -> Iotape 64.00 -> Selinus 64.33 -> Antiocheia 64.67 -> Nephelis 64.83 -> Anemurion 65.17 - a real coastal walk, not a coincidence. This closes the Side<->Anemurion gap with genuine data instead of the dashed schematic bridge used since the twenty-eighth round (see static_map.py's own now-removed _ANEMURION bridge logic)."
4.07.14,4,4.07,14,AF04,Pselchis,Pselchis,"After Pselkis and the Lesser Cataract, the location of which is .",inland,
4.07.15,4,4.07,15,AF04,Tasitia (Tasitis),,on the west bank of the river are the komai  Tasitia .,inland,
4.07.16,4,4.07,16,AF04,Abunkis,,Abounkis .,inland,
4.07.17,4,4.07,17,AF04,Satachtai,,Satachthai .,inland,
4.07.18,4,4.07,18,AF04,Pnups,,On the east bank of the river are the komai Pnoups .,inland,
4.07.19,4,4.07,19,AF04,Primis Mikra,,Primis Minor .,inland,
4.07.21,4,4.07,21,AF04,Meroë*,,Meroe .,inland,
4.07.22,4,4.07,22,AF04,Astapus (Zusammenfluss mit Nil),,The junction of the river Nile and the river Astapos .,inland,
4.07.23,4,4.07,23,AF04,Nil (Vereinigung der Flüsse aus  Nil-Seen),,Where the Nile river becomes one thru the union of rivers which flow from the following two lakes .,inland,
4.07.24,4,4.07,24,AF04,Astapus,Astapus,The more western of the lakes .,inland,
4.07.25,4,4.07,25,AF04,Auxume,,"The cities away from the river in the interior are:  Auxoume, with a royal palace .",inland,
4.07.26,4,4.07,26,AF04,Nil,Nil | Nil-Seen,"The notable mountains in this region west of the Nile river, extending along the entire Nile, which are commonly called the Ethiopian mountains,  the position of which is .",inland,
4.07.28,4,4.07,28,AF04,Kap Rhapton,Kap Rhapton | Barbaria | Azania | Nil | Kolober | Tabiener,,inland,
4.07.29,4,4.07,29,AF04,Sirtiben (Siptiben),Sirtiben (Siptiben) | Apirer (Attirer) | Babyllinier | Rhizophagen | Soboriden (Saboriden),,inland,
4.07.36,4,4.07,36,AF04,Äthiopien südlich von Ägypten,Äthiopien südlich von Ägypten | Arabischer Golf,,island,"The following five were confirmed against topostext.org/work/209's English translation, which states outright ""the Ebuda islands..."", ""the islands which are near Albion island..."", etc. - independent of our own Modern_location-based guessing. [Astarte/Altar der Athene/Gypsites/Myron (+ already-island Gomadeon) - islands ""near Ethiopia below Egypt in the Arabian Gulf"". Four of these (33-36) had been wrongly strung onto the end of coastline_025_AF04 by the coastline graph, the same spurious-tail pattern as Paena/Erythia earlier - reclassifying correctly truncates that coastline back to its real endpoint, Kap Bazion (4.07.28.06)]"
4.07.37,4,4.07,37,AF04,Kathathrai(2) bzw. Chelonitides (2),,,island,"The following five were confirmed against topostext.org/work/209's English translation, which states outright ""the Ebuda islands..."", ""the islands which are near Albion island..."", etc. - independent of our own Modern_location-based guessing. [Thrisitides/Magon/Daphnine/Akanthine/Makaria/Orneon (+ already-island Kathathrai/Chelonitides) - more of the same Arabian Gulf island list, continuing 4.07.36]"
4.07.38,4,4.07,38,AF04,Bakchos- und Antibakchos-Insel,,,inland,
4.07.39,4,4.07,39,AF04,Aualites-Golf,Aualites-Golf,,island,"The following five were confirmed against topostext.org/work/209's English translation, which states outright ""the Ebuda islands..."", ""the islands which are near Albion island..."", etc. - independent of our own Modern_location-based guessing. [Mondu - the island in the Bay of Avalites]"
4.07.40,4,4.07,40,AF04,Aromata,Aromata,,island,"The following five were confirmed against topostext.org/work/209's English translation, which states outright ""the Ebuda islands..."", ""the islands which are near Albion island..."", etc. - independent of our own Modern_location-based guessing. [Amiku/Myrsiake (+ already-island Menan) - the islands next to Aromata]"
4.08.01,4,4.08,01,AF04,Inneres Libyen,Inneres Libyen | Inneres Äthiopien | Grosser Golf des Äusseren Meeres  | Westlicher Ozean | Unbekanntes Land | Barbarischer Golf bzw. Seichtes Meer | Kap Prason,,coast section,
4.08.02,4,4.08,02,AF04,Kap Prason,,,coast section,"Found the same way again, this time by the user directly (asked for a side-by-side table of book.map ""5.05.02""/""5.05.03""/""5.08.02"" to see why they weren't coastal): Kilikia Tracheia's own western coast, between Side (the Eurasian arc's own long-unconfirmed loose end) and Anemurion. Section ""5.05.03"" is headed ""Coast of Kilikia Tracheia"" (topostext §5.5.3) - literally ""coast"", just naming a district instead of a sea. Section ""5.08.02"" is headed ""In Selinitis of Kilikia Tracheia"" (topostext §5.8.2), a sub-district within the same coast - confirmed by §5.8.1's own transition line: ""with the following description: from Syedra, a city of Pamphylia, along the *coast*:"". Longitude rises monotonically the whole way - Side 63.42 -> Korakesion 63.58 -> Syedra 63.83 -> Iotape 64.00 -> Selinus 64.33 -> Antiocheia 64.67 -> Nephelis 64.83 -> Anemurion 65.17 - a real coastal walk, not a coincidence. This closes the Side<->Anemurion gap with genuine data instead of the dashed schematic bridge used since the twenty-eighth round (see static_map.py's own now-removed _ANEMURION bridge logic)."
4.08.03,4,4.08,03,AF04,Barbarischer Golf,Barbarischer Golf | Menschenfressende  Äthiopen | Mondgebirge | Nil-Seen | Rhapsische Äthiopen | Grosser Golf beim Westlichen Ozean | Fischessende  Äthiopen | Unbekanntes Land | Hesperische Äthiopen | Athakische Äthiopen,,coast section,
4.08.06,4,4.08,06,AF04,Dauchis-Gebirge (Mitte),,,inland,
5.01.02,5,5.01,02,AS01,Pontos Euxeinos (Ausgang),Pontos Euxeinos (Ausgang),,coast section,"The root cause behind all three Black Sea fixes above, generalized: `_COASTAL_HDR_RE` only recognizes *German* sea words (""Meer""/""Golf""/ ""Ozean""/...), but this catalogue routinely heads a Pontic-region section with the *Greek* proper noun instead (""Pontos Euxeinos"", ""Propontis"", ""Kimmerischer Bosporos"") - which never matches. Reported by the user as points ""hopping and dancing"" around the Black Sea, Bosphorus and Thrace/Bithynia - not a classification problem exactly (each point's own coordinate was always right), but a *connectivity* one: with real waypoints along the shore sitting in `city` instead of `coast`, the graph had nothing to connect but the few points that did happen to match some other keyword, forcing long, geographically senseless edges between them instead of the short, orderly hops a complete coastal walk would draw. Checked every section headed by a Greek Pontic sea-name across the whole catalogue (via a regex on the header text) and triaged each one individually - most were already fine (either already `coast`, or genuinely inland, like `5.06.09`- `11`'s ""Pontos"" *province* name, Amaseia and neighbours, nowhere near the shore) or too low-impact/uncertain to act on without further verification (single boundary-point sections). These sections had a real, topostext-confirmed gap: [Bithynia's Bosphorus-mouth coast - Chalkedon (Kadıköy) and Trarion]"
5.01.03,5,5.01,03,AS01,Astakos,,,coast section,"Bithynia's own coast (book.map ""5.01""): section ""03"" (Astakos, Olbia, Nikomedeia, on the Gulf of Astakos/Izmit) sits directly between two promontory citations (section ""02""'s Akritas cape, section ""04""'s Posideion cape) with no sea-header of its own - a bay indentation in the same shape as Arabia's Adulitic Bay detour, not the genuinely inland cities of section ""13"" (which topostext itself introduces as ""The following are the inland cities"" - correctly left as `city`, not added here)."
5.01.04,5,5.01,04,AS01,Kap Poseidion,,,coast section,"The root cause behind all three Black Sea fixes above, generalized: `_COASTAL_HDR_RE` only recognizes *German* sea words (""Meer""/""Golf""/ ""Ozean""/...), but this catalogue routinely heads a Pontic-region section with the *Greek* proper noun instead (""Pontos Euxeinos"", ""Propontis"", ""Kimmerischer Bosporos"") - which never matches. Reported by the user as points ""hopping and dancing"" around the Black Sea, Bosphorus and Thrace/Bithynia - not a classification problem exactly (each point's own coordinate was always right), but a *connectivity* one: with real waypoints along the shore sitting in `city` instead of `coast`, the graph had nothing to connect but the few points that did happen to match some other keyword, forcing long, geographically senseless edges between them instead of the short, orderly hops a complete coastal walk would draw. Checked every section headed by a Greek Pontic sea-name across the whole catalogue (via a regex on the header text) and triaged each one individually - most were already fine (either already `coast`, or genuinely inland, like `5.06.09`- `11`'s ""Pontos"" *province* name, Amaseia and neighbours, nowhere near the shore) or too low-impact/uncertain to act on without further verification (single boundary-point sections). These sections had a real, topostext-confirmed gap: [Bithynia's coast continuing past the Gulf of Astakos - Prusias (Modern_location: Gemlik) and Apameia (Modern_location: Mudanya), both real Marmara Sea ports; Askania-See stays `lake` regardless (matched by _LAKE_RE before the section-level fallback ever gets a turn)]"
5.01.05,5,5.01,05,AS01,Pontos Euxeinos,Pontos Euxeinos | Pontos Euxeinos (Ausgang) | Artemis-Heiligtum,,coast section,"The root cause behind all three Black Sea fixes above, generalized: `_COASTAL_HDR_RE` only recognizes *German* sea words (""Meer""/""Golf""/ ""Ozean""/...), but this catalogue routinely heads a Pontic-region section with the *Greek* proper noun instead (""Pontos Euxeinos"", ""Propontis"", ""Kimmerischer Bosporos"") - which never matches. Reported by the user as points ""hopping and dancing"" around the Black Sea, Bosphorus and Thrace/Bithynia - not a classification problem exactly (each point's own coordinate was always right), but a *connectivity* one: with real waypoints along the shore sitting in `city` instead of `coast`, the graph had nothing to connect but the few points that did happen to match some other keyword, forcing long, geographically senseless edges between them instead of the short, orderly hops a complete coastal walk would draw. Checked every section headed by a Greek Pontic sea-name across the whole catalogue (via a regex on the header text) and triaged each one individually - most were already fine (either already `coast`, or genuinely inland, like `5.06.09`- `11`'s ""Pontos"" *province* name, Amaseia and neighbours, nowhere near the shore) or too low-impact/uncertain to act on without further verification (single boundary-point sections). These sections had a real, topostext-confirmed gap: [Bithynia's own coast continuing east - Artake (topostext: ""Artake kome"")]"
5.01.06,5,5.01,06,AS01,Sangarios-Mündung,,,coast section,"Found the same way again, this time by the user directly (asked for a side-by-side table of book.map ""5.05.02""/""5.05.03""/""5.08.02"" to see why they weren't coastal): Kilikia Tracheia's own western coast, between Side (the Eurasian arc's own long-unconfirmed loose end) and Anemurion. Section ""5.05.03"" is headed ""Coast of Kilikia Tracheia"" (topostext §5.5.3) - literally ""coast"", just naming a district instead of a sea. Section ""5.08.02"" is headed ""In Selinitis of Kilikia Tracheia"" (topostext §5.8.2), a sub-district within the same coast - confirmed by §5.8.1's own transition line: ""with the following description: from Syedra, a city of Pamphylia, along the *coast*:"". Longitude rises monotonically the whole way - Side 63.42 -> Korakesion 63.58 -> Syedra 63.83 -> Iotape 64.00 -> Selinus 64.33 -> Antiocheia 64.67 -> Nephelis 64.83 -> Anemurion 65.17 - a real coastal walk, not a coincidence. This closes the Side<->Anemurion gap with genuine data instead of the dashed schematic bridge used since the twenty-eighth round (see static_map.py's own now-removed _ANEMURION bridge logic)."
5.01.07,5,5.01,07,AS01,Hypios-Mündung,,,coast section,"Found the same way again, this time by the user directly (asked for a side-by-side table of book.map ""5.05.02""/""5.05.03""/""5.08.02"" to see why they weren't coastal): Kilikia Tracheia's own western coast, between Side (the Eurasian arc's own long-unconfirmed loose end) and Anemurion. Section ""5.05.03"" is headed ""Coast of Kilikia Tracheia"" (topostext §5.5.3) - literally ""coast"", just naming a district instead of a sea. Section ""5.08.02"" is headed ""In Selinitis of Kilikia Tracheia"" (topostext §5.8.2), a sub-district within the same coast - confirmed by §5.8.1's own transition line: ""with the following description: from Syedra, a city of Pamphylia, along the *coast*:"". Longitude rises monotonically the whole way - Side 63.42 -> Korakesion 63.58 -> Syedra 63.83 -> Iotape 64.00 -> Selinus 64.33 -> Antiocheia 64.67 -> Nephelis 64.83 -> Anemurion 65.17 - a real coastal walk, not a coincidence. This closes the Side<->Anemurion gap with genuine data instead of the dashed schematic bridge used since the twenty-eighth round (see static_map.py's own now-removed _ANEMURION bridge logic)."
5.01.08,5,5.01,08,AS01,Eigentliches Asien,Eigentliches Asien | Rhyndakos,,inland,
5.01.09,5,5.01,09,AS01,Galatien,Galatien | Paphlagonien | Kytoros | Pontos Euxeinos,,inland,
5.01.10,5,5.01,10,AS01,Orminios (Mitte),,The most noted mountains in this region are Orminion the midpoint of which is at .,mountain,"The mountain-side counterpart of _ISLAND_APPENDIX_SECTIONS: a section that's purely a *list* of named mountains/peaks, each cited by its own proper name with no ""-Gebirge""/""-berg"" suffix of its own to catch by keyword (""Of the named mountains the center of Bertiskos lies at...Mt. Bermion...Mt. Olympos..."", ""Mountains in the Peloponnese Pholoe...and Stymphalos..."") - the same ""no shared pattern to regex on, so it has to be an explicit allow-list"" reasoning as the island appendix. Confirmed by topostext's own section headers; more such sections likely exist elsewhere in the catalogue, not yet found because their books haven't been cross-referenced yet. [Orminios/Mysischer Olymp - Bithynia's named mountains]"
5.01.13,5,5.01,13,AS01,Bebryken,Bebryken | Hypios,The following are the inland cities:  Libyssa .,inland,
5.01.14,5,5.01,14,AS01,Mysischer Olymp,Mysischer Olymp,Flaviopolis or Krateiaa .,inland,
5.01.15,5,5.01,15,AS01,Kyaneen (östliche Insel),,"the islands lying off this country are, the easternmost of the Kyaneans, at .",island,"The following five were confirmed against topostext.org/work/209's English translation, which states outright ""the Ebuda islands..."", ""the islands which are near Albion island..."", etc. - independent of our own Modern_location-based guessing. [Thynias bzw. Daphnusa/Klippen Erythinoi (+ already-island Kyaneen) - islands off Bithynia]"
5.02.02,5,5.02,02,AS01,Propontis,Propontis | Klein-Mysien | Hellespont,,coast section,"The root cause behind all three Black Sea fixes above, generalized: `_COASTAL_HDR_RE` only recognizes *German* sea words (""Meer""/""Golf""/ ""Ozean""/...), but this catalogue routinely heads a Pontic-region section with the *Greek* proper noun instead (""Pontos Euxeinos"", ""Propontis"", ""Kimmerischer Bosporos"") - which never matches. Reported by the user as points ""hopping and dancing"" around the Black Sea, Bosphorus and Thrace/Bithynia - not a classification problem exactly (each point's own coordinate was always right), but a *connectivity* one: with real waypoints along the shore sitting in `city` instead of `coast`, the graph had nothing to connect but the few points that did happen to match some other keyword, forcing long, geographically senseless edges between them instead of the short, orderly hops a complete coastal walk would draw. Checked every section headed by a Greek Pontic sea-name across the whole catalogue (via a regex on the header text) and triaged each one individually - most were already fine (either already `coast`, or genuinely inland, like `5.06.09`- `11`'s ""Pontos"" *province* name, Amaseia and neighbours, nowhere near the shore) or too low-impact/uncertain to act on without further verification (single boundary-point sections). These sections had a real, topostext-confirmed gap: [Mysia/Troad's Propontis coast (topostext: ""In the Propontis...Kyzikos...Parion..."") - two more well-attested ancient ports]"
5.02.03,5,5.02,03,AS01,Hellespont,Hellespont,,coast section,"Found by the systematic catalogue-wide header scan (2026-07-30): the Troad's own Hellespont shore (book.map ""5.02"" section ""03"") is the same ""Hellespont"" (Greek, not `_COASTAL_HDR_RE`'s German sea words) gap as the Thracian Chersonese case above, just on the opposite shore of the strait - topostext confirms a clean coastal run: ""on the Hellespont: Abydos / mouth of the Simoeis river / Dardanon / mouth of the Skamander river / Sigeion promontory"". Abydos and Dardanon were sitting in `city`; the two river mouths and Kap Sigeion were already correctly `river_mouth`/`coast` via their own name keywords."
5.02.04,5,5.02,04,AS01,Ägäisches Meer,Ägäisches Meer | Klein-Phrygien bzw. Troas,,coast section,
5.02.05,5,5.02,05,AS01,Gross-Mysien,Gross-Mysien,,coast section,"Found the same way again, this time by the user directly (asked for a side-by-side table of book.map ""5.05.02""/""5.05.03""/""5.08.02"" to see why they weren't coastal): Kilikia Tracheia's own western coast, between Side (the Eurasian arc's own long-unconfirmed loose end) and Anemurion. Section ""5.05.03"" is headed ""Coast of Kilikia Tracheia"" (topostext §5.5.3) - literally ""coast"", just naming a district instead of a sea. Section ""5.08.02"" is headed ""In Selinitis of Kilikia Tracheia"" (topostext §5.8.2), a sub-district within the same coast - confirmed by §5.8.1's own transition line: ""with the following description: from Syedra, a city of Pamphylia, along the *coast*:"". Longitude rises monotonically the whole way - Side 63.42 -> Korakesion 63.58 -> Syedra 63.83 -> Iotape 64.00 -> Selinus 64.33 -> Antiocheia 64.67 -> Nephelis 64.83 -> Anemurion 65.17 - a real coastal walk, not a coincidence. This closes the Side<->Anemurion gap with genuine data instead of the dashed schematic bridge used since the twenty-eighth round (see static_map.py's own now-removed _ANEMURION bridge logic)."
5.02.06,5,5.02,06,AS01,Aiolis,Aiolis,,coast section,"Found by an independent second pass: building a standalone category guess purely from topostext's own wording (category_check.py, no access to the catalogue's category, name, or any exception list) and comparing it to the catalogue's category surfaced a few more instances of the same gap the batch above missed: [Aiolis' own coast: ""Kaine promontory...Elaia...Myrina...Hydra promontory...Kyme...Phokaia...mouth of the Hermos river""]"
5.02.07,5,5.02,07,AS01,Ionien,Ionien | Ikarisches Meer,,coast section,
5.02.08,5,5.02,08,AS01,Ephesos*,,,coast section,"Found the same way again, this time by the user directly (asked for a side-by-side table of book.map ""5.05.02""/""5.05.03""/""5.08.02"" to see why they weren't coastal): Kilikia Tracheia's own western coast, between Side (the Eurasian arc's own long-unconfirmed loose end) and Anemurion. Section ""5.05.03"" is headed ""Coast of Kilikia Tracheia"" (topostext §5.5.3) - literally ""coast"", just naming a district instead of a sea. Section ""5.08.02"" is headed ""In Selinitis of Kilikia Tracheia"" (topostext §5.8.2), a sub-district within the same coast - confirmed by §5.8.1's own transition line: ""with the following description: from Syedra, a city of Pamphylia, along the *coast*:"". Longitude rises monotonically the whole way - Side 63.42 -> Korakesion 63.58 -> Syedra 63.83 -> Iotape 64.00 -> Selinus 64.33 -> Antiocheia 64.67 -> Nephelis 64.83 -> Anemurion 65.17 - a real coastal walk, not a coincidence. This closes the Side<->Anemurion gap with genuine data instead of the dashed schematic bridge used since the twenty-eighth round (see static_map.py's own now-removed _ANEMURION bridge logic)."
5.02.09,5,5.02,09,AS01,Karien,Karien | Myrtoisches Meer,,coast section,
5.02.10,5,5.02,10,AS01,Doris,Doris,In Doris:  Skopia promontory .,coast section,"Found by an independent second pass: building a standalone category guess purely from topostext's own wording (category_check.py, no access to the catalogue's category, name, or any exception list) and comparing it to the catalogue's category surfaced a few more instances of the same gap the batch above missed: [Doris/Caria: ""Skopia promontory...Halikarnassos...Keramos...Knidos city and promontory""]"
5.02.11,5,5.02,11,AS01,Rhodisches Meer,Rhodisches Meer,"On the south by the Rhodian sea, with Onugnathos promontory .",coast section,
5.02.12,5,5.02,12,AS01,Lykien,"Lykien | Grenzpunkt (eigentliches Asien, Lykien 1) | Kaunos | Milyas | Pamphylien | Galatien | Pontos und Bithynien | Grenzpunkt (eigentliches Asien, Galatien, Pontos und Bithynien)","On the east by Lykia, from the point after Kaunos to .",inland,
5.02.13,5,5.02,13,AS01,Eigentliches Asien,Eigentliches Asien,"These are the named mountains in Asia, of which the central points are:  Mt. Ida .",mountain,"The mountain-side counterpart of _ISLAND_APPENDIX_SECTIONS: a section that's purely a *list* of named mountains/peaks, each cited by its own proper name with no ""-Gebirge""/""-berg"" suffix of its own to catch by keyword (""Of the named mountains the center of Bertiskos lies at...Mt. Bermion...Mt. Olympos..."", ""Mountains in the Peloponnese Pholoe...and Stymphalos..."") - the same ""no shared pattern to regex on, so it has to be an explicit allow-list"" reasoning as the island appendix. Confirmed by topostext's own section headers; more such sections likely exist elsewhere in the catalogue, not yet found because their books haven't been cross-referenced yet. [Ida/Killaion/Temnon/Dindymos(W-Ende)/Sipylos/Tmolos/Mesogis/Mykale/Kadmos/Mimas/Phoinix - ""the named mountains in Asia"" (topostext: ""These are the named mountains in Asia, of which the central points are: Mt. Ida..."")]"
5.02.14,5,5.02,14,AS01,Klein-Mysien,Klein-Mysien | Hellespont | Phrygien bzw. Troas | Gross-Mysien | Rhyndakos,The interior cities of Mysia Minor in Hellespontika:  Skepsis .,inland,
5.02.16,5,5.02,16,AS01,Lydien bzw. Maionien,Lydien bzw. Maionien | Sipylos,Cities of Lydia and Maionia:  Perpere (or Permere) .,inland,
5.02.17,5,5.02,17,AS01,Sardeis*,,Sardeis .,inland,
5.02.18,5,5.02,18,AS01,Karien,Karien | Lykos | Maiander,In Karia:  Tripolis .,inland,
5.02.19,5,5.02,19,AS01,Maiander,Maiander | Salbakos,Tralleis .,inland,
5.02.20,5,5.02,20,AS01,Phrygien,Phrygien | Erizener,Stratonike .,inland,
5.02.21,5,5.02,21,AS01,Maionien,Maionien | Mysien | Lydien | Phrygien,"In Maionia on the border with Mysia, Lydia and Phrygia,  Settai or Saettai .",inland,
5.02.22,5,5.02,22,AS01,Gross-Phrygien,Gross-Phrygien | Phrygien,Cities of Greater Phrygia:  Synnaos .,inland,
5.02.23,5,5.02,23,AS01,Diokleia,,Diokleia .,inland,
5.02.24,5,5.02,24,AS01,Eukarpia,,Eukarpia .,inland,
5.02.25,5,5.02,25,AS01,Eumenia,,Eumenia .,inland,
5.02.26,5,5.02,26,AS01,Hierapolis,,Hierapolis .,inland,
5.02.28,5,5.02,28,AS01,Eigentliches Asien,Eigentliches Asien | Hellespont,The islands: lying off Asia toward the Hellespont is Tenedos island with a city of the same name .,inland,
5.02.29,5,5.02,29,AS01,Ägäisches Meer,Ägäisches Meer | äolisches Lesbos,"In the Aegean sea Lesbos, an Aiolian island, described as follows:  Sigrion promontory .",island,"_ISLAND_APPENDIX_SECTIONS covers two structurally different things: a section that's one island's own detailed coastal walk (Corfu's section ""11"" - Kassiope, Ptychia, Korkyra, then three capes in catalogue order around the shore), and a section that's a *list* of several different islands (the Cyclades' section ""28"" - Ios, Polyaigos, Therasia, Delos... are seven different islands, not seven points on one island's coast). Connecting every point in an island-appendix section into one line would be right for the former and draw a nonsensical inter-island line for the latter - and gap size alone can't tell them apart, the same way it couldn't for loop-closing (see _NO_CLOSE_LOOP_TRAILS): Corfu's own capes sit 0.3-0.8 degrees apart, but so do plenty of *different* Cycladic islands in Ptolemy's own compressed coordinates. So island lines are opt-in, not automatic: only sections manually confirmed to be one island's own coastal walk are listed here, mapped to that island's name so sections describing the *same* island (Euboea's coast is told across three consecutive sections) merge into a single line. Everything else stays plotted as individual, unconnected island points."
5.02.30,5,5.02,30,AS01,Ikarisches Meer,Ikarisches Meer,Islands in the Ikarian sea:  Ikaros island .,island,"Found by the systematic topostext-disagreement review (2026-07-30): the *other* Ionian islands, each cited once (not a coastal walk of any single one, so no _ISLAND_LINE_GROUPS entry - just the ""list of several different islands"" shape _ISLAND_APPENDIX_SECTIONS exists for). Section ""12"": Kephallenia (""Kephallenia island, with a city of the same name...its northernmost promontory"" / ""the southern promontory"" - both capes stay `island` too, the same as Corfu's own capes above), Erikusa, Skopelos, Leukas (""Leukas island""). Section ""13"": Echinaden (""the Echinades islands""), Ithake (""in which a city of that name""), Lotoa (""Letoa island""), Zakynthos (""in which a city of the same name""). All were sitting in `city`. [Ikaria + Kap Histoi/Chios/Kap Phanaia/Samos/Kap Ampelos - Ikaria/Chios/Samos (+ a 2nd ""Myndos"" citation)]"
5.02.31,5,5.02,31,AS01,Myrtoisches Meer,Myrtoisches Meer | Amorgos,"In the Myrtoon sea, islands, and cities of Amourgos:  Arkesine .",island,"Found by the systematic topostext-disagreement review (2026-07-30): the *other* Ionian islands, each cited once (not a coastal walk of any single one, so no _ISLAND_LINE_GROUPS entry - just the ""list of several different islands"" shape _ISLAND_APPENDIX_SECTIONS exists for). Section ""12"": Kephallenia (""Kephallenia island, with a city of the same name...its northernmost promontory"" / ""the southern promontory"" - both capes stay `island` too, the same as Corfu's own capes above), Erikusa, Skopelos, Leukas (""Leukas island""). Section ""13"": Echinaden (""the Echinades islands""), Ithake (""in which a city of that name""), Lotoa (""Letoa island""), Zakynthos (""in which a city of the same name""). All were sitting in `city`. [Arkesine/Kos/Astypalaia (Cyclades/Dodecanese)]"
5.02.32,5,5.02,32,AS01,Rhodisches Meer,Rhodisches Meer | Karpathisches Meer,Islands in the Rhodian and Karpathian seas  Syme island .,island,"Found by the systematic topostext-disagreement review (2026-07-30): the *other* Ionian islands, each cited once (not a coastal walk of any single one, so no _ISLAND_LINE_GROUPS entry - just the ""list of several different islands"" shape _ISLAND_APPENDIX_SECTIONS exists for). Section ""12"": Kephallenia (""Kephallenia island, with a city of the same name...its northernmost promontory"" / ""the southern promontory"" - both capes stay `island` too, the same as Corfu's own capes above), Erikusa, Skopelos, Leukas (""Leukas island""). Section ""13"": Echinaden (""the Echinades islands""), Ithake (""in which a city of that name""), Lotoa (""Letoa island""), Zakynthos (""in which a city of the same name""). All were sitting in `city`. [Syme/Kasos (Dodecanese)]"
5.02.33,5,5.02,33,AS01,Karpathos,Karpathos,Description of Karpathos:  Thoantion promontory .,island,"_ISLAND_APPENDIX_SECTIONS covers two structurally different things: a section that's one island's own detailed coastal walk (Corfu's section ""11"" - Kassiope, Ptychia, Korkyra, then three capes in catalogue order around the shore), and a section that's a *list* of several different islands (the Cyclades' section ""28"" - Ios, Polyaigos, Therasia, Delos... are seven different islands, not seven points on one island's coast). Connecting every point in an island-appendix section into one line would be right for the former and draw a nonsensical inter-island line for the latter - and gap size alone can't tell them apart, the same way it couldn't for loop-closing (see _NO_CLOSE_LOOP_TRAILS): Corfu's own capes sit 0.3-0.8 degrees apart, but so do plenty of *different* Cycladic islands in Ptolemy's own compressed coordinates. So island lines are opt-in, not automatic: only sections manually confirmed to be one island's own coastal walk are listed here, mapped to that island's name so sections describing the *same* island (Euboea's coast is told across three consecutive sections) merge into a single line. Everything else stays plotted as individual, unconnected island points."
5.02.34,5,5.02,34,AS01,Kap des Pan,,,island,"_ISLAND_APPENDIX_SECTIONS covers two structurally different things: a section that's one island's own detailed coastal walk (Corfu's section ""11"" - Kassiope, Ptychia, Korkyra, then three capes in catalogue order around the shore), and a section that's a *list* of several different islands (the Cyclades' section ""28"" - Ios, Polyaigos, Therasia, Delos... are seven different islands, not seven points on one island's coast). Connecting every point in an island-appendix section into one line would be right for the former and draw a nonsensical inter-island line for the latter - and gap size alone can't tell them apart, the same way it couldn't for loop-closing (see _NO_CLOSE_LOOP_TRAILS): Corfu's own capes sit 0.3-0.8 degrees apart, but so do plenty of *different* Cycladic islands in Ptolemy's own compressed coordinates. So island lines are opt-in, not automatic: only sections manually confirmed to be one island's own coastal walk are listed here, mapped to that island's name so sections describing the *same* island (Euboea's coast is told across three consecutive sections) merge into a single line. Everything else stays plotted as individual, unconnected island points."
5.03.01,5,5.03,01,AS01,Lykien,"Lykien | Eigentliches Asien | Pamphylien | Grenzpunkt (eigentliches Asien, Lykien, Pamphylien) | Masikytos-Gebirge | Lykisches Meer",,coast section,
5.03.02,5,5.03,02,AS01,Kaunos,Kaunos,,coast section,"Found the same way again, this time by the user directly (asked for a side-by-side table of book.map ""5.05.02""/""5.05.03""/""5.08.02"" to see why they weren't coastal): Kilikia Tracheia's own western coast, between Side (the Eurasian arc's own long-unconfirmed loose end) and Anemurion. Section ""5.05.03"" is headed ""Coast of Kilikia Tracheia"" (topostext §5.5.3) - literally ""coast"", just naming a district instead of a sea. Section ""5.08.02"" is headed ""In Selinitis of Kilikia Tracheia"" (topostext §5.8.2), a sub-district within the same coast - confirmed by §5.8.1's own transition line: ""with the following description: from Syedra, a city of Pamphylia, along the *coast*:"". Longitude rises monotonically the whole way - Side 63.42 -> Korakesion 63.58 -> Syedra 63.83 -> Iotape 64.00 -> Selinus 64.33 -> Antiocheia 64.67 -> Nephelis 64.83 -> Anemurion 65.17 - a real coastal walk, not a coincidence. This closes the Side<->Anemurion gap with genuine data instead of the dashed schematic bridge used since the twenty-eighth round (see static_map.py's own now-removed _ANEMURION bridge logic)."
5.03.03,5,5.03,03,AS01,Patara*,,,coast section,"Found the same way again, this time by the user directly (asked for a side-by-side table of book.map ""5.05.02""/""5.05.03""/""5.08.02"" to see why they weren't coastal): Kilikia Tracheia's own western coast, between Side (the Eurasian arc's own long-unconfirmed loose end) and Anemurion. Section ""5.05.03"" is headed ""Coast of Kilikia Tracheia"" (topostext §5.5.3) - literally ""coast"", just naming a district instead of a sea. Section ""5.08.02"" is headed ""In Selinitis of Kilikia Tracheia"" (topostext §5.8.2), a sub-district within the same coast - confirmed by §5.8.1's own transition line: ""with the following description: from Syedra, a city of Pamphylia, along the *coast*:"". Longitude rises monotonically the whole way - Side 63.42 -> Korakesion 63.58 -> Syedra 63.83 -> Iotape 64.00 -> Selinus 64.33 -> Antiocheia 64.67 -> Nephelis 64.83 -> Anemurion 65.17 - a real coastal walk, not a coincidence. This closes the Side<->Anemurion gap with genuine data instead of the dashed schematic bridge used since the twenty-eighth round (see static_map.py's own now-removed _ANEMURION bridge logic)."
5.03.04,5,5.03,04,AS01,Kragos (Mitte),,,mountain,"The mountain-side counterpart of _ISLAND_APPENDIX_SECTIONS: a section that's purely a *list* of named mountains/peaks, each cited by its own proper name with no ""-Gebirge""/""-berg"" suffix of its own to catch by keyword (""Of the named mountains the center of Bertiskos lies at...Mt. Bermion...Mt. Olympos..."", ""Mountains in the Peloponnese Pholoe...and Stymphalos..."") - the same ""no shared pattern to regex on, so it has to be an explicit allow-list"" reasoning as the island appendix. Confirmed by topostext's own section headers; more such sections likely exist elsewhere in the catalogue, not yet found because their books haven't been cross-referenced yet. [Kragos - Lykia's named mountain]"
5.03.05,5,5.03,05,AS01,Lykien,Lykien | Kragos,,inland,
5.03.06,5,5.03,06,AS01,Masikytos-Gebirge,Masikytos-Gebirge,,inland,
5.03.07,5,5.03,07,AS01,Milyas,Milyas,,inland,
5.03.08,5,5.03,08,AS01,Kabalien,Kabalien,,inland,
5.03.09,5,5.03,09,AS01,Lykien,Lykien,,inland,
5.04.01,5,5.04,01,AS01,Galatien,"Galatien | Pontos und Bithynien | Eigentliches Asien | Pamphylien | Grenzpunkt (eigentliches Asien, Galatien, Pamphylien) | Kappadokien | Pontos Euxeinos",,inland,
5.04.02,5,5.04,02,AS01,Kytoros,Kytoros,,coast section,"Same pattern, found the same way (user-reported gap in a rendered map), on the Black Sea: Paphlagonia/Pontus's own coast (book.map ""5.04"") is headed by ""Pontos Euxeinos"" (Greek for ""Black Sea"") only once, at the very start of the book.map (section ""01"") - every section actually enumerating the coast is headed by a place name instead (""Kytoros"", section ""02""'s own header), so almost every plain-named point fell through to `city`, including two of antiquity's best-known Black Sea ports, Sinope and Amisos (Sinop/Samsun today). The real cape ""Kap Karambis"" and the two river mouths already caught via `_MOUTH_RE` were the only survivors."
5.04.03,5,5.04,03,AS01,Sinope*,,,coast section,"Same pattern, found the same way (user-reported gap in a rendered map), on the Black Sea: Paphlagonia/Pontus's own coast (book.map ""5.04"") is headed by ""Pontos Euxeinos"" (Greek for ""Black Sea"") only once, at the very start of the book.map (section ""01"") - every section actually enumerating the coast is headed by a place name instead (""Kytoros"", section ""02""'s own header), so almost every plain-named point fell through to `city`, including two of antiquity's best-known Black Sea ports, Sinope and Amisos (Sinop/Samsun today). The real cape ""Kap Karambis"" and the two river mouths already caught via `_MOUTH_RE` were the only survivors."
5.04.04,5,5.04,04,AS01,Galatien,Galatien,,mountain,"The mountain-side counterpart of _ISLAND_APPENDIX_SECTIONS: a section that's purely a *list* of named mountains/peaks, each cited by its own proper name with no ""-Gebirge""/""-berg"" suffix of its own to catch by keyword (""Of the named mountains the center of Bertiskos lies at...Mt. Bermion...Mt. Olympos..."", ""Mountains in the Peloponnese Pholoe...and Stymphalos..."") - the same ""no shared pattern to regex on, so it has to be an explicit allow-list"" reasoning as the island appendix. Confirmed by topostext's own section headers; more such sections likely exist elsewhere in the catalogue, not yet found because their books haven't been cross-referenced yet. [Oligas(Gigas)/Dindymos(O-Ende)/Huegel von Kelainai - Galatia's named mountains, including Dindymos' other end (see 5.02.13 above - same range, re-cited across the book.map boundary)]"
5.04.05,5,5.04,05,AS01,Leute von Paphlagonien,Leute von Paphlagonien,,inland,
5.04.06,5,5.04,06,AS01,Sakorsa,,,inland,
5.04.07,5,5.04,07,AS01,Paphlagonien,Paphlagonien | Tolistobogier,,inland,
5.04.08,5,5.04,08,AS01,Tektosagen,Tektosagen,,inland,
5.04.09,5,5.04,09,AS01,Trokmer (Troismer),Trokmer (Troismer),,inland,
5.04.10,5,5.04,10,AS01,Proseilemeniten,Proseilemeniten | Obizener | Lykaonien,"Below the above-mentioned peoples extend the Proserlimenitai adjoining them. Below these, the Byzenoi and part of Lykaonia, with the cities:  Petenessos .",inland,
5.04.11,5,5.04,11,AS01,Pisidien,Pisidien,"Then below these to the west is a part of Pisidia, with cities  Apollonia .",inland,
5.04.12,5,5.04,12,AS01,Isaurien,Isaurien | Orondiker,Eastward is Isauria with cities:  Sauatra .,inland,
5.05.01,5,5.05,01,AS01,Pamphylien,"Pamphylien | Lykien | Eigentliches Asien | Galatien | Kilikien | Kappadokien | Grenzpunkt (Galatien, Kappadokien, Pamphylien) | Pamphylisches Meer",,coast section,
5.05.02,5,5.05,02,AS01,Phaselis,Phaselis | Lykien | Pamphylien,,coast section,"Found the same way again, this time by the user directly (asked for a side-by-side table of book.map ""5.05.02""/""5.05.03""/""5.08.02"" to see why they weren't coastal): Kilikia Tracheia's own western coast, between Side (the Eurasian arc's own long-unconfirmed loose end) and Anemurion. Section ""5.05.03"" is headed ""Coast of Kilikia Tracheia"" (topostext §5.5.3) - literally ""coast"", just naming a district instead of a sea. Section ""5.08.02"" is headed ""In Selinitis of Kilikia Tracheia"" (topostext §5.8.2), a sub-district within the same coast - confirmed by §5.8.1's own transition line: ""with the following description: from Syedra, a city of Pamphylia, along the *coast*:"". Longitude rises monotonically the whole way - Side 63.42 -> Korakesion 63.58 -> Syedra 63.83 -> Iotape 64.00 -> Selinus 64.33 -> Antiocheia 64.67 -> Nephelis 64.83 -> Anemurion 65.17 - a real coastal walk, not a coincidence. This closes the Side<->Anemurion gap with genuine data instead of the dashed schematic bridge used since the twenty-eighth round (see static_map.py's own now-removed _ANEMURION bridge logic)."
5.05.03,5,5.05,03,AS01,Raues Kilikien,Raues Kilikien,,coast section,"Found the same way again, this time by the user directly (asked for a side-by-side table of book.map ""5.05.02""/""5.05.03""/""5.08.02"" to see why they weren't coastal): Kilikia Tracheia's own western coast, between Side (the Eurasian arc's own long-unconfirmed loose end) and Anemurion. Section ""5.05.03"" is headed ""Coast of Kilikia Tracheia"" (topostext §5.5.3) - literally ""coast"", just naming a district instead of a sea. Section ""5.08.02"" is headed ""In Selinitis of Kilikia Tracheia"" (topostext §5.8.2), a sub-district within the same coast - confirmed by §5.8.1's own transition line: ""with the following description: from Syedra, a city of Pamphylia, along the *coast*:"". Longitude rises monotonically the whole way - Side 63.42 -> Korakesion 63.58 -> Syedra 63.83 -> Iotape 64.00 -> Selinus 64.33 -> Antiocheia 64.67 -> Nephelis 64.83 -> Anemurion 65.17 - a real coastal walk, not a coincidence. This closes the Side<->Anemurion gap with genuine data instead of the dashed schematic bridge used since the twenty-eighth round (see static_map.py's own now-removed _ANEMURION bridge logic)."
5.05.04,5,5.05,04,AS01,Phrygisches Pisidien,Phrygisches Pisidien,,inland,
5.05.05,5,5.05,05,AS01,Alt-Beudos (Alt-Pseudos),,,inland,
5.05.06,5,5.05,06,AS01,Kabalien,Kabalien,,inland,
5.05.07,5,5.05,07,AS01,Pamphylien,Pamphylien,,inland,
5.05.08,5,5.05,08,AS01,Pisidien,Pisidien,,inland,
5.05.09,5,5.05,09,AS01,Raues Kilikien,Raues Kilikien,,inland,
5.05.10,5,5.05,10,AS01,Pamphylien,Pamphylien,,island,"The following five were confirmed against topostext.org/work/209's English translation, which states outright ""the Ebuda islands..."", ""the islands which are near Albion island..."", etc. - independent of our own Modern_location-based guessing. [Krambusa/Attelebusa - the two islands lying off Pamphylia]"
5.06.01,5,5.06,01,AS01,Kappadokien,Kappadokien | Galatien | Pamphylien | Pontos Euxeinos | Kilikien | Tauros-Gebirge | Amanos-Gebirge | Syrien | Gross-Armenien | Moschika-Gebirge | Amisos,,inland,
5.06.02,5,5.06,02,AS01,Leukosyrer,Leukosyrer,,coast section,"Found the same way again, this time by the user directly (asked for a side-by-side table of book.map ""5.05.02""/""5.05.03""/""5.08.02"" to see why they weren't coastal): Kilikia Tracheia's own western coast, between Side (the Eurasian arc's own long-unconfirmed loose end) and Anemurion. Section ""5.05.03"" is headed ""Coast of Kilikia Tracheia"" (topostext §5.5.3) - literally ""coast"", just naming a district instead of a sea. Section ""5.08.02"" is headed ""In Selinitis of Kilikia Tracheia"" (topostext §5.8.2), a sub-district within the same coast - confirmed by §5.8.1's own transition line: ""with the following description: from Syedra, a city of Pamphylia, along the *coast*:"". Longitude rises monotonically the whole way - Side 63.42 -> Korakesion 63.58 -> Syedra 63.83 -> Iotape 64.00 -> Selinus 64.33 -> Antiocheia 64.67 -> Nephelis 64.83 -> Anemurion 65.17 - a real coastal walk, not a coincidence. This closes the Side<->Anemurion gap with genuine data instead of the dashed schematic bridge used since the twenty-eighth round (see static_map.py's own now-removed _ANEMURION bridge logic)."
5.06.03,5,5.06,03,AS01,Galatischer Pontos,Galatischer Pontos | Ebene von Phanagoria,,coast section,"The root cause behind all three Black Sea fixes above, generalized: `_COASTAL_HDR_RE` only recognizes *German* sea words (""Meer""/""Golf""/ ""Ozean""/...), but this catalogue routinely heads a Pontic-region section with the *Greek* proper noun instead (""Pontos Euxeinos"", ""Propontis"", ""Kimmerischer Bosporos"") - which never matches. Reported by the user as points ""hopping and dancing"" around the Black Sea, Bosphorus and Thrace/Bithynia - not a classification problem exactly (each point's own coordinate was always right), but a *connectivity* one: with real waypoints along the shore sitting in `city` instead of `coast`, the graph had nothing to connect but the few points that did happen to match some other keyword, forcing long, geographically senseless edges between them instead of the short, orderly hops a complete coastal walk would draw. Checked every section headed by a Greek Pontic sea-name across the whole catalogue (via a regex on the header text) and triaged each one individually - most were already fine (either already `coast`, or genuinely inland, like `5.06.09`- `11`'s ""Pontos"" *province* name, Amaseia and neighbours, nowhere near the shore) or too low-impact/uncertain to act on without further verification (single boundary-point sections). These sections had a real, topostext-confirmed gap: [Pontus Galaticus' coast (topostext: ""...the plain by Phanagoria: Themiskyra..."") - legendary home of the Amazons, a real coastal city]"
5.06.04,5,5.06,04,AS01,Polemoniakischer Pontos,Polemoniakischer Pontos,,coast section,"The root cause behind all three Black Sea fixes above, generalized: `_COASTAL_HDR_RE` only recognizes *German* sea words (""Meer""/""Golf""/ ""Ozean""/...), but this catalogue routinely heads a Pontic-region section with the *Greek* proper noun instead (""Pontos Euxeinos"", ""Propontis"", ""Kimmerischer Bosporos"") - which never matches. Reported by the user as points ""hopping and dancing"" around the Black Sea, Bosphorus and Thrace/Bithynia - not a classification problem exactly (each point's own coordinate was always right), but a *connectivity* one: with real waypoints along the shore sitting in `city` instead of `coast`, the graph had nothing to connect but the few points that did happen to match some other keyword, forcing long, geographically senseless edges between them instead of the short, orderly hops a complete coastal walk would draw. Checked every section headed by a Greek Pontic sea-name across the whole catalogue (via a regex on the header text) and triaged each one individually - most were already fine (either already `coast`, or genuinely inland, like `5.06.09`- `11`'s ""Pontos"" *province* name, Amaseia and neighbours, nowhere near the shore) or too low-impact/uncertain to act on without further verification (single boundary-point sections). These sections had a real, topostext-confirmed gap: [Pontus Polemoniacus' coast (topostext: ""Of Polemonian Pontos..."") - Polemonion and neighbours]"
5.06.05,5,5.06,05,AS01,Kappadokischer Pontos,Kappadokischer Pontos | Sidene,,coast section,"The root cause behind all three Black Sea fixes above, generalized: `_COASTAL_HDR_RE` only recognizes *German* sea words (""Meer""/""Golf""/ ""Ozean""/...), but this catalogue routinely heads a Pontic-region section with the *Greek* proper noun instead (""Pontos Euxeinos"", ""Propontis"", ""Kimmerischer Bosporos"") - which never matches. Reported by the user as points ""hopping and dancing"" around the Black Sea, Bosphorus and Thrace/Bithynia - not a classification problem exactly (each point's own coordinate was always right), but a *connectivity* one: with real waypoints along the shore sitting in `city` instead of `coast`, the graph had nothing to connect but the few points that did happen to match some other keyword, forcing long, geographically senseless edges between them instead of the short, orderly hops a complete coastal walk would draw. Checked every section headed by a Greek Pontic sea-name across the whole catalogue (via a regex on the header text) and triaged each one individually - most were already fine (either already `coast`, or genuinely inland, like `5.06.09`- `11`'s ""Pontos"" *province* name, Amaseia and neighbours, nowhere near the shore) or too low-impact/uncertain to act on without further verification (single boundary-point sections). These sections had a real, topostext-confirmed gap: [Pontus Cappadocicus' coast (topostext: ""...near Sidene: Ischopolis..."") - Kerasous/Giresun, Pharnakia, on the way to Trapezous/Trebizond]"
5.06.06,5,5.06,06,AS01,Kissier,Kissier,,coast section,"A wide batch found by the same systematic topostext-disagreement review, each independently confirmed the same way: a plain-named harbor town or headland sitting in `city`, whose section has no sea-word header of its own but whose topostext citation both names it a harbor/port *and* sits in an unbroken run of coastal citations (river mouths, capes, other harbors) either side of it in the same section - the same ""province/tribe name instead of sea name"" header gap already fixed many times this session, just not yet swept outside the regions checked so far: [Pontus (Kissian coast): ""Opious...Rizous harbor...Athenon promontory...""]"
5.06.07,5,5.06,07,AS01,Apsorros,,,coast section,"Found the same way again, this time by the user directly (asked for a side-by-side table of book.map ""5.05.02""/""5.05.03""/""5.08.02"" to see why they weren't coastal): Kilikia Tracheia's own western coast, between Side (the Eurasian arc's own long-unconfirmed loose end) and Anemurion. Section ""5.05.03"" is headed ""Coast of Kilikia Tracheia"" (topostext §5.5.3) - literally ""coast"", just naming a district instead of a sea. Section ""5.08.02"" is headed ""In Selinitis of Kilikia Tracheia"" (topostext §5.8.2), a sub-district within the same coast - confirmed by §5.8.1's own transition line: ""with the following description: from Syedra, a city of Pamphylia, along the *coast*:"". Longitude rises monotonically the whole way - Side 63.42 -> Korakesion 63.58 -> Syedra 63.83 -> Iotape 64.00 -> Selinus 64.33 -> Antiocheia 64.67 -> Nephelis 64.83 -> Anemurion 65.17 - a real coastal walk, not a coincidence. This closes the Side<->Anemurion gap with genuine data instead of the dashed schematic bridge used since the twenty-eighth round (see static_map.py's own now-removed _ANEMURION bridge logic)."
5.06.08,5,5.06,08,AS01,Kappadokien,Kappadokien | Anti-Tauros | Tauros-Gebirge | Euphrat | Thermodon,,inland,
5.06.09,5,5.06,09,AS01,Kappadokien,Kappadokien | Galatien | Leukosyrer | Galatischer Pontos,,inland,
5.06.10,5,5.06,10,AS01,Polemoniakischer Pontos,Polemoniakischer Pontos,In the interior of Polemonian Pontos:  Gozalene or Gazaline .,inland,
5.06.11,5,5.06,11,AS01,Kappadokischer Pontos,Kappadokischer Pontos,In Kappadokian Pontos inland  Zephyrion .,inland,
5.06.12,5,5.06,12,AS01,Chamanene (Präfektur) (Chamendene (Präfektur)),Chamanene (Präfektur) (Chamendene (Präfektur)),In Chamane (or Chamanene) prefecture  Zama .,inland,
5.06.13,5,5.06,13,AS01,Sargarausene (Präfektur) (Garsurasene (Präfektur)),Sargarausene (Präfektur) (Garsurasene (Präfektur)),In Sargarausena (or Sargabrasene) prefecture  Phiara .,inland,
5.06.14,5,5.06,14,AS01,Garsauritis (Präfektur),Garsauritis (Präfektur),In Garsaouria prefecture  Phreata .,inland,
5.06.15,5,5.06,15,AS01,Kilikien (Präfektur),Kilikien (Präfektur),In Kilikia prefecture  Moustilia .,inland,
5.06.16,5,5.06,16,AS01,Lykaonien (Präfektur),Lykaonien (Präfektur),In Lykaonia Adopissos .,inland,
5.06.17,5,5.06,17,AS01,Antiocheiane (Präfektur),Antiocheiane (Präfektur),In Antiochiane  Derbe .,inland,
5.06.18,5,5.06,18,AS01,Tyanis (Präfektur),Tyanis (Präfektur),,inland,
5.07.02,5,5.07,02,AS01,Euphrat,Euphrat,,inland,
5.07.03,5,5.07,03,AS01,Satala*,,,inland,
5.07.04,5,5.07,04,AS01,Analibla,,,inland,
5.07.05,5,5.07,05,AS01,Melitene,Melitene | Euphrat,,inland,
5.07.06,5,5.07,06,AS01,Zoparissos,,,inland,
5.07.07,5,5.07,07,AS01,Kataonien (Präfektur),Kataonien (Präfektur),,inland,
5.07.08,5,5.07,08,AS01,Murimene (Präfektur),Murimene (Präfektur),,inland,
5.07.09,5,5.07,09,AS01,Laviansene (Präfektur),Laviansene (Präfektur) | Euphrat,,inland,
5.07.10,5,5.07,10,AS01,Kaparkelis,,Interior from these:  Kaparkelis .,inland,
5.07.11,5,5.07,11,AS01,Aravene (Präfektur),Aravene (Präfektur) | Euphrat,In Arauene prefecture beside the Euphrates river:  Iouliopolis .,inland,
5.07.12,5,5.07,12,AS01,Serastere,,Interior from this  Serastere .,inland,
5.08.01,5,5.08,01,AS01,Kilikien,"Kilikien | Pamphylien | Syrien | Amanos-Gebirge | Grenzpunkt (Kappadokien, Kilikien, Syrien) | Kappadokien | Golf von Issos | Amanos-Pforten | Tauros-Gebirge | Kilikische Enge",,coast section,
5.08.02,5,5.08,02,AS01,Syedra,Syedra | Raue Selentis | Kragos,,coast section,"Found the same way again, this time by the user directly (asked for a side-by-side table of book.map ""5.05.02""/""5.05.03""/""5.08.02"" to see why they weren't coastal): Kilikia Tracheia's own western coast, between Side (the Eurasian arc's own long-unconfirmed loose end) and Anemurion. Section ""5.05.03"" is headed ""Coast of Kilikia Tracheia"" (topostext §5.5.3) - literally ""coast"", just naming a district instead of a sea. Section ""5.08.02"" is headed ""In Selinitis of Kilikia Tracheia"" (topostext §5.8.2), a sub-district within the same coast - confirmed by §5.8.1's own transition line: ""with the following description: from Syedra, a city of Pamphylia, along the *coast*:"". Longitude rises monotonically the whole way - Side 63.42 -> Korakesion 63.58 -> Syedra 63.83 -> Iotape 64.00 -> Selinus 64.33 -> Antiocheia 64.67 -> Nephelis 64.83 -> Anemurion 65.17 - a real coastal walk, not a coincidence. This closes the Side<->Anemurion gap with genuine data instead of the dashed schematic bridge used since the twenty-eighth round (see static_map.py's own now-removed _ANEMURION bridge logic)."
5.08.03,5,5.08,03,AS01,Ketis,Ketis,,coast section,"Found the same way again, this time by the user directly (asked for a side-by-side table of book.map ""5.05.02""/""5.05.03""/""5.08.02"" to see why they weren't coastal): Kilikia Tracheia's own western coast, between Side (the Eurasian arc's own long-unconfirmed loose end) and Anemurion. Section ""5.05.03"" is headed ""Coast of Kilikia Tracheia"" (topostext §5.5.3) - literally ""coast"", just naming a district instead of a sea. Section ""5.08.02"" is headed ""In Selinitis of Kilikia Tracheia"" (topostext §5.8.2), a sub-district within the same coast - confirmed by §5.8.1's own transition line: ""with the following description: from Syedra, a city of Pamphylia, along the *coast*:"". Longitude rises monotonically the whole way - Side 63.42 -> Korakesion 63.58 -> Syedra 63.83 -> Iotape 64.00 -> Selinus 64.33 -> Antiocheia 64.67 -> Nephelis 64.83 -> Anemurion 65.17 - a real coastal walk, not a coincidence. This closes the Side<->Anemurion gap with genuine data instead of the dashed schematic bridge used since the twenty-eighth round (see static_map.py's own now-removed _ANEMURION bridge logic)."
5.08.04,5,5.08,04,AS01,Eigentliches Kilikien,Eigentliches Kilikien,,coast section,"Found the same way again, this time by the user directly (asked for a side-by-side table of book.map ""5.05.02""/""5.05.03""/""5.08.02"" to see why they weren't coastal): Kilikia Tracheia's own western coast, between Side (the Eurasian arc's own long-unconfirmed loose end) and Anemurion. Section ""5.05.03"" is headed ""Coast of Kilikia Tracheia"" (topostext §5.5.3) - literally ""coast"", just naming a district instead of a sea. Section ""5.08.02"" is headed ""In Selinitis of Kilikia Tracheia"" (topostext §5.8.2), a sub-district within the same coast - confirmed by §5.8.1's own transition line: ""with the following description: from Syedra, a city of Pamphylia, along the *coast*:"". Longitude rises monotonically the whole way - Side 63.42 -> Korakesion 63.58 -> Syedra 63.83 -> Iotape 64.00 -> Selinus 64.33 -> Antiocheia 64.67 -> Nephelis 64.83 -> Anemurion 65.17 - a real coastal walk, not a coincidence. This closes the Side<->Anemurion gap with genuine data instead of the dashed schematic bridge used since the twenty-eighth round (see static_map.py's own now-removed _ANEMURION bridge logic)."
5.08.05,5,5.08,05,AS01,Kilikien,Kilikien | Raue Selentis,,inland,
5.08.06,5,5.08,06,AS01,Ketis,Ketis | Lalasis | Charakene | Lamotis | Lakanitis | Bryklike,,inland,
5.08.07,5,5.08,07,AS01,Eigentliches Kilikien,Eigentliches Kilikien | Anazarbos (Anabarzos),,inland,
5.09.02,5,5.09,02,AS02,Tanaïs-Mündung,Tanaïs-Mündung,,coast section,"Sarmatia-in-Asia's own coast (book.map ""5.09"", the Sea of Azov/Kerch strait/NE Black Sea shore down to the Colchis border) - previously documented below (see the Coverage section of the README) as ""confirmed, not fixed"" for lack of an override mechanism at the time; fixed now that one exists. Real Bosporan-kingdom port towns (Phanagoria, Hermonassa, Sindikos - topostext explicitly calls the latter a ""harbor"") were sitting in `city` between coast/river_mouth points precisely because most of this coastal walk's own points never individually matched a keyword and the section headers are Greek place/tribe names, not `_COASTAL_HDR_RE`'s German sea words."
5.09.03,5,5.09,03,AS02,Grosser Rhombites (Mündung),,,coast section,"Sarmatia-in-Asia's own coast (book.map ""5.09"", the Sea of Azov/Kerch strait/NE Black Sea shore down to the Colchis border) - previously documented below (see the Coverage section of the README) as ""confirmed, not fixed"" for lack of an override mechanism at the time; fixed now that one exists. Real Bosporan-kingdom port towns (Phanagoria, Hermonassa, Sindikos - topostext explicitly calls the latter a ""harbor"") were sitting in `city` between coast/river_mouth points precisely because most of this coastal walk's own points never individually matched a keyword and the section headers are Greek place/tribe names, not `_COASTAL_HDR_RE`'s German sea words."
5.09.04,5,5.09,04,AS02,Kleiner Rhombites (Mündung),,,coast section,"Sarmatia-in-Asia's own coast (book.map ""5.09"", the Sea of Azov/Kerch strait/NE Black Sea shore down to the Colchis border) - previously documented below (see the Coverage section of the README) as ""confirmed, not fixed"" for lack of an override mechanism at the time; fixed now that one exists. Real Bosporan-kingdom port towns (Phanagoria, Hermonassa, Sindikos - topostext explicitly calls the latter a ""harbor"") were sitting in `city` between coast/river_mouth points precisely because most of this coastal walk's own points never individually matched a keyword and the section headers are Greek place/tribe names, not `_COASTAL_HDR_RE`'s German sea words."
5.09.05,5,5.09,05,AS02,Vardanes-Mündung,,,coast section,"Sarmatia-in-Asia's own coast (book.map ""5.09"", the Sea of Azov/Kerch strait/NE Black Sea shore down to the Colchis border) - previously documented below (see the Coverage section of the README) as ""confirmed, not fixed"" for lack of an override mechanism at the time; fixed now that one exists. Real Bosporan-kingdom port towns (Phanagoria, Hermonassa, Sindikos - topostext explicitly calls the latter a ""harbor"") were sitting in `city` between coast/river_mouth points precisely because most of this coastal walk's own points never individually matched a keyword and the section headers are Greek place/tribe names, not `_COASTAL_HDR_RE`'s German sea words."
5.09.06,5,5.09,06,AS02,Kimmerischer Bosporos,Kimmerischer Bosporos,,coast section,"Sarmatia-in-Asia's own coast (book.map ""5.09"", the Sea of Azov/Kerch strait/NE Black Sea shore down to the Colchis border) - previously documented below (see the Coverage section of the README) as ""confirmed, not fixed"" for lack of an override mechanism at the time; fixed now that one exists. Real Bosporan-kingdom port towns (Phanagoria, Hermonassa, Sindikos - topostext explicitly calls the latter a ""harbor"") were sitting in `city` between coast/river_mouth points precisely because most of this coastal walk's own points never individually matched a keyword and the section headers are Greek place/tribe names, not `_COASTAL_HDR_RE`'s German sea words."
5.09.08,5,5.09,08,AS02,Korokondame,Korokondame | Pontos Euxeinos,,coast section,"Sarmatia-in-Asia's own coast (book.map ""5.09"", the Sea of Azov/Kerch strait/NE Black Sea shore down to the Colchis border) - previously documented below (see the Coverage section of the README) as ""confirmed, not fixed"" for lack of an override mechanism at the time; fixed now that one exists. Real Bosporan-kingdom port towns (Phanagoria, Hermonassa, Sindikos - topostext explicitly calls the latter a ""harbor"") were sitting in `city` between coast/river_mouth points precisely because most of this coastal walk's own points never individually matched a keyword and the section headers are Greek place/tribe names, not `_COASTAL_HDR_RE`'s German sea words."
5.09.09,5,5.09,09,AS02,Kerketischer Golf,,,coast section,"Sarmatia-in-Asia's own coast (book.map ""5.09"", the Sea of Azov/Kerch strait/NE Black Sea shore down to the Colchis border) - previously documented below (see the Coverage section of the README) as ""confirmed, not fixed"" for lack of an override mechanism at the time; fixed now that one exists. Real Bosporan-kingdom port towns (Phanagoria, Hermonassa, Sindikos - topostext explicitly calls the latter a ""harbor"") were sitting in `city` between coast/river_mouth points precisely because most of this coastal walk's own points never individually matched a keyword and the section headers are Greek place/tribe names, not `_COASTAL_HDR_RE`'s German sea words."
5.09.10,5,5.09,10,AS02,Kolchis,Kolchis,mouth of the Thessyris river .,coast section,"Sarmatia-in-Asia's own coast (book.map ""5.09"", the Sea of Azov/Kerch strait/NE Black Sea shore down to the Colchis border) - previously documented below (see the Coverage section of the README) as ""confirmed, not fixed"" for lack of an override mechanism at the time; fixed now that one exists. Real Bosporan-kingdom port towns (Phanagoria, Hermonassa, Sindikos - topostext explicitly calls the latter a ""harbor"") were sitting in `city` between coast/river_mouth points precisely because most of this coastal walk's own points never individually matched a keyword and the section headers are Greek place/tribe names, not `_COASTAL_HDR_RE`'s German sea words."
5.09.11,5,5.09,11,AS02,Iberien,Iberien | Albanien | Hyrkanisches Meer,"Thence it extends along Iberia, with the Sarmatian Gates at .",inland,"Found in the same edge-by-edge Black Sea sweep as the newest _COASTAL_APPENDIX_SECTIONS entries, but the opposite problem: section ""5.09.11""'s own header happens to include ""Hyrkanisches Meer"" (the Caspian) as the far end of a *boundary-line* description (""Thence it extends along Iberia, with the Sarmatian Gates...thence along Albania to the limit on the Hyrkanian sea"" - topostext) - Sarmatia-in-Asia's inland border with Iberia/Albania, not a continuation of its Black Sea coast, which topostext explicitly ends one section earlier (""The limit on the side of Kolchis is at"", 5.09.10 - left alone, correctly coastal). ""Sarmatische Pforten"" (the Sarmatian/Caucasian Gates, a mountain pass) had been swept into `coast` by the header match and strung onto the real coastline via catalogue-order adjacency, a spurious ~2 degree detour east from the Kolchis boundary point that had nothing to do with the shore."
5.09.12,5,5.09,12,AS02,Hyrkanisches Meer,Hyrkanisches Meer | Skythien diesseits des Imaon-Gebirges | Unbekanntes Land,On the east it is bounded by a part of the Hyrkanian sea beginning at the point next to the mouth of the Soanas river at .,coast section,
5.09.13,5,5.09,13,AS02,Tanaïs (Biegung),Tanaïs (Biegung) | Hyperboreisches Gebirge,There is another mouth of the Rhariver near that of the Tanais at .,inland,
5.09.15,5,5.09,15,AS02,Hippisches Gebirge (W-Ende),,The extremes of the Hippika mountains are at .,inland,
5.09.16,5,5.09,16,AS02,Asiatisches Sarmatien,Asiatisches Sarmatien | Unbekanntes Land | Sarmatische Hyperboreer | Königssarmaten | Modoken (Modaken) | Pferde essende Sarmaten | Zakaten | Suardener | Asaier | Tanaïs (nördliche Biegung) | Perierbiden | Tanaïs (südliche Biegung) | Iaxamaten,"The latitudes of Sarmatia toward the unknown country are distributed among the following peoples:  The Hyperborean Sarmatians, below these the Royal (Basilikoi) Sarmatians; and Modokaipeople; and Hippophagoi (horse-eating) Sarmatians; and below these are the Zakataiand Souardenoi and Asaioi; then by the northern bend of the Tanais river the Perierbidoi, a great people, and near the southern bend the Iaxamatai people.  The cities are:  Hexapolis .",inland,
5.09.26,5,5.09,26,AS02,Kleiner Rhombites,Kleiner Rhombites,The cities and komai:  on the lesser Rombites river Azaraba .,inland,
5.09.27,5,5.09,27,AS02,Psathis,Psathis,on the Psathis river Auchis .,inland,
5.09.28,5,5.09,28,AS02,Vardanes,Vardanes,on the Ouardanos river Skopelos .,inland,
5.09.29,5,5.09,29,AS02,Burkas,Burkas,on the Bourkas river:  Koukounda .,inland,
5.09.30,5,5.09,30,AS02,Thessyris,Thessyris,on the Thessyris river:  Batrache .,inland,
5.09.31,5,5.09,31,AS02,Korax,Korax,and on the Korax river:  Naana .,inland,
5.09.32,5,5.09,32,AS02,Namenlose Bergrücken am Kimmerischen Bosporos,Namenlose Bergrücken am Kimmerischen Bosporos,Cities on the mountain ridges:  Abounis .,inland,
5.10.02,5,5.10,02,AS03,Korax-Mündung,,,coast section,"Found the same way again, this time by the user directly (asked for a side-by-side table of book.map ""5.05.02""/""5.05.03""/""5.08.02"" to see why they weren't coastal): Kilikia Tracheia's own western coast, between Side (the Eurasian arc's own long-unconfirmed loose end) and Anemurion. Section ""5.05.03"" is headed ""Coast of Kilikia Tracheia"" (topostext §5.5.3) - literally ""coast"", just naming a district instead of a sea. Section ""5.08.02"" is headed ""In Selinitis of Kilikia Tracheia"" (topostext §5.8.2), a sub-district within the same coast - confirmed by §5.8.1's own transition line: ""with the following description: from Syedra, a city of Pamphylia, along the *coast*:"". Longitude rises monotonically the whole way - Side 63.42 -> Korakesion 63.58 -> Syedra 63.83 -> Iotape 64.00 -> Selinus 64.33 -> Antiocheia 64.67 -> Nephelis 64.83 -> Anemurion 65.17 - a real coastal walk, not a coincidence. This closes the Side<->Anemurion gap with genuine data instead of the dashed schematic bridge used since the twenty-eighth round (see static_map.py's own now-removed _ANEMURION bridge logic)."
5.10.03,5,5.10,03,AS03,Kappadokischer Pontos,Kappadokischer Pontos | Gross-Armenien,,inland,
5.10.04,5,5.10,04,AS03,Iberien,Iberien | Kaukasisches Gebirge,,inland,
5.10.06,5,5.10,06,AS03,Mechlessos,,,inland,
5.11.01,5,5.11,01,AS03,Iberien,"Iberien | Asiatisches Sarmatien | Kolchis | Gross-Armenien | Grenzpunkt (Gross-Armenien, Iberien, Kolchis) | Albanien",,inland,
5.11.02,5,5.11,02,AS03,Lubion,,,inland,
5.11.03,5,5.11,03,AS03,Artanissa*,,,inland,
5.12.01,5,5.12,01,AS03,Albanien,"Albanien | Asiatisches Sarmatien | Iberien | Gross-Armenien | Grenzpunkt (Albanien, Gross-Armenien, Iberien) | Hyrkanisches Meer | Soanas",,coast section,
5.12.02,5,5.12,02,AS03,Soanas-Mündung,,,coast section,"Found the same way again, this time by the user directly (asked for a side-by-side table of book.map ""5.05.02""/""5.05.03""/""5.08.02"" to see why they weren't coastal): Kilikia Tracheia's own western coast, between Side (the Eurasian arc's own long-unconfirmed loose end) and Anemurion. Section ""5.05.03"" is headed ""Coast of Kilikia Tracheia"" (topostext §5.5.3) - literally ""coast"", just naming a district instead of a sea. Section ""5.08.02"" is headed ""In Selinitis of Kilikia Tracheia"" (topostext §5.8.2), a sub-district within the same coast - confirmed by §5.8.1's own transition line: ""with the following description: from Syedra, a city of Pamphylia, along the *coast*:"". Longitude rises monotonically the whole way - Side 63.42 -> Korakesion 63.58 -> Syedra 63.83 -> Iotape 64.00 -> Selinus 64.33 -> Antiocheia 64.67 -> Nephelis 64.83 -> Anemurion 65.17 - a real coastal walk, not a coincidence. This closes the Side<->Anemurion gap with genuine data instead of the dashed schematic bridge used since the twenty-eighth round (see static_map.py's own now-removed _ANEMURION bridge logic)."
5.12.03,5,5.12,03,AS03,Albanien,Albanien | Iberien | Kyros (Namenloser Zufluss vom Kaukasus) | Kaukasus | Kyros | Gross-Armenien,,inland,
5.12.04,5,5.12,04,AS03,Kyros (Namenloser Zufluss vom Kaukasus),Kyros (Namenloser Zufluss vom Kaukasus) | Albanos | Kaukasus,,inland,
5.12.05,5,5.12,05,AS03,Adiabla (Adiabda),,,inland,
5.12.06,5,5.12,06,AS03,Albanos,Albanos | Kasios,,inland,
5.12.07,5,5.12,07,AS03,Kasios,Kasios | Gerrhos | Soanas,,inland,
5.12.08,5,5.12,08,AS03,Albanien,Albanien,,inland,
5.13.03,5,5.13,03,AS03,Hyrkanisches Meer,Hyrkanisches Meer | Kyros-Mündung | Medien | Kaspisches Gebirge,,coast section,
5.13.04,5,5.13,04,AS03,Mesopotamien,"Mesopotamien | Tauros-Gebirge | Euphrat (Abschnitt am Tauros) | Tigris (Abschnitt am Tauros) | Assyrien | Niphates-Gebirge | Kaspisches Gebirge | Grenzpunkt (Assyrien, Gross-Armenien, Medien)",,inland,
5.13.05,5,5.13,05,AS03,Gross-Armenien,Gross-Armenien | Moschika-Gebirge | Kappadokischer Pontos | Euphrat,,mountain,"The mountain-side counterpart of _ISLAND_APPENDIX_SECTIONS: a section that's purely a *list* of named mountains/peaks, each cited by its own proper name with no ""-Gebirge""/""-berg"" suffix of its own to catch by keyword (""Of the named mountains the center of Bertiskos lies at...Mt. Bermion...Mt. Olympos..."", ""Mountains in the Peloponnese Pholoe...and Stymphalos..."") - the same ""no shared pattern to regex on, so it has to be an explicit allow-list"" reasoning as the island appendix. Confirmed by topostext's own section headers; more such sections likely exist elsewhere in the catalogue, not yet found because their books haven't been cross-referenced yet. [Paryardes(NW/SO-Ende)/Udakespes(Mitte)/Anti-Tauros in Gross-Armenien(Mitte)/Abos(Mitte)/Gordyaische Berge(Mitte) - Greater Armenia's named mountains (topostext: ""The named mountains of Armenia are the Moschika...and Paryardes...and the Oudakespes mountain...and the part of Antitauros...and the so-called Abos mountain...and the Gordyaia mountains..."")]"
5.13.06,5,5.13,06,AS03,Hyrkanisches Meer,Hyrkanisches Meer | Kaspisches Gebirge | Euphrat (Biegung nach Osten),,coast section,
5.13.07,5,5.13,07,AS03,Euphrat,"Euphrat | Gross-Armenien | Tigris | Grenzpunkt (Assyrien, Gross-Armenien, Mesopotamien)",,inland,
5.13.08,5,5.13,08,AS03,Lychnitis-See (Mitte),,,inland,
5.13.10,5,5.13,10,AS03,Sala,,The cities in this section are:  Sala .,inland,
5.13.11,5,5.13,11,AS03,Cholua (Chulua),,Choloua .,inland,
5.13.12,5,5.13,12,AS03,Euphrat,Euphrat | Araxes,along the Euphrates [Araxes is meant?] river:  Brepos .,inland,
5.13.14,5,5.13,14,AS03,Athua (Zathua),,The cities in this section are:  Athoua (or Zathoua) .,inland,
5.13.15,5,5.13,15,AS03,Kubina,,Koubina .,inland,
5.13.16,5,5.13,16,AS03,Kitamon,,Kitamon .,inland,
5.13.17,5,5.13,17,AS03,Astakana,,Astakana .,inland,
5.13.19,5,5.13,19,AS03,Legerda,,The cities in this section:  Elegerda (or Klegerda) .,inland,
5.13.21,5,5.13,21,AS03,Taska,,The cities in this part:  Taska .,inland,
5.13.22,5,5.13,22,AS03,Gordinesia,,[And below this Gorynesia] or Gordyene .,inland,
5.14.01,5,5.14,01,AS04,Zypern,Zypern | Pamphylisches Meer,,coast section,
5.14.02,5,5.14,02,AS04,Ägyptisches Meer,Ägyptisches Meer | Syrisches Meer | Kap Drepanon,,coast section,
5.14.03,5,5.14,03,AS04,Syrisches Meer,Syrisches Meer | Kap Thronoi,,coast section,
5.14.04,5,5.14,04,AS04,Kilikische Enge,Kilikische Enge | Gerumoia ,,coast section,"Found the same way again, this time by the user directly (asked for a side-by-side table of book.map ""5.05.02""/""5.05.03""/""5.08.02"" to see why they weren't coastal): Kilikia Tracheia's own western coast, between Side (the Eurasian arc's own long-unconfirmed loose end) and Anemurion. Section ""5.05.03"" is headed ""Coast of Kilikia Tracheia"" (topostext §5.5.3) - literally ""coast"", just naming a district instead of a sea. Section ""5.08.02"" is headed ""In Selinitis of Kilikia Tracheia"" (topostext §5.8.2), a sub-district within the same coast - confirmed by §5.8.1's own transition line: ""with the following description: from Syedra, a city of Pamphylia, along the *coast*:"". Longitude rises monotonically the whole way - Side 63.42 -> Korakesion 63.58 -> Syedra 63.83 -> Iotape 64.00 -> Selinus 64.33 -> Antiocheia 64.67 -> Nephelis 64.83 -> Anemurion 65.17 - a real coastal walk, not a coincidence. This closes the Side<->Anemurion gap with genuine data instead of the dashed schematic bridge used since the twenty-eighth round (see static_map.py's own now-removed _ANEMURION bridge logic)."
5.14.06,5,5.14,06,AS04,Chytros,,,inland,
5.14.07,5,5.14,07,AS04,Zypern,Zypern,,island,"The following five were confirmed against topostext.org/work/209's English translation, which states outright ""the Ebuda islands..."", ""the islands which are near Albion island..."", etc. - independent of our own Modern_location-based guessing. [Kleiden/Karpasische Inseln - the two island groups off Cyprus's own coast (topostext: ""The islands on its coast are those called Cleides..."" then ""the Karpasian islands"") - ""Karpasische Inseln"" already matched `_ISLAND_RE` on its own name (""Inseln""), but ""Kleiden"" (Cleides), a bare proper name, fell through to `city`]"
5.15.02,5,5.15,02,AS04,Syrisches Meer,Syrisches Meer | Issos | Kilikische Pforten | Syrien | Pieria,,coast section,
5.15.03,5,5.15,03,AS04,Orontes-Mündung,,,coast section,"The Levant's own coast (book.map ""5.15"", Syria/Phoenicia/Palestine): found by the user noticing Sidon, Tyros and Byblos plotting inland in a rendered map (""real coastal cities... doesn't topostext give context that these sit along the water?""). Section ""02"" is headed ""Syrisches Meer"" and correctly coastal (Alexandreia bei Issos, Myriandros, Rhosos...), but sections ""03"" through ""05"" continue the same walk without repeating that header - topostext confirms one unbroken run: ""mouth of the Orontes river...Poseidion...Herakleia... Laodikeia...Gabala...Paltos...Balaneai"" straight into ""Phoinike: mouth of Eleutheros river...Simyra...Orthosia...Tripolis...Theou prosopon promontory...Botrys...Byblos...mouth of the Adonis river"" straight into ""Berytos...mouth of the Leon river...Sidon...Tyros... Ekdippa...Ptolemais...Sykaminon...Karmelos mountain...Dora...mouth of the Chorseos river"" - matching the catalogue's own item order exactly. Section ""06"" resumes with Judaea's own inland boundary description (Grenzpunkt entries, correctly `city`) - the gap is cleanly bounded to these three sections."
5.15.04,5,5.15,04,AS04,Phoinikien,Phoinikien,,coast section,"The Levant's own coast (book.map ""5.15"", Syria/Phoenicia/Palestine): found by the user noticing Sidon, Tyros and Byblos plotting inland in a rendered map (""real coastal cities... doesn't topostext give context that these sit along the water?""). Section ""02"" is headed ""Syrisches Meer"" and correctly coastal (Alexandreia bei Issos, Myriandros, Rhosos...), but sections ""03"" through ""05"" continue the same walk without repeating that header - topostext confirms one unbroken run: ""mouth of the Orontes river...Poseidion...Herakleia... Laodikeia...Gabala...Paltos...Balaneai"" straight into ""Phoinike: mouth of Eleutheros river...Simyra...Orthosia...Tripolis...Theou prosopon promontory...Botrys...Byblos...mouth of the Adonis river"" straight into ""Berytos...mouth of the Leon river...Sidon...Tyros... Ekdippa...Ptolemais...Sykaminon...Karmelos mountain...Dora...mouth of the Chorseos river"" - matching the catalogue's own item order exactly. Section ""06"" resumes with Judaea's own inland boundary description (Grenzpunkt entries, correctly `city`) - the gap is cleanly bounded to these three sections."
5.15.05,5,5.15,05,AS04,Berytos,,,coast section,"The Levant's own coast (book.map ""5.15"", Syria/Phoenicia/Palestine): found by the user noticing Sidon, Tyros and Byblos plotting inland in a rendered map (""real coastal cities... doesn't topostext give context that these sit along the water?""). Section ""02"" is headed ""Syrisches Meer"" and correctly coastal (Alexandreia bei Issos, Myriandros, Rhosos...), but sections ""03"" through ""05"" continue the same walk without repeating that header - topostext confirms one unbroken run: ""mouth of the Orontes river...Poseidion...Herakleia... Laodikeia...Gabala...Paltos...Balaneai"" straight into ""Phoinike: mouth of Eleutheros river...Simyra...Orthosia...Tripolis...Theou prosopon promontory...Botrys...Byblos...mouth of the Adonis river"" straight into ""Berytos...mouth of the Leon river...Sidon...Tyros... Ekdippa...Ptolemais...Sykaminon...Karmelos mountain...Dora...mouth of the Chorseos river"" - matching the catalogue's own item order exactly. Section ""06"" resumes with Judaea's own inland boundary description (Grenzpunkt entries, correctly `city`) - the gap is cleanly bounded to these three sections."
5.15.06,5,5.15,06,AS04,Judäa,Judäa | Arabia Petraea | Arabia Deserta,,inland,
5.15.07,5,5.15,07,AS04,Arabia Deserta,Arabia Deserta | Thapsakos | Euphrat | Mesopotamien | Kappadokien,,inland,
5.15.08,5,5.15,08,AS04,Syrien,Syrien | Arabia Deserta | Judäa,,mountain,"The mountain-side counterpart of _ISLAND_APPENDIX_SECTIONS: a section that's purely a *list* of named mountains/peaks, each cited by its own proper name with no ""-Gebirge""/""-berg"" suffix of its own to catch by keyword (""Of the named mountains the center of Bertiskos lies at...Mt. Bermion...Mt. Olympos..."", ""Mountains in the Peloponnese Pholoe...and Stymphalos..."") - the same ""no shared pattern to regex on, so it has to be an explicit allow-list"" reasoning as the island appendix. Confirmed by topostext's own section headers; more such sections likely exist elsewhere in the catalogue, not yet found because their books haven't been cross-referenced yet. [Pieria(Mitte)/Kassios(Mitte)/Libanos(W/O-Ende)/Antilibanos(W/O-Ende)/Alsadamos(Mitte)/Hippos(Mitte) - Syria's named mountains (topostext: ""The noteworthy mountains in Syria are Pieria mountain, midpoint...and Kassios mountain...and Libanos...and Antilibanos...and beside Arabia Deserta Mt. Alsadamos...Near Judaia Mt. Hippos..."")]"
5.15.09,5,5.15,09,AS04,Palmyra,Palmyra | Damaskos | Jordanes | Pieria,,inland,
5.15.10,5,5.15,10,AS04,Syrien,Syrien | Kommagene | Tauros-Gebirge,"The cities in the Syrian interior beginning on the north, are, in Kommagene:  Arake .",inland,
5.15.11,5,5.15,11,AS04,Euphrat,Euphrat,And near the Euphrates river:  Cholmadara .,inland,
5.15.12,5,5.15,12,AS04,Pieria,Pieria,The cities in Pieria:  Pinara .,inland,
5.15.13,5,5.15,13,AS04,Kyrrhestike,Kyrrhestike,The cities in Kyrrhestike:  Ariseria .,inland,
5.15.14,5,5.15,14,AS04,Euphrat,Euphrat,The cities on the Euphrates:  Ourima .,inland,
5.15.15,5,5.15,15,AS04,Seleukis,Seleukis,The cities in Seleukis:  Gephyra .,inland,
5.15.16,5,5.15,16,AS04,Kassiotis,Kassiotis | Orontes | Belos,The cities in Kasiotis:  Antiocheia on the Orontes river .,inland,
5.15.17,5,5.15,17,AS04,Chalybonitis,Chalybonitis | Euphrat,The cities in Chalybonitis:  Thema .,inland,
5.15.18,5,5.15,18,AS04,Chalkidike,Chalkidike,The cities in Chalkidike:  Chalkis .,inland,
5.15.19,5,5.15,19,AS04,Apamene,Apamene | Orontes,The cities in Apamene:  Nazaba or Nazama .,inland,
5.15.20,5,5.15,20,AS04,Laodikene,Laodikene,Towns in Laodikene:  Skabiosa Laodikeia .,inland,
5.15.21,5,5.15,21,AS04,Phoinikien,Phoinikien | Jordanes-Quelle,The inland cities in Phoinike:  Arka .,inland,
5.15.22,5,5.15,22,AS04,Koile Syria,Koile Syria | Dekapolis,The cities of the Dekapolis of Koile Syria:  Heliou Polis .,inland,
5.15.23,5,5.15,23,AS04,Adra,,Adra .,inland,
5.15.24,5,5.15,24,AS04,Palmyrene,Palmyrene,The cities in Palmyrene:  Resapha .,inland,
5.15.25,5,5.15,25,AS04,Euphrat,Euphrat,The cities on the Euphrates:  Alalis .,inland,
5.15.26,5,5.15,26,AS04,Batanaia,Batanaia | Sakkaia (Sakia) | Alsadamos-Gebirge | Arabische Trachoniten,"In the Batanaia country, east of which is Sakkaia, below Mt. Alsadamos, the Trachonitai Arabs:  Gerra .",inland,
5.15.27,5,5.15,27,AS04,Syrien,Syrien,Islands off Syria:  Arados .,island,"The following five were confirmed against topostext.org/work/209's English translation, which states outright ""the Ebuda islands..."", ""the islands which are near Albion island..."", etc. - independent of our own Modern_location-based guessing. [Arados/Tyros - the islands off Syria (topostext: ""Islands off Syria: Arados...and Tyros just offshore"") - this ""Tyros"" is the offshore islet citation, distinct from the mainland coastal city of the same name already catalogued at 5.15.05]"
5.16.01,5,5.16,01,AS04,Palästina bzw. Judäa,"Palästina bzw. Judäa | Syrien | Arabia Petraea | Grenzpunkt (Arabia Petraea, Judäa, Syrien) | Ägypten | Syrisches Meer",,coast section,
5.16.02,5,5.16,02,AS04,Chorseas-Mündung,Chorseas-Mündung | Gazaier,,coast section,"Found the same way again, this time by the user directly (asked for a side-by-side table of book.map ""5.05.02""/""5.05.03""/""5.08.02"" to see why they weren't coastal): Kilikia Tracheia's own western coast, between Side (the Eurasian arc's own long-unconfirmed loose end) and Anemurion. Section ""5.05.03"" is headed ""Coast of Kilikia Tracheia"" (topostext §5.5.3) - literally ""coast"", just naming a district instead of a sea. Section ""5.08.02"" is headed ""In Selinitis of Kilikia Tracheia"" (topostext §5.8.2), a sub-district within the same coast - confirmed by §5.8.1's own transition line: ""with the following description: from Syedra, a city of Pamphylia, along the *coast*:"". Longitude rises monotonically the whole way - Side 63.42 -> Korakesion 63.58 -> Syedra 63.83 -> Iotape 64.00 -> Selinus 64.33 -> Antiocheia 64.67 -> Nephelis 64.83 -> Anemurion 65.17 - a real coastal walk, not a coincidence. This closes the Side<->Anemurion gap with genuine data instead of the dashed schematic bridge used since the twenty-eighth round (see static_map.py's own now-removed _ANEMURION bridge logic)."
5.16.03,5,5.16,03,AS04,Judäa,Judäa | Jordanes,,inland,
5.16.04,5,5.16,04,AS04,Galiläa,Galiläa,,inland,
5.16.05,5,5.16,05,AS04,Samaria,Samaria,,inland,
5.16.06,5,5.16,06,AS04,Judäa,Judäa | Jordanes,,inland,
5.16.07,5,5.16,07,AS04,Emmaus (Emmaounta),,,inland,
5.16.08,5,5.16,08,AS04,Hierosolyma* bzw. Aelia Capitolina*,,,inland,
5.16.09,5,5.16,09,AS04,Jordanes,Jordanes,,inland,
5.16.10,5,5.16,10,AS04,Idumäa,Idumäa | Jordanes,"Of Idoumaia, which is all to the west of the Jordan river:  Berzama .",inland,
5.17.01,5,5.17,01,AS04,Arabia Petraea,"Arabia Petraea | Ägypten | Palästina bzw. Judäa | Syrien | Heroonpolitanischer Golf | Grenzpunkt (Ägypten, Arabia Petraea) | Elanitischer Golf",,coast section,
5.17.02,5,5.17,02,AS04,Syrien,"Syrien | Grenzpunkt (Arabia Deserta, Arabia Petraea, Syrien) | Arabia Felix | Arabia Deserta",,inland,
5.17.04,5,5.17,04,AS04,Eboda,,,inland,
5.17.05,5,5.17,05,AS04,Petra*,,,inland,
5.17.06,5,5.17,06,AS04,Esbuta,,,inland,
5.17.07,5,5.17,07,AS04,Surattha,,,inland,
5.18.01,5,5.18,01,AS04,Mesopotamien,"Mesopotamien | Gross-Armenien | Euphrat | Syrien | Tigris | Tigris (Grenzpunkt Armenien, Assyrien Mesopotamien) | Arabia Deserta | Babylonien",,inland,
5.18.02,5,5.18,02,AS04,Mesopotamien,Mesopotamien,,mountain,"The mountain-side counterpart of _ISLAND_APPENDIX_SECTIONS: a section that's purely a *list* of named mountains/peaks, each cited by its own proper name with no ""-Gebirge""/""-berg"" suffix of its own to catch by keyword (""Of the named mountains the center of Bertiskos lies at...Mt. Bermion...Mt. Olympos..."", ""Mountains in the Peloponnese Pholoe...and Stymphalos..."") - the same ""no shared pattern to regex on, so it has to be an explicit allow-list"" reasoning as the island appendix. Confirmed by topostext's own section headers; more such sections likely exist elsewhere in the catalogue, not yet found because their books haven't been cross-referenced yet. [Masion(Mitte)/Singaras - Mesopotamia's named mountains (topostext: ""The named mountains in Mesopotamia are Masion mountain, midpoint...and Singaras"")]"
5.18.03,5,5.18,03,AS04,Chaboras-Quellen,,,inland,
5.18.05,5,5.18,05,AS04,Mesopotamien,Mesopotamien | Euphrat,,inland,
5.18.06,5,5.18,06,AS04,Nikephorion*,,,inland,
5.18.07,5,5.18,07,AS04,Agamana,,,inland,
5.18.08,5,5.18,08,AS04,Babylon,Babylon | Königsfluss,,inland,
5.18.09,5,5.18,09,AS04,Tigris,Tigris | Seleukeia | Königsfluss (Einmündung in Tigris)/Tigris (Einmündung des Königsflusses),,inland,
5.18.10,5,5.18,10,AS04,Bithias,,Below which is the junction of the Basileios river and the Tigris near Middle Country;  In the rest of Middle Country the following cities:  Bithias .,inland,
5.18.11,5,5.18,11,AS04,Arxama (Arbaza),,Arxama (or Aroma) .,inland,
5.18.12,5,5.18,12,AS04,Karrhai,,Karrai .,inland,
5.18.13,5,5.18,13,AS04,Dabausa,,,inland,
5.19.01,5,5.19,01,AS04,Arabia Deserta,"Arabia Deserta | Mesopotamien | Euphrat | Syrien | Judäa | Arabia Petraea | Babylonien | Namenloses Bergland (AD, Bab) | Grenzpunkt (Arabia Deserta, Babylonien, Mesopotamien) | Persischer Golf | Arabia Felix | Namenloses Bergland (AD, AF) | Grenzpunkt (Arabia Deserta, Arabia Felix, Arabia Petraea)",,coast section,
5.19.03,5,5.19,03,AS04,Euphrat,Euphrat,,inland,
5.19.04,5,5.19,04,AS04,Persischer Golf,Persischer Golf,,coast section,
5.19.05,5,5.19,05,AS04,Barathena,,,inland,
5.19.06,5,5.19,06,AS04,Themme,,,inland,
5.19.07,5,5.19,07,AS04,Obaira,,,inland,
5.20.01,5,5.20,01,AS04,Babylonien,"Babylonien | Mesopotamien | Euphrat | Arabia Deserta | Namenloses Bergland (AD, Bab) | Susiane | Tigris | Persischer Golf | Grenzpunkt (Arabia Deserta, Babylonien)",,coast section,
5.20.02,5,5.20,02,AS04,Königsfluss,Königsfluss | Fluss durch Babylon | Babylon,,inland,
5.20.04,5,5.20,04,AS04,Babylonien,Babylonien | Tigris | Apameia,,inland,
5.20.05,5,5.20,05,AS04,Tigris-Mündungen,Tigris-Mündungen,,coast section,"Found the same way again, this time by the user directly (asked for a side-by-side table of book.map ""5.05.02""/""5.05.03""/""5.08.02"" to see why they weren't coastal): Kilikia Tracheia's own western coast, between Side (the Eurasian arc's own long-unconfirmed loose end) and Anemurion. Section ""5.05.03"" is headed ""Coast of Kilikia Tracheia"" (topostext §5.5.3) - literally ""coast"", just naming a district instead of a sea. Section ""5.08.02"" is headed ""In Selinitis of Kilikia Tracheia"" (topostext §5.8.2), a sub-district within the same coast - confirmed by §5.8.1's own transition line: ""with the following description: from Syedra, a city of Pamphylia, along the *coast*:"". Longitude rises monotonically the whole way - Side 63.42 -> Korakesion 63.58 -> Syedra 63.83 -> Iotape 64.00 -> Selinus 64.33 -> Antiocheia 64.67 -> Nephelis 64.83 -> Anemurion 65.17 - a real coastal walk, not a coincidence. This closes the Side<->Anemurion gap with genuine data instead of the dashed schematic bridge used since the twenty-eighth round (see static_map.py's own now-removed _ANEMURION bridge logic)."
5.20.06,5,5.20,06,AS04,Euphrat,Euphrat | Fluss durch Babylon | Naarsares,,inland,
5.20.07,5,5.20,07,AS04,Seen und Sümpfe (Naarsares und Fluss duch Babylon),Seen und Sümpfe (Naarsares und Fluss duch Babylon) | Arabia Deserta,,inland,
5.20.08,5,5.20,08,AS04,Beththana,,,inland,
6.01.01,6,6.01,01,AS05,Assyrien,Assyrien | Gross-Armenien | Niphates-Gebirge | Mesopotamien | Tigris | Susiane | Medien,,inland,
6.01.03,6,6.01,03,AS05,Tigris,Tigris | Assyrien,,inland,
6.01.04,6,6.01,04,AS05,Bethaba (Birthaba),,,inland,
6.01.05,6,6.01,05,AS05,Degia,,,inland,
6.01.06,6,6.01,06,AS05,Sura,,,inland,
6.01.07,6,6.01,07,AS05,Tigris,Tigris,,inland,
6.02.01,6,6.02,01,AS05,Medien,"Medien | Hyrkanisches Meer | Grenzpunkt (Gross-Armenien, Medien)",,coast section,
6.02.02,6,6.02,02,AS05,Charax der Kadusier,,,coast section,"Found the same way again, this time by the user directly (asked for a side-by-side table of book.map ""5.05.02""/""5.05.03""/""5.08.02"" to see why they weren't coastal): Kilikia Tracheia's own western coast, between Side (the Eurasian arc's own long-unconfirmed loose end) and Anemurion. Section ""5.05.03"" is headed ""Coast of Kilikia Tracheia"" (topostext §5.5.3) - literally ""coast"", just naming a district instead of a sea. Section ""5.08.02"" is headed ""In Selinitis of Kilikia Tracheia"" (topostext §5.8.2), a sub-district within the same coast - confirmed by §5.8.1's own transition line: ""with the following description: from Syedra, a city of Pamphylia, along the *coast*:"". Longitude rises monotonically the whole way - Side 63.42 -> Korakesion 63.58 -> Syedra 63.83 -> Iotape 64.00 -> Selinus 64.33 -> Antiocheia 64.67 -> Nephelis 64.83 -> Anemurion 65.17 - a real coastal walk, not a coincidence. This closes the Side<->Anemurion gap with genuine data instead of the dashed schematic bridge used since the twenty-eighth round (see static_map.py's own now-removed _ANEMURION bridge logic)."
6.02.03,6,6.02,03,AS05,Medien,"Medien | Gross-Armenien | Assyrien | Persis | Susiane | Grenzpunkt (Assyrien, Medien, Persis, Susiane) | Parchoathras (Parachoathras)-Gebirge (W–Teil) | Hyrkanien | Parthien",,inland,
6.02.04,6,6.02,04,AS05,Medien,Medien,,mountain,"The mountain-side counterpart of _ISLAND_APPENDIX_SECTIONS: a section that's purely a *list* of named mountains/peaks, each cited by its own proper name with no ""-Gebirge""/""-berg"" suffix of its own to catch by keyword (""Of the named mountains the center of Bertiskos lies at...Mt. Bermion...Mt. Olympos..."", ""Mountains in the Peloponnese Pholoe...and Stymphalos..."") - the same ""no shared pattern to regex on, so it has to be an explicit allow-list"" reasoning as the island appendix. Confirmed by topostext's own section headers; more such sections likely exist elsewhere in the catalogue, not yet found because their books haven't been cross-referenced yet. [Zagros(Mitte)/Orontes(Mitte)/Iasonion(Mitte) + already-""-Gebirge"" Koronos(W/O-Ende) - Media's named mountains (topostext: ""The most important mountains of Media are the Zagros, midpoint...the Orontes, midpoint...the Iasonion, midpoint...and the western part of Korono..."")]"
6.02.07,6,6.02,07,AS05,Pforte des Zagros,,,inland,
6.02.08,6,6.02,08,AS05,Medien,Medien,,inland,
6.02.09,6,6.02,09,AS05,Tonzarma (Tonzarba),,,inland,
6.02.10,6,6.02,10,AS05,Zalake,,Zalake .,inland,
6.02.11,6,6.02,11,AS05,Mandagara,,Mandagara .,inland,
6.02.12,6,6.02,12,AS05,Alisdaka,,Alisdaka .,inland,
6.02.13,6,6.02,13,AS05,Veneka,,Oueneka .,inland,
6.02.14,6,6.02,14,AS05,Akbatana* (Ekbatana*),,Ekbatana .,inland,
6.02.15,6,6.02,15,AS05,Auradis,,Auradis .,inland,
6.02.16,6,6.02,16,AS05,Arsakia*,,Arsakia .,inland,
6.02.17,6,6.02,17,AS05,Tautike,,Tautike .,inland,
6.02.18,6,6.02,18,AS05,Rhapsa,,Rapsa .,inland,
6.03.01,6,6.03,01,AS05,Susiane,"Susiane | Assyrien | Babylonien | Tigris | Persis | Grenzpunkt (Assyrien, Medien, Persis, Susiane) | Medien | Oroatis-Mündung | Persischer Golf",,coast section,
6.03.02,6,6.03,02,AS05,Babylonien,Babylonien | Susiane | Medien,,coast section,"Found the same way again, this time by the user directly (asked for a side-by-side table of book.map ""5.05.02""/""5.05.03""/""5.08.02"" to see why they weren't coastal): Kilikia Tracheia's own western coast, between Side (the Eurasian arc's own long-unconfirmed loose end) and Anemurion. Section ""5.05.03"" is headed ""Coast of Kilikia Tracheia"" (topostext §5.5.3) - literally ""coast"", just naming a district instead of a sea. Section ""5.08.02"" is headed ""In Selinitis of Kilikia Tracheia"" (topostext §5.8.2), a sub-district within the same coast - confirmed by §5.8.1's own transition line: ""with the following description: from Syedra, a city of Pamphylia, along the *coast*:"". Longitude rises monotonically the whole way - Side 63.42 -> Korakesion 63.58 -> Syedra 63.83 -> Iotape 64.00 -> Selinus 64.33 -> Antiocheia 64.67 -> Nephelis 64.83 -> Anemurion 65.17 - a real coastal walk, not a coincidence. This closes the Side<->Anemurion gap with genuine data instead of the dashed schematic bridge used since the twenty-eighth round (see static_map.py's own now-removed _ANEMURION bridge logic)."
6.03.04,6,6.03,04,AS05,Susiane,Susiane | Tigris,,inland,
6.03.05,6,6.03,05,AS05,Palinza,,,inland,
6.03.06,6,6.03,06,AS05,Susiane,Susiane,,inland,
6.04.01,6,6.04,01,AS05,Persis,"Persis | Medien | Parchoathras (Parachoathras)-Gebirge (W-Teil) | Susiane | Karmanien | Grenzpunkt (Medien, Parthien, Persis, Wüste Karmanien) | Parthien | Persischer Golf | Oroatis (Oruatis)-Mündung | Bagradas-Mündung",,coast section,
6.04.02,6,6.04,02,AS05,Oroatis (Oruatis)-Mündung,Oroatis (Oruatis)-Mündung,,coast section,"Found the same way again, this time by the user directly (asked for a side-by-side table of book.map ""5.05.02""/""5.05.03""/""5.08.02"" to see why they weren't coastal): Kilikia Tracheia's own western coast, between Side (the Eurasian arc's own long-unconfirmed loose end) and Anemurion. Section ""5.05.03"" is headed ""Coast of Kilikia Tracheia"" (topostext §5.5.3) - literally ""coast"", just naming a district instead of a sea. Section ""5.08.02"" is headed ""In Selinitis of Kilikia Tracheia"" (topostext §5.8.2), a sub-district within the same coast - confirmed by §5.8.1's own transition line: ""with the following description: from Syedra, a city of Pamphylia, along the *coast*:"". Longitude rises monotonically the whole way - Side 63.42 -> Korakesion 63.58 -> Syedra 63.83 -> Iotape 64.00 -> Selinus 64.33 -> Antiocheia 64.67 -> Nephelis 64.83 -> Anemurion 65.17 - a real coastal walk, not a coincidence. This closes the Side<->Anemurion gap with genuine data instead of the dashed schematic bridge used since the twenty-eighth round (see static_map.py's own now-removed _ANEMURION bridge logic)."
6.04.04,6,6.04,04,AS05,Persis,Persis,,inland,
6.04.05,6,6.04,05,AS05,Sukta (Vata),,,inland,
6.04.06,6,6.04,06,AS05,Batthina,,,inland,
6.04.07,6,6.04,07,AS05,Taoke*,,,inland,
6.04.08,6,6.04,08,AS05,Persis,Persis,,island,"The following five were confirmed against topostext.org/work/209's English translation, which states outright ""the Ebuda islands..."", ""the islands which are near Albion island..."", etc. - independent of our own Modern_location-based guessing. [Tabiana/Sophtha + already-island ""Insel des Alexander bzw. Arakia"" - the islands adjacent to Persis (topostext: ""Islands adjacent to Persis: Tabiana...Sophtha...Alexandrou or Arakia"")]"
6.05.01,6,6.05,01,AS05,Parthien,"Parthien | Medien | Hyrkanien | Areia | Wüste Karmanien | Parchoathras (Parachoathras)-Gebirge (O-Teil) | Grenzpunkt (Medien, Parthien, Persis, Wüste Karmanien) | Grenzpunkt (Areia, Parthien, Wüste Karmanien) | Komisene | Parthyene | Choroane | Partautekene (Arktikene) | Tabiene | Sobiden",,inland,
6.05.02,6,6.05,02,AS05,Parthien,Parthien,,inland,
6.05.03,6,6.05,03,AS05,Mysia,,,inland,
6.05.04,6,6.05,04,AS05,Pasakartia (Pasakarta),,,inland,
6.06.01,6,6.06,01,AS05,Wüste Karmanien,"Wüste Karmanien | Persis | Bagradas | Grenzpunkt (Medien, Parthien, Persis, Wüste Karmanien) | Parchoathras-Gebirge (O-Teil) | Parthien | Areia | Karmanien",,inland,
6.07.02,6,6.07,02,AS06,Elanitischer Golf,"Elanitischer Golf | Grenzpunkt
(Arabia Felix, Arabia Petraea) | Arabischer Golf",,coast section,"The coastal-walk counterpart of _NONCOASTAL_EXCEPTION_SECTIONS' mirror image: sections manually verified to be a genuine continuation of a coastal walk despite a section header that names a *tribe*, not a sea - so _COASTAL_HDR_RE never fires for them and every plain-named point falls through to the default ""city"". Found by inspection of a rendered map: the whole Arabian side of the Red Sea (book.map ""6.07"", Arabia Felix) was missing its coastline entirely, replaced by an unconnected scatter of ""city"" points, while the opposite African shore (book.map ""4.07"") was correctly traced - reported by the user as ""as if one coastline is missing, full of little islands"". Ptolemy's own catalogue narrates this coast tribe-by-tribe (""In the country of the Kinaidokolpitans..."", ""The Kassanite country..."", ""Country of the Elisarans..."") rather than re-stating ""Arabian Gulf""/""Red Sea"" at every section, and only sections 02, 08 (and a few later ones already caught by _GULF_RE on their own points) happen to carry an explicit sea-name header - topostext's English translation confirms the whole span 02-19 is one continuous coastal enumeration (""border of the Arabian Gulf in the inmost part of the Elanite gulf, Onne"" opens it; ""Country of the Adramitans"", ""Sachalites"", ""In the narrows of the Persian Gulf"" carry it on down the Arabian Sea coast and round into the Persian Gulf; section 20, the named-mountains appendix, is where it ends - already handled by _MOUNTAIN_APPENDIX_SECTIONS above). Forcing section_is_coastal here is safe even for the sections that also contain real river mouths/sources (05's ""Baitios-Quellen"", 10's ""Prion-Mündung""/springs) since _RIVERFEAT_RE/_MOUTH_RE are checked before the section-level coastal fallback ever gets a turn - only the plain harbor-town citations that had nothing else to match on are affected (Kopar, Zabram, Thebai, Badeo, Mamala, Muza, Okelis and more - several of them well-attested real Red Sea ports)."
6.07.03,6,6.07,03,AS06,Dorf der Phoiniker,,,coast section,"The coastal-walk counterpart of _NONCOASTAL_EXCEPTION_SECTIONS' mirror image: sections manually verified to be a genuine continuation of a coastal walk despite a section header that names a *tribe*, not a sea - so _COASTAL_HDR_RE never fires for them and every plain-named point falls through to the default ""city"". Found by inspection of a rendered map: the whole Arabian side of the Red Sea (book.map ""6.07"", Arabia Felix) was missing its coastline entirely, replaced by an unconnected scatter of ""city"" points, while the opposite African shore (book.map ""4.07"") was correctly traced - reported by the user as ""as if one coastline is missing, full of little islands"". Ptolemy's own catalogue narrates this coast tribe-by-tribe (""In the country of the Kinaidokolpitans..."", ""The Kassanite country..."", ""Country of the Elisarans..."") rather than re-stating ""Arabian Gulf""/""Red Sea"" at every section, and only sections 02, 08 (and a few later ones already caught by _GULF_RE on their own points) happen to carry an explicit sea-name header - topostext's English translation confirms the whole span 02-19 is one continuous coastal enumeration (""border of the Arabian Gulf in the inmost part of the Elanite gulf, Onne"" opens it; ""Country of the Adramitans"", ""Sachalites"", ""In the narrows of the Persian Gulf"" carry it on down the Arabian Sea coast and round into the Persian Gulf; section 20, the named-mountains appendix, is where it ends - already handled by _MOUNTAIN_APPENDIX_SECTIONS above). Forcing section_is_coastal here is safe even for the sections that also contain real river mouths/sources (05's ""Baitios-Quellen"", 10's ""Prion-Mündung""/springs) since _RIVERFEAT_RE/_MOUTH_RE are checked before the section-level coastal fallback ever gets a turn - only the plain harbor-town citations that had nothing else to match on are affected (Kopar, Zabram, Thebai, Badeo, Mamala, Muza, Okelis and more - several of them well-attested real Red Sea ports)."
6.07.05,6,6.07,05,AS06,Kinaidokolpiten,Kinaidokolpiten,,coast section,"The coastal-walk counterpart of _NONCOASTAL_EXCEPTION_SECTIONS' mirror image: sections manually verified to be a genuine continuation of a coastal walk despite a section header that names a *tribe*, not a sea - so _COASTAL_HDR_RE never fires for them and every plain-named point falls through to the default ""city"". Found by inspection of a rendered map: the whole Arabian side of the Red Sea (book.map ""6.07"", Arabia Felix) was missing its coastline entirely, replaced by an unconnected scatter of ""city"" points, while the opposite African shore (book.map ""4.07"") was correctly traced - reported by the user as ""as if one coastline is missing, full of little islands"". Ptolemy's own catalogue narrates this coast tribe-by-tribe (""In the country of the Kinaidokolpitans..."", ""The Kassanite country..."", ""Country of the Elisarans..."") rather than re-stating ""Arabian Gulf""/""Red Sea"" at every section, and only sections 02, 08 (and a few later ones already caught by _GULF_RE on their own points) happen to carry an explicit sea-name header - topostext's English translation confirms the whole span 02-19 is one continuous coastal enumeration (""border of the Arabian Gulf in the inmost part of the Elanite gulf, Onne"" opens it; ""Country of the Adramitans"", ""Sachalites"", ""In the narrows of the Persian Gulf"" carry it on down the Arabian Sea coast and round into the Persian Gulf; section 20, the named-mountains appendix, is where it ends - already handled by _MOUNTAIN_APPENDIX_SECTIONS above). Forcing section_is_coastal here is safe even for the sections that also contain real river mouths/sources (05's ""Baitios-Quellen"", 10's ""Prion-Mündung""/springs) since _RIVERFEAT_RE/_MOUTH_RE are checked before the section-level coastal fallback ever gets a turn - only the plain harbor-town citations that had nothing else to match on are affected (Kopar, Zabram, Thebai, Badeo, Mamala, Muza, Okelis and more - several of them well-attested real Red Sea ports)."
6.07.06,6,6.07,06,AS06,Kassaniten,Kassaniten,,coast section,"The coastal-walk counterpart of _NONCOASTAL_EXCEPTION_SECTIONS' mirror image: sections manually verified to be a genuine continuation of a coastal walk despite a section header that names a *tribe*, not a sea - so _COASTAL_HDR_RE never fires for them and every plain-named point falls through to the default ""city"". Found by inspection of a rendered map: the whole Arabian side of the Red Sea (book.map ""6.07"", Arabia Felix) was missing its coastline entirely, replaced by an unconnected scatter of ""city"" points, while the opposite African shore (book.map ""4.07"") was correctly traced - reported by the user as ""as if one coastline is missing, full of little islands"". Ptolemy's own catalogue narrates this coast tribe-by-tribe (""In the country of the Kinaidokolpitans..."", ""The Kassanite country..."", ""Country of the Elisarans..."") rather than re-stating ""Arabian Gulf""/""Red Sea"" at every section, and only sections 02, 08 (and a few later ones already caught by _GULF_RE on their own points) happen to carry an explicit sea-name header - topostext's English translation confirms the whole span 02-19 is one continuous coastal enumeration (""border of the Arabian Gulf in the inmost part of the Elanite gulf, Onne"" opens it; ""Country of the Adramitans"", ""Sachalites"", ""In the narrows of the Persian Gulf"" carry it on down the Arabian Sea coast and round into the Persian Gulf; section 20, the named-mountains appendix, is where it ends - already handled by _MOUNTAIN_APPENDIX_SECTIONS above). Forcing section_is_coastal here is safe even for the sections that also contain real river mouths/sources (05's ""Baitios-Quellen"", 10's ""Prion-Mündung""/springs) since _RIVERFEAT_RE/_MOUTH_RE are checked before the section-level coastal fallback ever gets a turn - only the plain harbor-town citations that had nothing else to match on are affected (Kopar, Zabram, Thebai, Badeo, Mamala, Muza, Okelis and more - several of them well-attested real Red Sea ports)."
6.07.07,6,6.07,07,AS06,Alisarer (Elesarer),Alisarer (Elesarer),,coast section,"The coastal-walk counterpart of _NONCOASTAL_EXCEPTION_SECTIONS' mirror image: sections manually verified to be a genuine continuation of a coastal walk despite a section header that names a *tribe*, not a sea - so _COASTAL_HDR_RE never fires for them and every plain-named point falls through to the default ""city"". Found by inspection of a rendered map: the whole Arabian side of the Red Sea (book.map ""6.07"", Arabia Felix) was missing its coastline entirely, replaced by an unconnected scatter of ""city"" points, while the opposite African shore (book.map ""4.07"") was correctly traced - reported by the user as ""as if one coastline is missing, full of little islands"". Ptolemy's own catalogue narrates this coast tribe-by-tribe (""In the country of the Kinaidokolpitans..."", ""The Kassanite country..."", ""Country of the Elisarans..."") rather than re-stating ""Arabian Gulf""/""Red Sea"" at every section, and only sections 02, 08 (and a few later ones already caught by _GULF_RE on their own points) happen to carry an explicit sea-name header - topostext's English translation confirms the whole span 02-19 is one continuous coastal enumeration (""border of the Arabian Gulf in the inmost part of the Elanite gulf, Onne"" opens it; ""Country of the Adramitans"", ""Sachalites"", ""In the narrows of the Persian Gulf"" carry it on down the Arabian Sea coast and round into the Persian Gulf; section 20, the named-mountains appendix, is where it ends - already handled by _MOUNTAIN_APPENDIX_SECTIONS above). Forcing section_is_coastal here is safe even for the sections that also contain real river mouths/sources (05's ""Baitios-Quellen"", 10's ""Prion-Mündung""/springs) since _RIVERFEAT_RE/_MOUTH_RE are checked before the section-level coastal fallback ever gets a turn - only the plain harbor-town citations that had nothing else to match on are affected (Kopar, Zabram, Thebai, Badeo, Mamala, Muza, Okelis and more - several of them well-attested real Red Sea ports)."
6.07.08,6,6.07,08,AS06,Rotes Meer,Rotes Meer | Meerenge des Arabischen Golfes,,coast section,"The coastal-walk counterpart of _NONCOASTAL_EXCEPTION_SECTIONS' mirror image: sections manually verified to be a genuine continuation of a coastal walk despite a section header that names a *tribe*, not a sea - so _COASTAL_HDR_RE never fires for them and every plain-named point falls through to the default ""city"". Found by inspection of a rendered map: the whole Arabian side of the Red Sea (book.map ""6.07"", Arabia Felix) was missing its coastline entirely, replaced by an unconnected scatter of ""city"" points, while the opposite African shore (book.map ""4.07"") was correctly traced - reported by the user as ""as if one coastline is missing, full of little islands"". Ptolemy's own catalogue narrates this coast tribe-by-tribe (""In the country of the Kinaidokolpitans..."", ""The Kassanite country..."", ""Country of the Elisarans..."") rather than re-stating ""Arabian Gulf""/""Red Sea"" at every section, and only sections 02, 08 (and a few later ones already caught by _GULF_RE on their own points) happen to carry an explicit sea-name header - topostext's English translation confirms the whole span 02-19 is one continuous coastal enumeration (""border of the Arabian Gulf in the inmost part of the Elanite gulf, Onne"" opens it; ""Country of the Adramitans"", ""Sachalites"", ""In the narrows of the Persian Gulf"" carry it on down the Arabian Sea coast and round into the Persian Gulf; section 20, the named-mountains appendix, is where it ends - already handled by _MOUNTAIN_APPENDIX_SECTIONS above). Forcing section_is_coastal here is safe even for the sections that also contain real river mouths/sources (05's ""Baitios-Quellen"", 10's ""Prion-Mündung""/springs) since _RIVERFEAT_RE/_MOUTH_RE are checked before the section-level coastal fallback ever gets a turn - only the plain harbor-town citations that had nothing else to match on are affected (Kopar, Zabram, Thebai, Badeo, Mamala, Muza, Okelis and more - several of them well-attested real Red Sea ports)."
6.07.09,6,6.07,09,AS06,Homeriten,Homeriten,,coast section,"The coastal-walk counterpart of _NONCOASTAL_EXCEPTION_SECTIONS' mirror image: sections manually verified to be a genuine continuation of a coastal walk despite a section header that names a *tribe*, not a sea - so _COASTAL_HDR_RE never fires for them and every plain-named point falls through to the default ""city"". Found by inspection of a rendered map: the whole Arabian side of the Red Sea (book.map ""6.07"", Arabia Felix) was missing its coastline entirely, replaced by an unconnected scatter of ""city"" points, while the opposite African shore (book.map ""4.07"") was correctly traced - reported by the user as ""as if one coastline is missing, full of little islands"". Ptolemy's own catalogue narrates this coast tribe-by-tribe (""In the country of the Kinaidokolpitans..."", ""The Kassanite country..."", ""Country of the Elisarans..."") rather than re-stating ""Arabian Gulf""/""Red Sea"" at every section, and only sections 02, 08 (and a few later ones already caught by _GULF_RE on their own points) happen to carry an explicit sea-name header - topostext's English translation confirms the whole span 02-19 is one continuous coastal enumeration (""border of the Arabian Gulf in the inmost part of the Elanite gulf, Onne"" opens it; ""Country of the Adramitans"", ""Sachalites"", ""In the narrows of the Persian Gulf"" carry it on down the Arabian Sea coast and round into the Persian Gulf; section 20, the named-mountains appendix, is where it ends - already handled by _MOUNTAIN_APPENDIX_SECTIONS above). Forcing section_is_coastal here is safe even for the sections that also contain real river mouths/sources (05's ""Baitios-Quellen"", 10's ""Prion-Mündung""/springs) since _RIVERFEAT_RE/_MOUTH_RE are checked before the section-level coastal fallback ever gets a turn - only the plain harbor-town citations that had nothing else to match on are affected (Kopar, Zabram, Thebai, Badeo, Mamala, Muza, Okelis and more - several of them well-attested real Red Sea ports)."
6.07.10,6,6.07,10,AS06,Adramiten (Adrapten),Adramiten (Adrapten),Country of the Adramitans  Ebisma city .,coast section,"The coastal-walk counterpart of _NONCOASTAL_EXCEPTION_SECTIONS' mirror image: sections manually verified to be a genuine continuation of a coastal walk despite a section header that names a *tribe*, not a sea - so _COASTAL_HDR_RE never fires for them and every plain-named point falls through to the default ""city"". Found by inspection of a rendered map: the whole Arabian side of the Red Sea (book.map ""6.07"", Arabia Felix) was missing its coastline entirely, replaced by an unconnected scatter of ""city"" points, while the opposite African shore (book.map ""4.07"") was correctly traced - reported by the user as ""as if one coastline is missing, full of little islands"". Ptolemy's own catalogue narrates this coast tribe-by-tribe (""In the country of the Kinaidokolpitans..."", ""The Kassanite country..."", ""Country of the Elisarans..."") rather than re-stating ""Arabian Gulf""/""Red Sea"" at every section, and only sections 02, 08 (and a few later ones already caught by _GULF_RE on their own points) happen to carry an explicit sea-name header - topostext's English translation confirms the whole span 02-19 is one continuous coastal enumeration (""border of the Arabian Gulf in the inmost part of the Elanite gulf, Onne"" opens it; ""Country of the Adramitans"", ""Sachalites"", ""In the narrows of the Persian Gulf"" carry it on down the Arabian Sea coast and round into the Persian Gulf; section 20, the named-mountains appendix, is where it ends - already handled by _MOUNTAIN_APPENDIX_SECTIONS above). Forcing section_is_coastal here is safe even for the sections that also contain real river mouths/sources (05's ""Baitios-Quellen"", 10's ""Prion-Mündung""/springs) since _RIVERFEAT_RE/_MOUTH_RE are checked before the section-level coastal fallback ever gets a turn - only the plain harbor-town citations that had nothing else to match on are affected (Kopar, Zabram, Thebai, Badeo, Mamala, Muza, Okelis and more - several of them well-attested real Red Sea ports)."
6.07.11,6,6.07,11,AS06,Sachaliten,Sachaliten | Sachalitischer Golf,Sachalites Metakon kome .,coast section,"The coastal-walk counterpart of _NONCOASTAL_EXCEPTION_SECTIONS' mirror image: sections manually verified to be a genuine continuation of a coastal walk despite a section header that names a *tribe*, not a sea - so _COASTAL_HDR_RE never fires for them and every plain-named point falls through to the default ""city"". Found by inspection of a rendered map: the whole Arabian side of the Red Sea (book.map ""6.07"", Arabia Felix) was missing its coastline entirely, replaced by an unconnected scatter of ""city"" points, while the opposite African shore (book.map ""4.07"") was correctly traced - reported by the user as ""as if one coastline is missing, full of little islands"". Ptolemy's own catalogue narrates this coast tribe-by-tribe (""In the country of the Kinaidokolpitans..."", ""The Kassanite country..."", ""Country of the Elisarans..."") rather than re-stating ""Arabian Gulf""/""Red Sea"" at every section, and only sections 02, 08 (and a few later ones already caught by _GULF_RE on their own points) happen to carry an explicit sea-name header - topostext's English translation confirms the whole span 02-19 is one continuous coastal enumeration (""border of the Arabian Gulf in the inmost part of the Elanite gulf, Onne"" opens it; ""Country of the Adramitans"", ""Sachalites"", ""In the narrows of the Persian Gulf"" carry it on down the Arabian Sea coast and round into the Persian Gulf; section 20, the named-mountains appendix, is where it ends - already handled by _MOUNTAIN_APPENDIX_SECTIONS above). Forcing section_is_coastal here is safe even for the sections that also contain real river mouths/sources (05's ""Baitios-Quellen"", 10's ""Prion-Mündung""/springs) since _RIVERFEAT_RE/_MOUTH_RE are checked before the section-level coastal fallback ever gets a turn - only the plain harbor-town citations that had nothing else to match on are affected (Kopar, Zabram, Thebai, Badeo, Mamala, Muza, Okelis and more - several of them well-attested real Red Sea ports)."
6.07.12,6,6.07,12,AS06,Persischer Golf,Persischer Golf | Arabia Felix,In the narrows of the Persian Gulf Kryptos harbor .,coast section,"The coastal-walk counterpart of _NONCOASTAL_EXCEPTION_SECTIONS' mirror image: sections manually verified to be a genuine continuation of a coastal walk despite a section header that names a *tribe*, not a sea - so _COASTAL_HDR_RE never fires for them and every plain-named point falls through to the default ""city"". Found by inspection of a rendered map: the whole Arabian side of the Red Sea (book.map ""6.07"", Arabia Felix) was missing its coastline entirely, replaced by an unconnected scatter of ""city"" points, while the opposite African shore (book.map ""4.07"") was correctly traced - reported by the user as ""as if one coastline is missing, full of little islands"". Ptolemy's own catalogue narrates this coast tribe-by-tribe (""In the country of the Kinaidokolpitans..."", ""The Kassanite country..."", ""Country of the Elisarans..."") rather than re-stating ""Arabian Gulf""/""Red Sea"" at every section, and only sections 02, 08 (and a few later ones already caught by _GULF_RE on their own points) happen to carry an explicit sea-name header - topostext's English translation confirms the whole span 02-19 is one continuous coastal enumeration (""border of the Arabian Gulf in the inmost part of the Elanite gulf, Onne"" opens it; ""Country of the Adramitans"", ""Sachalites"", ""In the narrows of the Persian Gulf"" carry it on down the Arabian Sea coast and round into the Persian Gulf; section 20, the named-mountains appendix, is where it ends - already handled by _MOUNTAIN_APPENDIX_SECTIONS above). Forcing section_is_coastal here is safe even for the sections that also contain real river mouths/sources (05's ""Baitios-Quellen"", 10's ""Prion-Mündung""/springs) since _RIVERFEAT_RE/_MOUTH_RE are checked before the section-level coastal fallback ever gets a turn - only the plain harbor-town citations that had nothing else to match on are affected (Kopar, Zabram, Thebai, Badeo, Mamala, Muza, Okelis and more - several of them well-attested real Red Sea ports)."
6.07.13,6,6.07,13,AS06,Baitios-Mündung –> 6.7.5,,Coastal rivers:  Baitios river .,coast section,"The coastal-walk counterpart of _NONCOASTAL_EXCEPTION_SECTIONS' mirror image: sections manually verified to be a genuine continuation of a coastal walk despite a section header that names a *tribe*, not a sea - so _COASTAL_HDR_RE never fires for them and every plain-named point falls through to the default ""city"". Found by inspection of a rendered map: the whole Arabian side of the Red Sea (book.map ""6.07"", Arabia Felix) was missing its coastline entirely, replaced by an unconnected scatter of ""city"" points, while the opposite African shore (book.map ""4.07"") was correctly traced - reported by the user as ""as if one coastline is missing, full of little islands"". Ptolemy's own catalogue narrates this coast tribe-by-tribe (""In the country of the Kinaidokolpitans..."", ""The Kassanite country..."", ""Country of the Elisarans..."") rather than re-stating ""Arabian Gulf""/""Red Sea"" at every section, and only sections 02, 08 (and a few later ones already caught by _GULF_RE on their own points) happen to carry an explicit sea-name header - topostext's English translation confirms the whole span 02-19 is one continuous coastal enumeration (""border of the Arabian Gulf in the inmost part of the Elanite gulf, Onne"" opens it; ""Country of the Adramitans"", ""Sachalites"", ""In the narrows of the Persian Gulf"" carry it on down the Arabian Sea coast and round into the Persian Gulf; section 20, the named-mountains appendix, is where it ends - already handled by _MOUNTAIN_APPENDIX_SECTIONS above). Forcing section_is_coastal here is safe even for the sections that also contain real river mouths/sources (05's ""Baitios-Quellen"", 10's ""Prion-Mündung""/springs) since _RIVERFEAT_RE/_MOUTH_RE are checked before the section-level coastal fallback ever gets a turn - only the plain harbor-town citations that had nothing else to match on are affected (Kopar, Zabram, Thebai, Badeo, Mamala, Muza, Okelis and more - several of them well-attested real Red Sea ports)."
6.07.14,6,6.07,14,AS06,Persischer Golf,Persischer Golf | Ichthyophagen | Buchten der Ichthyophagen | Maken (Makaien) | Nareiten (Tamariten),"Of the Persian Gulf; in the widely extended gulfs of the Ichthyophagi, in which are the Makai and then the Nareitai:  Regma city .",coast section,"The coastal-walk counterpart of _NONCOASTAL_EXCEPTION_SECTIONS' mirror image: sections manually verified to be a genuine continuation of a coastal walk despite a section header that names a *tribe*, not a sea - so _COASTAL_HDR_RE never fires for them and every plain-named point falls through to the default ""city"". Found by inspection of a rendered map: the whole Arabian side of the Red Sea (book.map ""6.07"", Arabia Felix) was missing its coastline entirely, replaced by an unconnected scatter of ""city"" points, while the opposite African shore (book.map ""4.07"") was correctly traced - reported by the user as ""as if one coastline is missing, full of little islands"". Ptolemy's own catalogue narrates this coast tribe-by-tribe (""In the country of the Kinaidokolpitans..."", ""The Kassanite country..."", ""Country of the Elisarans..."") rather than re-stating ""Arabian Gulf""/""Red Sea"" at every section, and only sections 02, 08 (and a few later ones already caught by _GULF_RE on their own points) happen to carry an explicit sea-name header - topostext's English translation confirms the whole span 02-19 is one continuous coastal enumeration (""border of the Arabian Gulf in the inmost part of the Elanite gulf, Onne"" opens it; ""Country of the Adramitans"", ""Sachalites"", ""In the narrows of the Persian Gulf"" carry it on down the Arabian Sea coast and round into the Persian Gulf; section 20, the named-mountains appendix, is where it ends - already handled by _MOUNTAIN_APPENDIX_SECTIONS above). Forcing section_is_coastal here is safe even for the sections that also contain real river mouths/sources (05's ""Baitios-Quellen"", 10's ""Prion-Mündung""/springs) since _RIVERFEAT_RE/_MOUTH_RE are checked before the section-level coastal fallback ever gets a turn - only the plain harbor-town citations that had nothing else to match on are affected (Kopar, Zabram, Thebai, Badeo, Mamala, Muza, Okelis and more - several of them well-attested real Red Sea ports)."
6.07.15,6,6.07,15,AS06,Aigaier (Etaier),Aigaier (Etaier),then of the Attaians:  Sarkoa city .,coast section,"The coastal-walk counterpart of _NONCOASTAL_EXCEPTION_SECTIONS' mirror image: sections manually verified to be a genuine continuation of a coastal walk despite a section header that names a *tribe*, not a sea - so _COASTAL_HDR_RE never fires for them and every plain-named point falls through to the default ""city"". Found by inspection of a rendered map: the whole Arabian side of the Red Sea (book.map ""6.07"", Arabia Felix) was missing its coastline entirely, replaced by an unconnected scatter of ""city"" points, while the opposite African shore (book.map ""4.07"") was correctly traced - reported by the user as ""as if one coastline is missing, full of little islands"". Ptolemy's own catalogue narrates this coast tribe-by-tribe (""In the country of the Kinaidokolpitans..."", ""The Kassanite country..."", ""Country of the Elisarans..."") rather than re-stating ""Arabian Gulf""/""Red Sea"" at every section, and only sections 02, 08 (and a few later ones already caught by _GULF_RE on their own points) happen to carry an explicit sea-name header - topostext's English translation confirms the whole span 02-19 is one continuous coastal enumeration (""border of the Arabian Gulf in the inmost part of the Elanite gulf, Onne"" opens it; ""Country of the Adramitans"", ""Sachalites"", ""In the narrows of the Persian Gulf"" carry it on down the Arabian Sea coast and round into the Persian Gulf; section 20, the named-mountains appendix, is where it ends - already handled by _MOUNTAIN_APPENDIX_SECTIONS above). Forcing section_is_coastal here is safe even for the sections that also contain real river mouths/sources (05's ""Baitios-Quellen"", 10's ""Prion-Mündung""/springs) since _RIVERFEAT_RE/_MOUTH_RE are checked before the section-level coastal fallback ever gets a turn - only the plain harbor-town citations that had nothing else to match on are affected (Kopar, Zabram, Thebai, Badeo, Mamala, Muza, Okelis and more - several of them well-attested real Red Sea ports)."
6.07.16,6,6.07,16,AS06,Gerraier,Gerraier,Then of the Gerrhaei:  Magindanata city .,coast section,"The coastal-walk counterpart of _NONCOASTAL_EXCEPTION_SECTIONS' mirror image: sections manually verified to be a genuine continuation of a coastal walk despite a section header that names a *tribe*, not a sea - so _COASTAL_HDR_RE never fires for them and every plain-named point falls through to the default ""city"". Found by inspection of a rendered map: the whole Arabian side of the Red Sea (book.map ""6.07"", Arabia Felix) was missing its coastline entirely, replaced by an unconnected scatter of ""city"" points, while the opposite African shore (book.map ""4.07"") was correctly traced - reported by the user as ""as if one coastline is missing, full of little islands"". Ptolemy's own catalogue narrates this coast tribe-by-tribe (""In the country of the Kinaidokolpitans..."", ""The Kassanite country..."", ""Country of the Elisarans..."") rather than re-stating ""Arabian Gulf""/""Red Sea"" at every section, and only sections 02, 08 (and a few later ones already caught by _GULF_RE on their own points) happen to carry an explicit sea-name header - topostext's English translation confirms the whole span 02-19 is one continuous coastal enumeration (""border of the Arabian Gulf in the inmost part of the Elanite gulf, Onne"" opens it; ""Country of the Adramitans"", ""Sachalites"", ""In the narrows of the Persian Gulf"" carry it on down the Arabian Sea coast and round into the Persian Gulf; section 20, the named-mountains appendix, is where it ends - already handled by _MOUNTAIN_APPENDIX_SECTIONS above). Forcing section_is_coastal here is safe even for the sections that also contain real river mouths/sources (05's ""Baitios-Quellen"", 10's ""Prion-Mündung""/springs) since _RIVERFEAT_RE/_MOUTH_RE are checked before the section-level coastal fallback ever gets a turn - only the plain harbor-town citations that had nothing else to match on are affected (Kopar, Zabram, Thebai, Badeo, Mamala, Muza, Okelis and more - several of them well-attested real Red Sea ports)."
6.07.17,6,6.07,17,AS06,Thaimer,Thaimer,then of the Thaimi Eithar city .,coast section,"The coastal-walk counterpart of _NONCOASTAL_EXCEPTION_SECTIONS' mirror image: sections manually verified to be a genuine continuation of a coastal walk despite a section header that names a *tribe*, not a sea - so _COASTAL_HDR_RE never fires for them and every plain-named point falls through to the default ""city"". Found by inspection of a rendered map: the whole Arabian side of the Red Sea (book.map ""6.07"", Arabia Felix) was missing its coastline entirely, replaced by an unconnected scatter of ""city"" points, while the opposite African shore (book.map ""4.07"") was correctly traced - reported by the user as ""as if one coastline is missing, full of little islands"". Ptolemy's own catalogue narrates this coast tribe-by-tribe (""In the country of the Kinaidokolpitans..."", ""The Kassanite country..."", ""Country of the Elisarans..."") rather than re-stating ""Arabian Gulf""/""Red Sea"" at every section, and only sections 02, 08 (and a few later ones already caught by _GULF_RE on their own points) happen to carry an explicit sea-name header - topostext's English translation confirms the whole span 02-19 is one continuous coastal enumeration (""border of the Arabian Gulf in the inmost part of the Elanite gulf, Onne"" opens it; ""Country of the Adramitans"", ""Sachalites"", ""In the narrows of the Persian Gulf"" carry it on down the Arabian Sea coast and round into the Persian Gulf; section 20, the named-mountains appendix, is where it ends - already handled by _MOUNTAIN_APPENDIX_SECTIONS above). Forcing section_is_coastal here is safe even for the sections that also contain real river mouths/sources (05's ""Baitios-Quellen"", 10's ""Prion-Mündung""/springs) since _RIVERFEAT_RE/_MOUTH_RE are checked before the section-level coastal fallback ever gets a turn - only the plain harbor-town citations that had nothing else to match on are affected (Kopar, Zabram, Thebai, Badeo, Mamala, Muza, Okelis and more - several of them well-attested real Red Sea ports)."
6.07.18,6,6.07,18,AS06,Laianiten (Leaniten),Laianiten (Leaniten),then of the Leanitai:  Mallaba city .,coast section,"The coastal-walk counterpart of _NONCOASTAL_EXCEPTION_SECTIONS' mirror image: sections manually verified to be a genuine continuation of a coastal walk despite a section header that names a *tribe*, not a sea - so _COASTAL_HDR_RE never fires for them and every plain-named point falls through to the default ""city"". Found by inspection of a rendered map: the whole Arabian side of the Red Sea (book.map ""6.07"", Arabia Felix) was missing its coastline entirely, replaced by an unconnected scatter of ""city"" points, while the opposite African shore (book.map ""4.07"") was correctly traced - reported by the user as ""as if one coastline is missing, full of little islands"". Ptolemy's own catalogue narrates this coast tribe-by-tribe (""In the country of the Kinaidokolpitans..."", ""The Kassanite country..."", ""Country of the Elisarans..."") rather than re-stating ""Arabian Gulf""/""Red Sea"" at every section, and only sections 02, 08 (and a few later ones already caught by _GULF_RE on their own points) happen to carry an explicit sea-name header - topostext's English translation confirms the whole span 02-19 is one continuous coastal enumeration (""border of the Arabian Gulf in the inmost part of the Elanite gulf, Onne"" opens it; ""Country of the Adramitans"", ""Sachalites"", ""In the narrows of the Persian Gulf"" carry it on down the Arabian Sea coast and round into the Persian Gulf; section 20, the named-mountains appendix, is where it ends - already handled by _MOUNTAIN_APPENDIX_SECTIONS above). Forcing section_is_coastal here is safe even for the sections that also contain real river mouths/sources (05's ""Baitios-Quellen"", 10's ""Prion-Mündung""/springs) since _RIVERFEAT_RE/_MOUTH_RE are checked before the section-level coastal fallback ever gets a turn - only the plain harbor-town citations that had nothing else to match on are affected (Kopar, Zabram, Thebai, Badeo, Mamala, Muza, Okelis and more - several of them well-attested real Red Sea ports)."
6.07.19,6,6.07,19,AS06,Abukaier,"Abukaier | Grenzpunkt
(Arabia Deserta, Arabia Felix)",of the Aboukaians:  Hieros gulf .,coast section,"The coastal-walk counterpart of _NONCOASTAL_EXCEPTION_SECTIONS' mirror image: sections manually verified to be a genuine continuation of a coastal walk despite a section header that names a *tribe*, not a sea - so _COASTAL_HDR_RE never fires for them and every plain-named point falls through to the default ""city"". Found by inspection of a rendered map: the whole Arabian side of the Red Sea (book.map ""6.07"", Arabia Felix) was missing its coastline entirely, replaced by an unconnected scatter of ""city"" points, while the opposite African shore (book.map ""4.07"") was correctly traced - reported by the user as ""as if one coastline is missing, full of little islands"". Ptolemy's own catalogue narrates this coast tribe-by-tribe (""In the country of the Kinaidokolpitans..."", ""The Kassanite country..."", ""Country of the Elisarans..."") rather than re-stating ""Arabian Gulf""/""Red Sea"" at every section, and only sections 02, 08 (and a few later ones already caught by _GULF_RE on their own points) happen to carry an explicit sea-name header - topostext's English translation confirms the whole span 02-19 is one continuous coastal enumeration (""border of the Arabian Gulf in the inmost part of the Elanite gulf, Onne"" opens it; ""Country of the Adramitans"", ""Sachalites"", ""In the narrows of the Persian Gulf"" carry it on down the Arabian Sea coast and round into the Persian Gulf; section 20, the named-mountains appendix, is where it ends - already handled by _MOUNTAIN_APPENDIX_SECTIONS above). Forcing section_is_coastal here is safe even for the sections that also contain real river mouths/sources (05's ""Baitios-Quellen"", 10's ""Prion-Mündung""/springs) since _RIVERFEAT_RE/_MOUTH_RE are checked before the section-level coastal fallback ever gets a turn - only the plain harbor-town citations that had nothing else to match on are affected (Kopar, Zabram, Thebai, Badeo, Mamala, Muza, Okelis and more - several of them well-attested real Red Sea ports)."
6.07.20,6,6.07,20,AS06,Kinaidokolpiten,Kinaidokolpiten | Kassaniten | Mareitha-Berge | Asabon (Asabo)-Berge,"The named mountains of this land are those already mentioned, including in addition of the interior, and also the so-called Zames, midpoint .",inland,
6.07.27,6,6.07,27,AS06,Arabia Felix,Arabia Felix,The cities and komai in Arabia Felixlocated in the interior are the following:  Aramaua .,inland,
6.07.28,6,6.07,28,AS06,Achrua (Ochroa),,Achroua .,inland,
6.07.29,6,6.07,29,AS06,Thaima (Thama),,Thaima .,inland,
6.07.30,6,6.07,30,AS06,Arre,,Arrea kome .,inland,
6.07.31,6,6.07,31,AS06,Mochura,,Mochoura .,inland,
6.07.32,6,6.07,32,AS06,Biabanna (Veana),,Biavanna .,inland,
6.07.33,6,6.07,33,AS06,Sata,,Sata .,inland,
6.07.34,6,6.07,34,AS06,Olaphia (Alaphia),,Olaphia .,inland,
6.07.35,6,6.07,35,AS06,Irala (Ilara),,Irala .,inland,
6.07.36,6,6.07,36,AS06,Dorf der Adler,,Hierakon kome .,inland,
6.07.37,6,6.07,37,AS06,Mara* (Maraba*),,Mara metropolis .,inland,
6.07.38,6,6.07,38,AS06,Vodona,,Ouodona .,inland,
6.07.39,6,6.07,39,AS06,Madasara,,Sadasara .,inland,
6.07.40,6,6.07,40,AS06,Wasser der Styx (Quelle),,Source of Styx water .,inland,
6.07.41,6,6.07,41,AS06,Mepha,,Maipha metropolis .,inland,
6.07.42,6,6.07,42,AS06,Sabe* (Saue*),,Saoue palace .,inland,
6.07.43,6,6.07,43,AS06,Arabischer Golf,Arabischer Golf,"Islands adjoining this country, in the Arabian Gulf:  Ainou .",island,"Found by the systematic topostext-disagreement review (2026-07-30): the *other* Ionian islands, each cited once (not a coastal walk of any single one, so no _ISLAND_LINE_GROUPS entry - just the ""list of several different islands"" shape _ISLAND_APPENDIX_SECTIONS exists for). Section ""12"": Kephallenia (""Kephallenia island, with a city of the same name...its northernmost promontory"" / ""the southern promontory"" - both capes stay `island` too, the same as Corfu's own capes above), Erikusa, Skopelos, Leukas (""Leukas island""). Section ""13"": Echinaden (""the Echinades islands""), Ithake (""in which a city of that name""), Lotoa (""Letoa island""), Zakynthos (""in which a city of the same name""). All were sitting in `city`. [Red Sea islands]"
6.07.44,6,6.07,44,AS06,Insel des Sokrates,,Sokratous .,inland,
6.07.45,6,6.07,45,AS06,Rotes Meer,Rotes Meer,"And in the Red sea:  Agathokleous (two), the midpoint between at .",island,"Found by the systematic topostext-disagreement review (2026-07-30): the *other* Ionian islands, each cited once (not a coastal walk of any single one, so no _ISLAND_LINE_GROUPS entry - just the ""list of several different islands"" shape _ISLAND_APPENDIX_SECTIONS exists for). Section ""12"": Kephallenia (""Kephallenia island, with a city of the same name...its northernmost promontory"" / ""the southern promontory"" - both capes stay `island` too, the same as Corfu's own capes above), Erikusa, Skopelos, Leukas (""Leukas island""). Section ""13"": Echinaden (""the Echinades islands""), Ithake (""in which a city of that name""), Lotoa (""Letoa island""), Zakynthos (""in which a city of the same name""). All were sitting in `city`. [Red Sea islands incl. Dioskorides (Socotra)]"
6.07.46,6,6.07,46,AS06,Sachalitischer Golf,Sachalitischer Golf,"and near Sachalites bay, the Zenobiou islands (seven) the middle of which is .",island,"Found by the systematic topostext-disagreement review (2026-07-30): the *other* Ionian islands, each cited once (not a coastal walk of any single one, so no _ISLAND_LINE_GROUPS entry - just the ""list of several different islands"" shape _ISLAND_APPENDIX_SECTIONS exists for). Section ""12"": Kephallenia (""Kephallenia island, with a city of the same name...its northernmost promontory"" / ""the southern promontory"" - both capes stay `island` too, the same as Corfu's own capes above), Erikusa, Skopelos, Leukas (""Leukas island""). Section ""13"": Echinaden (""the Echinades islands""), Ithake (""in which a city of that name""), Lotoa (""Letoa island""), Zakynthos (""in which a city of the same name""). All were sitting in `city`. [Sachalitic Gulf islands]"
6.07.47,6,6.07,47,AS06,Persischer Golf,Persischer Golf,In the Persian Gulf:  Apphana island at .,island,"Found by the systematic topostext-disagreement review (2026-07-30): the *other* Ionian islands, each cited once (not a coastal walk of any single one, so no _ISLAND_LINE_GROUPS entry - just the ""list of several different islands"" shape _ISLAND_APPENDIX_SECTIONS exists for). Section ""12"": Kephallenia (""Kephallenia island, with a city of the same name...its northernmost promontory"" / ""the southern promontory"" - both capes stay `island` too, the same as Corfu's own capes above), Erikusa, Skopelos, Leukas (""Leukas island""). Section ""13"": Echinaden (""the Echinades islands""), Ithake (""in which a city of that name""), Lotoa (""Letoa island""), Zakynthos (""in which a city of the same name""). All were sitting in `city`. [Persian Gulf islands incl. Tylos (Bahrain)]"
6.08.02,6,6.08,02,AS06,Gedrosien,"Gedrosien | Persisches Gebirge | Grenzpunkt (Areia, Drangiane, Gedrosien, Karmanien, Wüste Karmanien) | Wüste Karmanien | Indisches Meer",,coast section,
6.08.04,6,6.08,04,AS06,Daras-Mündung,,,inland,
6.08.05,6,6.08,05,AS06,Harmuza*,,,coast section,"Found the same way again, this time by the user directly (asked for a side-by-side table of book.map ""5.05.02""/""5.05.03""/""5.08.02"" to see why they weren't coastal): Kilikia Tracheia's own western coast, between Side (the Eurasian arc's own long-unconfirmed loose end) and Anemurion. Section ""5.05.03"" is headed ""Coast of Kilikia Tracheia"" (topostext §5.5.3) - literally ""coast"", just naming a district instead of a sea. Section ""5.08.02"" is headed ""In Selinitis of Kilikia Tracheia"" (topostext §5.8.2), a sub-district within the same coast - confirmed by §5.8.1's own transition line: ""with the following description: from Syedra, a city of Pamphylia, along the *coast*:"". Longitude rises monotonically the whole way - Side 63.42 -> Korakesion 63.58 -> Syedra 63.83 -> Iotape 64.00 -> Selinus 64.33 -> Antiocheia 64.67 -> Nephelis 64.83 -> Anemurion 65.17 - a real coastal walk, not a coincidence. This closes the Side<->Anemurion gap with genuine data instead of the dashed schematic bridge used since the twenty-eighth round (see static_map.py's own now-removed _ANEMURION bridge logic)."
6.08.07,6,6.08,07,AS06,Kap Karpella,Kap Karpella | Golf der Paragen,,coast section,
6.08.08,6,6.08,08,AS06,Golf der Paragen,Golf der Paragen,,coast section,
6.08.09,6,6.08,09,AS06,Moderanibela (Derenobilla),,,coast section,"A wide batch found by the same systematic topostext-disagreement review, each independently confirmed the same way: a plain-named harbor town or headland sitting in `city`, whose section has no sea-word header of its own but whose topostext citation both names it a harbor/port *and* sits in an unbroken run of coastal citations (river mouths, capes, other harbors) either side of it in the same section - the same ""province/tribe name instead of sea name"" header gap already fixed many times this session, just not yet swept outside the regions checked so far: [India: ""Gulf of Paragon...Derane Billa...Kophanta harbor...river mouth...""]"
6.08.10,6,6.08,10,AS06,Indisches Meer,Indisches Meer,After which the earlier mentioned limit of the Indian sea extends,coast section,
6.08.11,6,6.08,11,AS06,Wüste Karmanien,Wüste Karmanien | Gedrosien | Karmanien | Persisches Gebirge | Samydaches,"There are mountains in the country after the above-mentioned, beside the Desert and Gedrosia, one called both Semiramis and Strongylon (round) from the shape, the midpoint of which extends",inland,
6.08.13,6,6.08,13,AS06,Karmanien,Karmanien,These are the cities and villages of inland Karmania: Portospana,inland,
6.08.14,6,6.08,14,AS06,Alexandreia,,Alexandreia,inland,
6.08.15,6,6.08,15,AS06,Karmanien,Karmanien | Persischer Golf,"The islands lying off Karmania are, in the Persian Gulf, Sagdana, in which Miltos",island,"The following five were confirmed against topostext.org/work/209's English translation, which states outright ""the Ebuda islands..."", ""the islands which are near Albion island..."", etc. - independent of our own Modern_location-based guessing. [Sagdana/Vorochtha - the islands lying off Karmania in the Persian Gulf (topostext: ""The islands lying off Karmania are, in the Persian Gulf, Sagdana...Vorochtha"") - both had been wrongly strung onto the *start* of coastline_045_AS06 by the coastline graph (the real coastal walk begins at the next section, 6.08.04's river mouths), the same spurious-tail pattern as Paena/Erythia earlier]"
6.08.16,6,6.08,16,AS06,Indisches Meer,Indisches Meer,In the Indian sea Palla or Polla,island,"The following five were confirmed against topostext.org/work/209's English translation, which states outright ""the Ebuda islands..."", ""the islands which are near Albion island..."", etc. - independent of our own Modern_location-based guessing. [Polla/Karminna/Liba - ""In the Indian sea Palla or Polla...Karminna...Liba island"", three more islands off Karmania continuing 6.08.15's list - these three had been strung onto the *end* of that same coastline_045_AS06, after its real endpoint (the Gedrosia/Karmania boundary point, 6.08.10.01)]"
6.09.01,6,6.09,01,AS07,Hyrkanien,"Hyrkanien | Hyrkanisches Meer | Grenzpunkt (Hyrkanien, Medien) | Medien",,coast section,
6.09.02,6,6.09,02,AS07,Saramanne,,,coast section,"Found the same way again, this time by the user directly (asked for a side-by-side table of book.map ""5.05.02""/""5.05.03""/""5.08.02"" to see why they weren't coastal): Kilikia Tracheia's own western coast, between Side (the Eurasian arc's own long-unconfirmed loose end) and Anemurion. Section ""5.05.03"" is headed ""Coast of Kilikia Tracheia"" (topostext §5.5.3) - literally ""coast"", just naming a district instead of a sea. Section ""5.08.02"" is headed ""In Selinitis of Kilikia Tracheia"" (topostext §5.8.2), a sub-district within the same coast - confirmed by §5.8.1's own transition line: ""with the following description: from Syedra, a city of Pamphylia, along the *coast*:"". Longitude rises monotonically the whole way - Side 63.42 -> Korakesion 63.58 -> Syedra 63.83 -> Iotape 64.00 -> Selinus 64.33 -> Antiocheia 64.67 -> Nephelis 64.83 -> Anemurion 65.17 - a real coastal walk, not a coincidence. This closes the Side<->Anemurion gap with genuine data instead of the dashed schematic bridge used since the twenty-eighth round (see static_map.py's own now-removed _ANEMURION bridge logic)."
6.09.06,6,6.09,06,AS07,Hyrkanien,Hyrkanien,,inland,
6.09.07,6,6.09,07,AS07,Sinika,,,inland,
6.09.08,6,6.09,08,AS07,Hyrkanien,Hyrkanien,,inland,
6.10.01,6,6.10,01,AS07,Margiane,"Margiane | Hyrkanien | Skythien diesseits des Imaon-Gebirges | Oxos-Mündung | Baktrien | Areia | Grenzpunkt (Areia, Hyrkanien, Margiane, Parthien) | Parthien | Saripha-Gebirge | Namenloses Bergland (Hyr, Mar)",,inland,
6.10.03,6,6.10,03,AS07,Margiane,Margiane,,inland,
6.10.04,6,6.10,04,AS07,Iasonion,Iasonion | Saripha-Gebirge | Margos,,inland,
6.11.01,6,6.11,01,AS07,Baktrien,"Baktrien | Margiane | Land der Sogdianer | Oxos | Areia | Grenzpunkt (Areia, Baktrien, Margiane) | Land der Paropanisaden | Paropanisos-Gebirge",,inland,
6.11.02,6,6.11,02,AS07,Oxos,Oxos | Baktrien,,inland,
6.11.03,6,6.11,03,AS07,Artames (Argamis) (Zusammenfluss mit Zariaspes),,,inland,
6.11.04,6,6.11,04,AS07,Dargomanes (Dorgomanis) (Zusammenfluss mit Ochos)/Ochos (Zusammenfluss mit Dargomanes),,,inland,
6.11.05,6,6.11,05,AS07,Paropanisos-Gebirge (W-Ende),,,inland,
6.11.07,6,6.11,07,AS07,Baktrien,Baktrien | Oxos,,inland,
6.11.08,6,6.11,08,AS07,Alikodra,,,inland,
6.11.09,6,6.11,09,AS07,Baktra*,,,inland,
6.12.01,6,6.12,01,AS07,Land der Sogdianer,"Land der Sogdianer | Skythien diesseits des Imaon-Gebirges | Baktrien | Margiane | Oxos | Oxeia (Uxia)–Gebirge/Grenzpunkt (Baktrien, Margiane, Skythien) | Land der Saken | Kaukasisches Gebirge | Oxos-Quellen",,inland,
6.12.02,6,6.12,02,AS07,Sogdisches (Sugdisches) Gebirge (W–Ende),,,inland,
6.12.03,6,6.12,03,AS07,Namenlose Flüsse zum Iaxartess (Quellen)/Namenlose Flüsse zum Oxos (Quellen),Namenlose Flüsse zum Iaxartess (Quellen)/Namenlose Flüsse zum Oxos (Quellen) | Oxos  | Iaxartes  | Bergland der Komeden,,inland,
6.12.05,6,6.12,05,AS07,Land der Sogdianer,Land der Sogdianer | Iaxartes | Oxos,,inland,
6.12.06,6,6.12,06,AS07,Tribaktra (Trybakta),,,inland,
6.13.01,6,6.13,01,AS07,Land der Saken,Land der Saken | Land der Sogdianer/Skythien diesseits und jenseits des Imaon-Gebirges | Iaxartes (Biegung) | Askatankas (Askatakas)-Gebirge | Imaon–Gebirge (nördlicher Abzweig) | Nomaden,,inland,
6.13.02,6,6.13,02,AS07,Land der Saken,Land der Saken | Bergland der Komeden | Land der Sogdianer,,inland,
6.14.01,6,6.14,01,AS07,Skythien diesseits des Imaon-Gebirges,Skythien diesseits des Imaon-Gebirges | Asiatisches Sarmatien | Unbekanntes Land | Imaon-Gebirge (nördlicher Teil) | Ausgangsbasis für den Fernhandel mit Sera | Land der Saken | Land der Sogdianer | Margiane | Oxos-Mündung | Hyrkanisches Meer | Rha,,coast section,
6.14.02,6,6.14,02,AS07,Oxos-Mündung,Oxos-Mündung,,coast section,"Found the same way again, this time by the user directly (asked for a side-by-side table of book.map ""5.05.02""/""5.05.03""/""5.08.02"" to see why they weren't coastal): Kilikia Tracheia's own western coast, between Side (the Eurasian arc's own long-unconfirmed loose end) and Anemurion. Section ""5.05.03"" is headed ""Coast of Kilikia Tracheia"" (topostext §5.5.3) - literally ""coast"", just naming a district instead of a sea. Section ""5.08.02"" is headed ""In Selinitis of Kilikia Tracheia"" (topostext §5.8.2), a sub-district within the same coast - confirmed by §5.8.1's own transition line: ""with the following description: from Syedra, a city of Pamphylia, along the *coast*:"". Longitude rises monotonically the whole way - Side 63.42 -> Korakesion 63.58 -> Syedra 63.83 -> Iotape 64.00 -> Selinus 64.33 -> Antiocheia 64.67 -> Nephelis 64.83 -> Anemurion 65.17 - a real coastal walk, not a coincidence. This closes the Side<->Anemurion gap with genuine data instead of the dashed schematic bridge used since the twenty-eighth round (see static_map.py's own now-removed _ANEMURION bridge logic)."
6.14.03,6,6.14,03,AS07,Skythien diesseits des Imaon-Gebirges,Skythien diesseits des Imaon-Gebirges | Hyperboreisches Gebirge,,inland,
6.14.04,6,6.14,04,AS07,Rhymmos-Quelle,Rhymmos-Quelle | Namenlose Flüsse zum Rha (Quellen) | Rha | Namenlose Flüsse zum Daix (Quellen) | Daix,,inland,
6.14.05,6,6.14,05,AS07,Daix-Quelle,Daix-Quelle | Namenlose Flüsse zum Iaxartes (Quellen) | Iaxartes,,inland,
6.14.06,6,6.14,06,AS07,Namenlose Flüsse zum Iaxartes (Quellen),Namenlose Flüsse zum Iaxartes (Quellen) | Iaxartes,,inland,
6.14.07,6,6.14,07,AS07,Namenlose Flüsse zum Iaxartes (Quellen),Namenlose Flüsse zum Iaxartes (Quellen) | Iaxartes,,inland,
6.14.08,6,6.14,08,AS07,Iaxartes (Flussgebiet),Iaxartes (Flussgebiet) | Imaon-Gebirge (nördlicher Teil),,inland,
6.14.14,6,6.14,14,AS07,Oxeia-Gebirge,Oxeia-Gebirge | Iaxartes (Unterlauf) | Flussgebiet zwischen beiden Flüssen (Oxos und Iaxartes) | Ariaken | Namasten | Sagarauken | Oxos | Rhibier (Rhibaier),"But the parts between the Tapoura Mountains and the slope towards the mouth of the Iaxartes and the seacoast between the two rivers are possessed by the Ariakai, along the Iaxartes and below these the Namostai, then the Sagaraukai, and along the river Oxus the Rhibioi, who have a town Dauaba .",inland,
6.15.01,6,6.15,01,AS08,Skythien jenseits des Imaon–Gebirges,Skythien jenseits des Imaon–Gebirges | Skythien diesseits des Imaon–Gebirges | Land der Saken | Imaon-Gebirge (nördlicher Teil) | Unbekanntes Land | Serike | Indien jenseits des Ganges,,inland,
6.15.02,6,6.15,02,AS08,Auzakia–Gebirge (W-Ende),,,inland,
6.15.04,6,6.15,04,AS08,Auzakia*,,,inland,
6.16.01,6,6.16,01,AS08,Serike,Serike | Skythien jenseits des Imaon-Gebirges | Unbekanntes Land | Land der Sinen,,inland,
6.16.02,6,6.16,02,AS08,Serike,Serike,,inland,
6.16.03,6,6.16,03,AS08,Oichardes-Quelle am Auzakia,Oichardes-Quelle am Auzakia | Auzakia-Gebirge | Asmiraia (Asmirea)-Gebirge | Kasia-Gebirge | Ottorokoras-Gebirge | Emoda-Gebirge,,inland,
6.16.06,6,6.16,06,AS08,Serike,Serike,,inland,
6.16.07,6,6.16,07,AS08,Serisches Issedon*,,,inland,
6.16.08,6,6.16,08,AS08,Thogara (Thogora),,,inland,
6.17.01,6,6.17,01,AS09,Areia,"Areia | Margiane | Baktrien | Parthien | Wüste Karmanien | Drangiane | Grenzpunkt (Areia, Drangiane, Gedrosien, Karmanien, Wüste Karmanien) | Land der Paropanisaden | Paropanisos-Gebirge (W-Teil)",,inland,
6.17.02,6,6.17,02,AS09,Areios,Areios,,inland,
6.17.04,6,6.17,04,AS09,Areia,Areia,,inland,
6.17.05,6,6.17,05,AS09,Zamuchana (Mozuchana),,,inland,
6.17.06,6,6.17,06,AS09,Orthiana,,,inland,
6.17.07,6,6.17,07,AS09,Areia*,,,inland,
6.17.08,6,6.17,08,AS09,Darkama,,,inland,
6.18.01,6,6.18,01,AS09,Land der Paropanisaden,Land der Paropanisaden | Areia | Baktrien | Indien diesseits des Ganges | Oxos-Quellen | Kaukasisches Gebirge | Arachosien | Parsyeta-Gebirge,,inland,
6.18.02,6,6.18,02,AS09,Dargomanes (Gordomanis),Dargomanes (Gordomanis) | Baktrien | Dargomanes-Quellen | Gorya  | Koas,,inland,
6.18.04,6,6.18,04,AS09,Parsiana,,,inland,
6.18.05,6,6.18,05,AS09,Naulibis*,,,inland,
6.19.01,6,6.19,01,AS09,Drangiane,"Drangiane | Areia | Bagoon-Gebirge | Arachosien | Grenzpunkt (Areia, Drangiane, Land der Paropanisaden) | Gedrosien | Baitia (Bartia)-Gebirge",,inland,
6.19.02,6,6.19,02,AS09,Areia,Areia,,inland,
6.19.04,6,6.19,04,AS09,Drangiane,Drangiane,,inland,
6.19.05,6,6.19,05,AS09,Asta,,,inland,
6.20.01,6,6.20,01,AS09,Arachosien,"Arachosien | Drangiane | Land der Paropanisaden | Indien diesseits des Ganges | Grenzpunkt (Arachosien,  Indien diesseits des Ganges, Land der Paropanisaden) | Gedrosien | Baitia (Bartia)-Gebirge",,inland,
6.20.02,6,6.20,02,AS09,Indus,Indus,,inland,
6.20.04,6,6.20,04,AS09,Arachosien,Arachosien,,inland,
6.20.05,6,6.20,05,AS09,Arachotos*,,,inland,
6.21.01,6,6.21,01,AS09,Gedrosien,"Gedrosien | Karmanien | Drangiane | Arachosien | Indien diesseits des Ganges | Indus | Grenzpunkt (Gedrosien, Indien) | Indisches Meer",,coast section,
6.21.02,6,6.21,02,AS09,"Grenzpunkt (Gedrosien, Karmanien)","Grenzpunkt (Gedrosien, Karmanien) | Karmanien | Drangiane",,coast section,"Found the same way again, this time by the user directly (asked for a side-by-side table of book.map ""5.05.02""/""5.05.03""/""5.08.02"" to see why they weren't coastal): Kilikia Tracheia's own western coast, between Side (the Eurasian arc's own long-unconfirmed loose end) and Anemurion. Section ""5.05.03"" is headed ""Coast of Kilikia Tracheia"" (topostext §5.5.3) - literally ""coast"", just naming a district instead of a sea. Section ""5.08.02"" is headed ""In Selinitis of Kilikia Tracheia"" (topostext §5.8.2), a sub-district within the same coast - confirmed by §5.8.1's own transition line: ""with the following description: from Syedra, a city of Pamphylia, along the *coast*:"". Longitude rises monotonically the whole way - Side 63.42 -> Korakesion 63.58 -> Syedra 63.83 -> Iotape 64.00 -> Selinus 64.33 -> Antiocheia 64.67 -> Nephelis 64.83 -> Anemurion 65.17 - a real coastal walk, not a coincidence. This closes the Side<->Anemurion gap with genuine data instead of the dashed schematic bridge used since the twenty-eighth round (see static_map.py's own now-removed _ANEMURION bridge logic)."
6.21.03,6,6.21,03,AS09,Gedrosien,Gedrosien | Namenlose Flüsse aus Arbita-Gebirge (Quellen) | Namenlose Flüsse aus Arbita-Gebirge (Mündungen in den Indus) | Indus | Baitia (Bartia)-Gebirge | Namenlose Flüsse aus Baitia-Gebirge (Quellen) | Namenlose Flüsse aus Baitia-Gebirge (Mündungen in den Indus),,inland,
6.21.05,6,6.21,05,AS09,Gedrosien,Gedrosien,,inland,
6.21.06,6,6.21,06,AS09,Gedrosien,Gedrosien,,inland,
7.01.02,7,7.01,02,AS10,Syrastrene,Syrastrene | Kanthischer Golf,,coast section,
7.01.03,7,7.01,03,AS10,Bardaxema (Bardaxima),,,inland,
7.01.04,7,7.01,04,AS10,Larike,Larike,,coast section,"Found the same way again, this time by the user directly (asked for a side-by-side table of book.map ""5.05.02""/""5.05.03""/""5.08.02"" to see why they weren't coastal): Kilikia Tracheia's own western coast, between Side (the Eurasian arc's own long-unconfirmed loose end) and Anemurion. Section ""5.05.03"" is headed ""Coast of Kilikia Tracheia"" (topostext §5.5.3) - literally ""coast"", just naming a district instead of a sea. Section ""5.08.02"" is headed ""In Selinitis of Kilikia Tracheia"" (topostext §5.8.2), a sub-district within the same coast - confirmed by §5.8.1's own transition line: ""with the following description: from Syedra, a city of Pamphylia, along the *coast*:"". Longitude rises monotonically the whole way - Side 63.42 -> Korakesion 63.58 -> Syedra 63.83 -> Iotape 64.00 -> Selinus 64.33 -> Antiocheia 64.67 -> Nephelis 64.83 -> Anemurion 65.17 - a real coastal walk, not a coincidence. This closes the Side<->Anemurion gap with genuine data instead of the dashed schematic bridge used since the twenty-eighth round (see static_map.py's own now-removed _ANEMURION bridge logic)."
7.01.05,7,7.01,05,AS10,Barygazenischer Golf,Barygazenischer Golf,,coast section,
7.01.06,7,7.01,06,AS10,Ariake bzw. Sadener,Ariake bzw. Sadener,,coast section,"Found the same way again, this time by the user directly (asked for a side-by-side table of book.map ""5.05.02""/""5.05.03""/""5.08.02"" to see why they weren't coastal): Kilikia Tracheia's own western coast, between Side (the Eurasian arc's own long-unconfirmed loose end) and Anemurion. Section ""5.05.03"" is headed ""Coast of Kilikia Tracheia"" (topostext §5.5.3) - literally ""coast"", just naming a district instead of a sea. Section ""5.08.02"" is headed ""In Selinitis of Kilikia Tracheia"" (topostext §5.8.2), a sub-district within the same coast - confirmed by §5.8.1's own transition line: ""with the following description: from Syedra, a city of Pamphylia, along the *coast*:"". Longitude rises monotonically the whole way - Side 63.42 -> Korakesion 63.58 -> Syedra 63.83 -> Iotape 64.00 -> Selinus 64.33 -> Antiocheia 64.67 -> Nephelis 64.83 -> Anemurion 65.17 - a real coastal walk, not a coincidence. This closes the Side<->Anemurion gap with genuine data instead of the dashed schematic bridge used since the twenty-eighth round (see static_map.py's own now-removed _ANEMURION bridge logic)."
7.01.07,7,7.01,07,AS10,Gebiet der Piraten,Gebiet der Piraten,,coast section,"Found the same way again, this time by the user directly (asked for a side-by-side table of book.map ""5.05.02""/""5.05.03""/""5.08.02"" to see why they weren't coastal): Kilikia Tracheia's own western coast, between Side (the Eurasian arc's own long-unconfirmed loose end) and Anemurion. Section ""5.05.03"" is headed ""Coast of Kilikia Tracheia"" (topostext §5.5.3) - literally ""coast"", just naming a district instead of a sea. Section ""5.08.02"" is headed ""In Selinitis of Kilikia Tracheia"" (topostext §5.8.2), a sub-district within the same coast - confirmed by §5.8.1's own transition line: ""with the following description: from Syedra, a city of Pamphylia, along the *coast*:"". Longitude rises monotonically the whole way - Side 63.42 -> Korakesion 63.58 -> Syedra 63.83 -> Iotape 64.00 -> Selinus 64.33 -> Antiocheia 64.67 -> Nephelis 64.83 -> Anemurion 65.17 - a real coastal walk, not a coincidence. This closes the Side<->Anemurion gap with genuine data instead of the dashed schematic bridge used since the twenty-eighth round (see static_map.py's own now-removed _ANEMURION bridge logic)."
7.01.08,7,7.01,08,AS10,Limyrike,Limyrike,,coast section,"Found the same way again, this time by the user directly (asked for a side-by-side table of book.map ""5.05.02""/""5.05.03""/""5.08.02"" to see why they weren't coastal): Kilikia Tracheia's own western coast, between Side (the Eurasian arc's own long-unconfirmed loose end) and Anemurion. Section ""5.05.03"" is headed ""Coast of Kilikia Tracheia"" (topostext §5.5.3) - literally ""coast"", just naming a district instead of a sea. Section ""5.08.02"" is headed ""In Selinitis of Kilikia Tracheia"" (topostext §5.8.2), a sub-district within the same coast - confirmed by §5.8.1's own transition line: ""with the following description: from Syedra, a city of Pamphylia, along the *coast*:"". Longitude rises monotonically the whole way - Side 63.42 -> Korakesion 63.58 -> Syedra 63.83 -> Iotape 64.00 -> Selinus 64.33 -> Antiocheia 64.67 -> Nephelis 64.83 -> Anemurion 65.17 - a real coastal walk, not a coincidence. This closes the Side<->Anemurion gap with genuine data instead of the dashed schematic bridge used since the twenty-eighth round (see static_map.py's own now-removed _ANEMURION bridge logic)."
7.01.09,7,7.01,09,AS10,Aier,Aier,,coast section,"Found the same way again, this time by the user directly (asked for a side-by-side table of book.map ""5.05.02""/""5.05.03""/""5.08.02"" to see why they weren't coastal): Kilikia Tracheia's own western coast, between Side (the Eurasian arc's own long-unconfirmed loose end) and Anemurion. Section ""5.05.03"" is headed ""Coast of Kilikia Tracheia"" (topostext §5.5.3) - literally ""coast"", just naming a district instead of a sea. Section ""5.08.02"" is headed ""In Selinitis of Kilikia Tracheia"" (topostext §5.8.2), a sub-district within the same coast - confirmed by §5.8.1's own transition line: ""with the following description: from Syedra, a city of Pamphylia, along the *coast*:"". Longitude rises monotonically the whole way - Side 63.42 -> Korakesion 63.58 -> Syedra 63.83 -> Iotape 64.00 -> Selinus 64.33 -> Antiocheia 64.67 -> Nephelis 64.83 -> Anemurion 65.17 - a real coastal walk, not a coincidence. This closes the Side<->Anemurion gap with genuine data instead of the dashed schematic bridge used since the twenty-eighth round (see static_map.py's own now-removed _ANEMURION bridge logic)."
7.01.10,7,7.01,10,AS10,Kareer,Kareer | Kolchischer Golf,"Country of the Kareoi.  In the Kolchic Gulf, where there is the Pearl Fishery:—  Sosikourai .",coast section,
7.01.11,7,7.01,11,AS10,Pandion/Land des Pandion,Pandion/Land des Pandion | Argarischer Golf,"Land of Pandion.  In the Orgalic Gulf, Cape Kory, called also Kalligikon .",coast section,
7.01.12,7,7.01,12,AS10,Bater,Bater,"Country of the Batoi.  Nikama, the Metropolis .",inland,
7.01.13,7,7.01,13,AS10,Soringer/Küste der Soringer,Soringer/Küste der Soringer,"In Paralia, specially so called: the country of the Toringoi. Mouth of the River Chaberos .",coast section,"Found the same way again, this time by the user directly (asked for a side-by-side table of book.map ""5.05.02""/""5.05.03""/""5.08.02"" to see why they weren't coastal): Kilikia Tracheia's own western coast, between Side (the Eurasian arc's own long-unconfirmed loose end) and Anemurion. Section ""5.05.03"" is headed ""Coast of Kilikia Tracheia"" (topostext §5.5.3) - literally ""coast"", just naming a district instead of a sea. Section ""5.08.02"" is headed ""In Selinitis of Kilikia Tracheia"" (topostext §5.8.2), a sub-district within the same coast - confirmed by §5.8.1's own transition line: ""with the following description: from Syedra, a city of Pamphylia, along the *coast*:"". Longitude rises monotonically the whole way - Side 63.42 -> Korakesion 63.58 -> Syedra 63.83 -> Iotape 64.00 -> Selinus 64.33 -> Antiocheia 64.67 -> Nephelis 64.83 -> Anemurion 65.17 - a real coastal walk, not a coincidence. This closes the Side<->Anemurion gap with genuine data instead of the dashed schematic bridge used since the twenty-eighth round (see static_map.py's own now-removed _ANEMURION bridge logic)."
7.01.14,7,7.01,14,AS10,Aruarner,Aruarner,"The Arouarnoi (Arvarnoi).  Podouke, an trading post .",coast section,"Found the same way again, this time by the user directly (asked for a side-by-side table of book.map ""5.05.02""/""5.05.03""/""5.08.02"" to see why they weren't coastal): Kilikia Tracheia's own western coast, between Side (the Eurasian arc's own long-unconfirmed loose end) and Anemurion. Section ""5.05.03"" is headed ""Coast of Kilikia Tracheia"" (topostext §5.5.3) - literally ""coast"", just naming a district instead of a sea. Section ""5.08.02"" is headed ""In Selinitis of Kilikia Tracheia"" (topostext §5.8.2), a sub-district within the same coast - confirmed by §5.8.1's own transition line: ""with the following description: from Syedra, a city of Pamphylia, along the *coast*:"". Longitude rises monotonically the whole way - Side 63.42 -> Korakesion 63.58 -> Syedra 63.83 -> Iotape 64.00 -> Selinus 64.33 -> Antiocheia 64.67 -> Nephelis 64.83 -> Anemurion 65.17 - a real coastal walk, not a coincidence. This closes the Side<->Anemurion gap with genuine data instead of the dashed schematic bridge used since the twenty-eighth round (see static_map.py's own now-removed _ANEMURION bridge logic)."
7.01.15,7,7.01,15,AS10,Maisolia,Maisolia | Goldene Chersones,Maisolia.  Mouth of the River Maisolos .,coast section,"Found the same way again, this time by the user directly (asked for a side-by-side table of book.map ""5.05.02""/""5.05.03""/""5.08.02"" to see why they weren't coastal): Kilikia Tracheia's own western coast, between Side (the Eurasian arc's own long-unconfirmed loose end) and Anemurion. Section ""5.05.03"" is headed ""Coast of Kilikia Tracheia"" (topostext §5.5.3) - literally ""coast"", just naming a district instead of a sea. Section ""5.08.02"" is headed ""In Selinitis of Kilikia Tracheia"" (topostext §5.8.2), a sub-district within the same coast - confirmed by §5.8.1's own transition line: ""with the following description: from Syedra, a city of Pamphylia, along the *coast*:"". Longitude rises monotonically the whole way - Side 63.42 -> Korakesion 63.58 -> Syedra 63.83 -> Iotape 64.00 -> Selinus 64.33 -> Antiocheia 64.67 -> Nephelis 64.83 -> Anemurion 65.17 - a real coastal walk, not a coincidence. This closes the Side<->Anemurion gap with genuine data instead of the dashed schematic bridge used since the twenty-eighth round (see static_map.py's own now-removed _ANEMURION bridge logic)."
7.01.16,7,7.01,16,AS10,Gangetischer Golf,Gangetischer Golf,"In the Gangetic Gulf.  Paloura or Pakoura, a town .",coast section,
7.01.17,7,7.01,17,AS10,Mapura,,Mapoura .,coast section,"Found the same way again, this time by the user directly (asked for a side-by-side table of book.map ""5.05.02""/""5.05.03""/""5.08.02"" to see why they weren't coastal): Kilikia Tracheia's own western coast, between Side (the Eurasian arc's own long-unconfirmed loose end) and Anemurion. Section ""5.05.03"" is headed ""Coast of Kilikia Tracheia"" (topostext §5.5.3) - literally ""coast"", just naming a district instead of a sea. Section ""5.08.02"" is headed ""In Selinitis of Kilikia Tracheia"" (topostext §5.8.2), a sub-district within the same coast - confirmed by §5.8.1's own transition line: ""with the following description: from Syedra, a city of Pamphylia, along the *coast*:"". Longitude rises monotonically the whole way - Side 63.42 -> Korakesion 63.58 -> Syedra 63.83 -> Iotape 64.00 -> Selinus 64.33 -> Antiocheia 64.67 -> Nephelis 64.83 -> Anemurion 65.17 - a real coastal walk, not a coincidence. This closes the Side<->Anemurion gap with genuine data instead of the dashed schematic bridge used since the twenty-eighth round (see static_map.py's own now-removed _ANEMURION bridge logic)."
7.01.18,7,7.01,18,AS10,Ganges-Mündung (westlichste) bzw. Kambyson-Mündung,,"Mouths of the Ganges.  The Kambyson mouth, the most western .",coast section,"Found the same way again, this time by the user directly (asked for a side-by-side table of book.map ""5.05.02""/""5.05.03""/""5.08.02"" to see why they weren't coastal): Kilikia Tracheia's own western coast, between Side (the Eurasian arc's own long-unconfirmed loose end) and Anemurion. Section ""5.05.03"" is headed ""Coast of Kilikia Tracheia"" (topostext §5.5.3) - literally ""coast"", just naming a district instead of a sea. Section ""5.08.02"" is headed ""In Selinitis of Kilikia Tracheia"" (topostext §5.8.2), a sub-district within the same coast - confirmed by §5.8.1's own transition line: ""with the following description: from Syedra, a city of Pamphylia, along the *coast*:"". Longitude rises monotonically the whole way - Side 63.42 -> Korakesion 63.58 -> Syedra 63.83 -> Iotape 64.00 -> Selinus 64.33 -> Antiocheia 64.67 -> Nephelis 64.83 -> Anemurion 65.17 - a real coastal walk, not a coincidence. This closes the Side<->Anemurion gap with genuine data instead of the dashed schematic bridge used since the twenty-eighth round (see static_map.py's own now-removed _ANEMURION bridge logic)."
7.01.19,7,7.01,19,AS10,Indien diesseits des Ganges,Indien diesseits des Ganges,"The mountains belonging to Intragangetic India are named as follows:—  The Apokopa, called Poinai Theon, which extend from long. 116° to 124° and from lat. 23° at their western limit to 26° at the eastern.
Event Date: 150 GR",inland,
7.01.20,7,7.01,20,AS10,Sardonyx-Gebirge (Mitte),,"Mount Sardonyx, in which is found the precious stone of the same name, and whose middle point is in long. 117° and lat. 21°.
Event Date: 150 GR",inland,
7.01.21,7,7.01,21,AS10,Vindion-Gebirge (W-Ende),,"Mount Ouindion (Vindion) which extends from 126° to 135°, and preserves from its western to its eastern limit a uniform latitude of 27°.
Event Date: 150 GR",inland,
7.01.22,7,7.01,22,AS10,Bettigo-Gebirge (W-Ende),,"Bettige, which extends from 123° to 130°, and whose western limit is in lat. 21° and its eastern in 20°.
Event Date: 150 GR",inland,
7.01.23,7,7.01,23,AS10,Adisathron (Mitte),,"Adeisathron, whose middle point is in long. 132° and in lat. 23°.
Event Date: 150 GR",inland,
7.01.24,7,7.01,24,AS10,Uxenton-Gebirge (W-Ende),,"Ouxenton, which extends from 136° to 143°, and whose western limit is in lat. 22° and its eastern in 24°.
Event Date: 150 GR",inland,
7.01.25,7,7.01,25,AS10,Aruraia (Aruaia)-Gebirge (O-Ende),,"The Oroudian Mountains, which extend from 138° to 133°, and whose eastern limit is in 18° lat. and its western 16°.
Event Date: 150 GR",inland,
7.01.26,7,7.01,26,AS10,Imaon-Gebirge (eigentliches),Imaon-Gebirge (eigentliches) | Indus,The rivers which flow from Mount Imaos into the Indus are arranged as follows:—  Sources of the River Koa .,inland,
7.01.27,7,7.01,27,AS10,Indus (Zusammenfluss mit dem Koas)/Koas (Zusammenfluss mit dem Indus),,Sources of the River Zaradros .,inland,
7.01.28,7,7.01,28,AS10,Indus,Indus | Vindion-Gebirge | Arachosien | Arbita-Gebirge | Koas | Land der Paropanisaden | Sagapa-Mündung | Sinthon-Mündung | Chrysun-Mündung | Chariphu-Mündung | Sapara-Mündung | Sabalaessa-Mündung | Lonibare-Mündung,Branch from the Indus running towards Mt. Ouindion .,inland,
7.01.29,7,7.01,29,AS10,Ganges,Ganges,Of the streams which join the Gangesthe order is this:—  Sources of the River Diamouna .,inland,
7.01.30,7,7.01,30,AS10,Ganges,Ganges | Vindion-Gebirge | Uxenton-Gebirge | Kambyson-Mündung | Grosse Mündung | Kamberichon-Mündung | Pseudostomon-Mündung | Antibole-Mündung,Branch from the Ganges towards the Ouindion range to the mouth of the River Soa .,inland,
7.01.31,7,7.01,31,AS10,Vindion-Gebirge,Vindion-Gebirge | Siripalla | Mophis,And of the other rivers the positions are thus:  The sources of the River Namados in the Ouindion range .,inland,
7.01.32,7,7.01,32,AS10,Vindion-Gebirge,Vindion-Gebirge | Bindas | Goaris,Sources of the River Nanagouna from the Ouindion range .,inland,
7.01.33,7,7.01,33,AS10,Bettigo-Gebirge,Bettigo-Gebirge,Sources of the Pseudostomos from the Bettigo range .,inland,
7.01.34,7,7.01,34,AS10,Bettigo-Gebirge,Bettigo-Gebirge,Sources of the River Baris in the Bettigo range .,inland,
7.01.35,7,7.01,35,AS10,Adisathron-Gebirge,Adisathron-Gebirge,Sources of the River Chaberos in the Adeisathros range .,inland,
7.01.36,7,7.01,36,AS10,Aruraia-Gebirge,Aruraia-Gebirge,Sources of the River Tyna in the Oroudian (or Arouedan) Mountains .,inland,
7.01.37,7,7.01,37,AS10,Aruraia-Gebirge,Aruraia-Gebirge,Sources of the River Maisolos in the same mountains .,inland,
7.01.38,7,7.01,38,AS10,Aruraia-Gebirge,Aruraia-Gebirge,Sources of the River Manda in the same mountains .,inland,
7.01.39,7,7.01,39,AS10,Uxenton-Gebirge,Uxenton-Gebirge,Sources of the River Toundis in the Ouxenton range .,inland,
7.01.40,7,7.01,40,AS10,Uxenton-Gebirge,Uxenton-Gebirge,Sources of the River Dosaron in the same range .,inland,
7.01.41,7,7.01,41,AS10,Uxenton-Gebirge,Uxenton-Gebirge,Sources of the River Adamas in the same range .,inland,
7.01.43,7,7.01,43,AS10,Karnasa,,And the cities are these:—  Kaisana .,inland,
7.01.44,7,7.01,44,AS10,Suastos,Suastos | Indus | Gandaren,Between the Souastos and the Industhe Gandarai and these cities:—  Proklais .,inland,
7.01.45,7,7.01,45,AS10,Indus,Indus  | Bidaspes | Varsa (Byarsa),Between the Indus and the Bidaspes towards the Indus the Arsa territory and these cities:—  Ithagouros .,inland,
7.01.46,7,7.01,46,AS10,Bidaspes,Bidaspes | Pandouer (Pandoper),"Around the Bidaspes, the country of the Pandoouoi, in which are these cities:—  Labaka .",inland,
7.01.48,7,7.01,48,AS10,Salagissa (Salagisa),,Salagissa .,inland,
7.01.49,7,7.01,49,AS10,Kaspeira*,,Kaspeira .,inland,
7.01.50,7,7.01,50,AS10,Modura bzw. Stadt der Götter,,"Modoura, the city of the gods .",inland,
7.01.51,7,7.01,51,AS10,Gymnosophisten,Gymnosophisten | Ganges | Daitychen (Datichen),"Still further to the east than the Kaspeiraioi are the Gymnosophistai, and after these around the Ganges further north are the Daitichai with these towns:—  Konta .",inland,
7.01.52,7,7.01,52,AS10,Nanichen,Nanichen,Below these are the Anichai with these towns:—  Persakra .,inland,
7.01.53,7,7.01,53,AS10,Prasiake,Prasiake,Below these Prasiake with these towns:—  Sambalaka .,inland,
7.01.54,7,7.01,54,AS10,Saudrabatis (Sauarabatis),Saudrabatis (Sauarabatis),South of this Saurabatis with these towns:—  Empelathra .,inland,
7.01.56,7,7.01,56,AS10,Diba,Diba,Artoarta .,inland,
7.01.57,7,7.01,57,AS10,Embolima,,And along the river:—  Embolima .,inland,
7.01.58,7,7.01,58,AS10,Pardabathra,,Pardabathra .,inland,
7.01.59,7,7.01,59,AS10,Patala*,,And in the islands formed by the river are these towns:—  Patala .,inland,
7.01.60,7,7.01,60,AS10,Xodrake (Zodrake),,And east of the river at some distance therefrom are these towns:—  Xodrake .,inland,
7.01.61,7,7.01,61,AS10,Panassa (Panasa),,Along the river are these towns:—  Panasa .,inland,
7.01.62,7,7.01,62,AS10,Indoskythia,Indoskythia | Larike | Narmades,"The parts east of Indo-Scythia along the coast belong to the country of Larike, and here in the interior to the West of the river Namados is  Barygaza, an trading post .",inland,
7.01.63,7,7.01,63,AS10,Agrinagara,,To the east of the river:—  Agrinagara .,inland,
7.01.64,7,7.01,64,AS10,Pulindische Agriophagen,Pulindische Agriophagen  | Chatriaier | Indus,"The parts farther inland are possessed by the Poulindai Agriophagoi, and beyond them are the Chatriaioi, to whom belong these cities, lying some east and some west of the Indus:—  Nigranigramma .",inland,
7.01.65,7,7.01,65,AS10,Sardonyx-Gebirge,Sardonyx-Gebirge | Bettigo-Gebirge | Tabaser bzw. Magier | Vindion-Gebirge | Narmades | Parapioten (Prapioten) | Rhamnen,"But again, the country between Mount Sardonyx and Mount Bettigo belongs to the Tabasoi, a great race, while the country beyond them as far as the Vindhya range, along the eastern bank of the Namados, belongs to the Prapiotai, who include the Rhamnai, and whose towns are these:—  Kognabanda .",inland,
7.01.67,7,7.01,67,AS10,Agara,,Agara .,inland,
7.01.68,7,7.01,68,AS10,Bettigo-Gebirge,Bettigo-Gebirge | Adisathron | Soren | Arkatos,"Between Mount Belligo and Adeisathroa are the Sorai nomads, with these towns:—  Sangamarta .",inland,
7.01.69,7,7.01,69,AS10,Vindion-Gebirge,Vindion-Gebirge  | Bolingen,"Again to the east of the Vindhya range is the territory of the (Biolingai or) Bolingai, with these towns:—  Stagabaza or Bastagaza .",inland,
7.01.70,7,7.01,70,AS10,Poruarer,Poruarer,Beyond these is the country of the Porouaroi with these towns:—  Bridama .,inland,
7.01.71,7,7.01,71,AS10,Uxenton-Gebirge,Uxenton-Gebirge | Adisathrer,Beyond these as far as the Ouxentos range are the Adeisathroi with these towns:—  Maleiba .,inland,
7.01.72,7,7.01,72,AS10,Ganges,Ganges | Mandalen,Farther east than the Adeisathroi towards the Ganges are the Mandalai with this city:—  Asthagoura .,inland,
7.01.73,7,7.01,73,AS10,Sambalaka,,And on the river itself these towns:—  Sambalaka .,inland,
7.01.74,7,7.01,74,AS10,Brachmanen,Brachmanen | Bettigo-Gebirge | Bater,In like manner the parts under Mount Bettigo are occupied by the Brachmanai Magoi as far as the Batai with this city:—  Brachme .,inland,
7.01.75,7,7.01,75,AS10,Adisathron,Adisathron | Aruraia-Gebirge | Badiamaier,The parts under the range of Adeisathros as far as the Arouraioi are occupied by the Badiamaioi with this city:—  Tathilba .,inland,
7.01.76,7,7.01,76,AS10,Uxenton-Gebirge,Uxenton-Gebirge | Drilophylliten (Drilophyliten),"The parts under the Ouxentos range are occupied by the Drilophyllitai, with these cities:—  Sibrion .",inland,
7.01.77,7,7.01,77,AS10,Ganges,Ganges | Kokkonagen (Konkonagen),Further east than these towards the Ganges are the Kokkonagai with this city:—  Dosara .,inland,
7.01.78,7,7.01,78,AS10,Kartinaga (Kartinata),,And on the river farther west:—  Kartinaga .,inland,
7.01.79,7,7.01,79,AS10,Maisoler,Maisoler  | Salakener (Salabener) | Aruraia-Gebirge (Aruaia-Gebirge),Under the Maisoloi the Salakenoi towards the Oroudian (or Arouraian) Mountains with these cities:—  Benagouron .,inland,
7.01.80,7,7.01,80,AS10,Ganges,Ganges | Sabaren,"Towards the Ganges River the Sabarai, in whose country the diamond is found in great abundance, their towns are:—  Tasopion .",inland,
7.01.81,7,7.01,81,AS10,Ganges-Mündungen,Ganges-Mündungen | Gangariden,"All the country about the mouths of the Ganges is occupied by the Gangaridai with this city:—  Gange, the Royal residence .",inland,
7.01.82,7,7.01,82,AS10,Ariake,Ariake | Bindas (Bendas),In the parts of Ariake which still remain to be described are the following inland cities and villages: to the west of the Benda these cities:—  Malippala .,inland,
7.01.83,7,7.01,83,AS10,Bindas (Bendas),Bindas (Bendas) | Pseudostomos,Between the Benda and Pseudostomos:  Nagarouris (or Nagaronraris) .,inland,
7.01.84,7,7.01,84,AS10,Gebiet der Piraten,Gebiet der Piraten,The inland cities of the Pirates are these:—  Olochoira .,inland,
7.01.85,7,7.01,85,AS10,Limyrike,Limyrike | Pseudostomos,"Inland cities of Limyrike, to the west of the Pseudostomos are these:—  Naroulia .",inland,
7.01.86,7,7.01,86,AS10,Pseudostomos,Pseudostomos | Baris,"Between the Pseudostomos and the Baris, these cities:—  Pasage .",inland,
7.01.87,7,7.01,87,AS10,Aier,Aier,Inland of the Aioi:—  Morounda .,inland,
7.01.88,7,7.01,88,AS10,Kareer,Kareer,Inland cities of the Kareoi:—  Mendela .,inland,
7.01.89,7,7.01,89,AS10,Pandionen,Pandionen,Inland cities of the Pandionoi:—  Tainour .,inland,
7.01.90,7,7.01,90,AS10,Bater,Bater,Inland cities of the Batoi:—  Kalindoia .,inland,
7.01.91,7,7.01,91,AS10,Küste der Soringer,Küste der Soringer,Inland cities of the Paralia of the Soretai:—  Kaliour .,inland,
7.01.92,7,7.01,92,AS10,Aruarner,Aruarner,The inland cities of the Arvarnoi are these:—  Kerauge .,inland,
7.01.93,7,7.01,93,AS10,Maisoler,Maisoler,The inland cities of the Maisoloi:—  Kalliga .,inland,
7.01.94,7,7.01,94,AS10,Indien diesseits des Ganges,Indien diesseits des Ganges  | Kanthischer Golf,Islands lying near the part of India which projects into the ocean in the Gulf of Kanthi:—  Barake .,coast section,
7.01.95,7,7.01,95,AS10,Kolchischer Golf,Kolchischer Golf,And along the line of coast as far as the Kolchic Gulf:—  Milizegyris (or Milizigeris) .,island,"Found by the systematic topostext-disagreement review (2026-07-30): the *other* Ionian islands, each cited once (not a coastal walk of any single one, so no _ISLAND_LINE_GROUPS entry - just the ""list of several different islands"" shape _ISLAND_APPENDIX_SECTIONS exists for). Section ""12"": Kephallenia (""Kephallenia island, with a city of the same name...its northernmost promontory"" / ""the southern promontory"" - both capes stay `island` too, the same as Corfu's own capes above), Erikusa, Skopelos, Leukas (""Leukas island""). Section ""13"": Echinaden (""the Echinades islands""), Ithake (""in which a city of that name""), Lotoa (""Letoa island""), Zakynthos (""in which a city of the same name""). All were sitting in `city`. [Ganges-delta islands (""Heptanesia"" = ""seven islands"")]"
7.01.96,7,7.01,96,AS10,Argarischer Golf,Argarischer Golf,And in the Argaric Gulf:—  Kory .,coast section,
7.02.02,7,7.02,02,AS11,Gangetischer Golf,Gangetischer Golf | Antibole-Mündung | Kirraden (Kiriaden),,coast section,
7.02.03,7,7.02,03,AS11,Silbernes Land,Silbernes Land,,coast section,"Found the same way again, this time by the user directly (asked for a side-by-side table of book.map ""5.05.02""/""5.05.03""/""5.08.02"" to see why they weren't coastal): Kilikia Tracheia's own western coast, between Side (the Eurasian arc's own long-unconfirmed loose end) and Anemurion. Section ""5.05.03"" is headed ""Coast of Kilikia Tracheia"" (topostext §5.5.3) - literally ""coast"", just naming a district instead of a sea. Section ""5.08.02"" is headed ""In Selinitis of Kilikia Tracheia"" (topostext §5.8.2), a sub-district within the same coast - confirmed by §5.8.1's own transition line: ""with the following description: from Syedra, a city of Pamphylia, along the *coast*:"". Longitude rises monotonically the whole way - Side 63.42 -> Korakesion 63.58 -> Syedra 63.83 -> Iotape 64.00 -> Selinus 64.33 -> Antiocheia 64.67 -> Nephelis 64.83 -> Anemurion 65.17 - a real coastal walk, not a coincidence. This closes the Side<->Anemurion gap with genuine data instead of the dashed schematic bridge used since the twenty-eighth round (see static_map.py's own now-removed _ANEMURION bridge logic)."
7.02.04,7,7.02,04,AS11,Menschenfressende Besyngiten,Menschenfressende Besyngiten | Sabarakischer Golf,,coast section,
7.02.05,7,7.02,05,AS11,Goldene Chersones,Goldene Chersones,,coast section,"Found the same way again, this time by the user directly (asked for a side-by-side table of book.map ""5.05.02""/""5.05.03""/""5.08.02"" to see why they weren't coastal): Kilikia Tracheia's own western coast, between Side (the Eurasian arc's own long-unconfirmed loose end) and Anemurion. Section ""5.05.03"" is headed ""Coast of Kilikia Tracheia"" (topostext §5.5.3) - literally ""coast"", just naming a district instead of a sea. Section ""5.08.02"" is headed ""In Selinitis of Kilikia Tracheia"" (topostext §5.8.2), a sub-district within the same coast - confirmed by §5.8.1's own transition line: ""with the following description: from Syedra, a city of Pamphylia, along the *coast*:"". Longitude rises monotonically the whole way - Side 63.42 -> Korakesion 63.58 -> Syedra 63.83 -> Iotape 64.00 -> Selinus 64.33 -> Antiocheia 64.67 -> Nephelis 64.83 -> Anemurion 65.17 - a real coastal walk, not a coincidence. This closes the Side<->Anemurion gap with genuine data instead of the dashed schematic bridge used since the twenty-eighth round (see static_map.py's own now-removed _ANEMURION bridge logic)."
7.02.06,7,7.02,06,AS11,Land der Räuber,Land der Räuber,,coast section,"Found the same way again, this time by the user directly (asked for a side-by-side table of book.map ""5.05.02""/""5.05.03""/""5.08.02"" to see why they weren't coastal): Kilikia Tracheia's own western coast, between Side (the Eurasian arc's own long-unconfirmed loose end) and Anemurion. Section ""5.05.03"" is headed ""Coast of Kilikia Tracheia"" (topostext §5.5.3) - literally ""coast"", just naming a district instead of a sea. Section ""5.08.02"" is headed ""In Selinitis of Kilikia Tracheia"" (topostext §5.8.2), a sub-district within the same coast - confirmed by §5.8.1's own transition line: ""with the following description: from Syedra, a city of Pamphylia, along the *coast*:"". Longitude rises monotonically the whole way - Side 63.42 -> Korakesion 63.58 -> Syedra 63.83 -> Iotape 64.00 -> Selinus 64.33 -> Antiocheia 64.67 -> Nephelis 64.83 -> Anemurion 65.17 - a real coastal walk, not a coincidence. This closes the Side<->Anemurion gap with genuine data instead of the dashed schematic bridge used since the twenty-eighth round (see static_map.py's own now-removed _ANEMURION bridge logic)."
7.02.07,7,7.02,07,AS11,Grosser Golf,Grosser Golf,,coast section,
7.02.08,7,7.02,08,AS11,Bepyrron- (Bepyron)-Gebirge (NW-Ende),,,inland,
7.02.09,7,7.02,09,AS11,Bepyrron-Gebirge (Bepyron-Gebirge),Bepyrron-Gebirge (Bepyron-Gebirge),,inland,
7.02.10,7,7.02,10,AS11,Maiandros-Gebirge,Maiandros-Gebirge | Ganges | Besyngas | Seros | Semanthinon-Gebirge,"From Maiandros descend the rivers beyond the Ganges as far as the Besynga River, but the river Seros flows from the range of Semanthinos from two sources, of which the most western lies in .",inland,
7.02.11,7,7.02,11,AS11,Damasa-Gebirge,Damasa-Gebirge | Daonas | Dorias,From the Damassa range flow the Daonas and Dorias (the Doanas runs as far as to Bepyrrhos)  and the Dorias rises in .,inland,
7.02.12,7,7.02,12,AS11,Goldene Chersones,Goldene Chersones | Namenlose Bergrücken auf der Goldenen Chersones | Namenloser Fluss auf der Goldenen Chersones | Palandas,"The rivers which having previously united flow through the Golden Chersonese from the mountain ridges, without name, which overhang the Chersonese—the one flowing into the Chersonese first detaches from it the Attabas in about .",inland,
7.02.13,7,7.02,13,AS11,Ganges,Ganges | Ganganer | Sarabos,"The regions of this Division lying along the course of the Ganges on its eastern side and furthest to the north are inhabited by the Ganganoi, through whose dominions flows the river Sarabos, and who have the following towns:—  Sapolos .",inland,
7.02.14,7,7.02,14,AS11,Marunden,Marunden | Gangariden | Ganges,"To the south of these are the Maroundai who reach the Gangaridai, and have the following towns on the east of the Ganges:—  Boraita .",inland,
7.02.22,7,7.02,22,AS11,Ganges,Ganges,"The inland towns and villages of this division, in addition to those mentioned along the Ganges are called:—  Selampoura .",inland,
7.02.23,7,7.02,23,AS11,Rhandamarkotta* (Rhandamarta*),,"Rhadamarkotta, in which is much nard .",inland,
7.02.24,7,7.02,24,AS11,Lariagara,,Lariagara .,inland,
7.02.25,7,7.02,25,AS11,Goldene Chersones,Goldene Chersones,In the Golden Chersonese—  Balongka .,inland,
7.02.26,7,7.02,26,AS11,Indien jenseits des Ganges,Indien jenseits des Ganges | Aginnaten,The islands of the division of India we have been describing are said to be these:  Bazakata .,inland,
7.02.27,7,7.02,27,AS11,Menschenfresser,Menschenfresser,"There are three islands called Sindai, inhabited by Cannibals, of which the centre lies in .",inland,
7.02.28,7,7.02,28,AS11,Menschenfresser,Menschenfresser | Menschenfresser,"A group of five islands, the Barousai, whose inhabitants are said to be cannibals, and the centre of which lies in .",inland,
7.02.29,7,7.02,29,AS11,Iabadiu,Iabadiu,"The island of Iabadios (or Sabadios) which means the island of Barley. It is said to be of extraordinary fertility, and to produce very much gold, and to have its capital called Argyre (Silver-town) in the extreme west of it. It lies in .",island,"The following five were confirmed against topostext.org/work/209's English translation, which states outright ""the Ebuda islands..."", ""the islands which are near Albion island..."", etc. - independent of our own Modern_location-based guessing. [Argyre*/Iabadiu (W-Ende and SO-Ende) - the island Iabadios (topostext: ""The island of Iabadios...It lies in [W]...and the eastern limit lies in [E]""), its two extent points in the same shape as Thule/Scandia's W/O/N/S citations]"
7.02.30,7,7.02,30,AS11,Satyrn,Satyrn,"The Islands of the Satyrs, three in number, of which the centre is in .",inland,
7.02.31,7,7.02,31,AS11,Menschenfressende Maniolen,Menschenfressende Maniolen,"There are said to be also ten other islands forming a continuous group called Maniolai, from which ships fastened with iron nails are said to be unable to move away, and hence they are built with wooden bolts. The inhabitants are called Maniolai, and are reputed to be cannibals.
Event Date: 150 GR",inland,
7.03.02,7,7.03,02,AS11,Indien jenseits des Ganges,"Indien jenseits des Ganges  | Grenzpunkt (Indien jenseits des Ganges, Land der Sinen)",,coast section,"Found the same way again, this time by the user directly (asked for a side-by-side table of book.map ""5.05.02""/""5.05.03""/""5.08.02"" to see why they weren't coastal): Kilikia Tracheia's own western coast, between Side (the Eurasian arc's own long-unconfirmed loose end) and Anemurion. Section ""5.05.03"" is headed ""Coast of Kilikia Tracheia"" (topostext §5.5.3) - literally ""coast"", just naming a district instead of a sea. Section ""5.08.02"" is headed ""In Selinitis of Kilikia Tracheia"" (topostext §5.8.2), a sub-district within the same coast - confirmed by §5.8.1's own transition line: ""with the following description: from Syedra, a city of Pamphylia, along the *coast*:"". Longitude rises monotonically the whole way - Side 63.42 -> Korakesion 63.58 -> Syedra 63.83 -> Iotape 64.00 -> Selinus 64.33 -> Antiocheia 64.67 -> Nephelis 64.83 -> Anemurion 65.17 - a real coastal walk, not a coincidence. This closes the Side<->Anemurion gap with genuine data instead of the dashed schematic bridge used since the twenty-eighth round (see static_map.py's own now-removed _ANEMURION bridge logic)."
7.03.03,7,7.03,03,AS11,Golf der Sinen,Golf der Sinen | Fischessende Äthiopen | Sinos | Sinen,,coast section,
7.03.05,7,7.03,05,AS11,Sinen,Sinen,,inland,
7.03.06,7,7.03,06,AS11,Kattigara,Kattigara | Prasodisches Meer | Kap Prason | Golf des Seichten Meeres | Kap Rhapton | Azania,,coast section,
7.04.02,7,7.04,02,AS12,Kap Kory,Kap Kory ,,inland,
7.04.03,7,7.04,03,AS12,Nördliches Kap,,,coast section,"Found the same way again, this time by the user directly (asked for a side-by-side table of book.map ""5.05.02""/""5.05.03""/""5.08.02"" to see why they weren't coastal): Kilikia Tracheia's own western coast, between Side (the Eurasian arc's own long-unconfirmed loose end) and Anemurion. Section ""5.05.03"" is headed ""Coast of Kilikia Tracheia"" (topostext §5.5.3) - literally ""coast"", just naming a district instead of a sea. Section ""5.08.02"" is headed ""In Selinitis of Kilikia Tracheia"" (topostext §5.8.2), a sub-district within the same coast - confirmed by §5.8.1's own transition line: ""with the following description: from Syedra, a city of Pamphylia, along the *coast*:"". Longitude rises monotonically the whole way - Side 63.42 -> Korakesion 63.58 -> Syedra 63.83 -> Iotape 64.00 -> Selinus 64.33 -> Antiocheia 64.67 -> Nephelis 64.83 -> Anemurion 65.17 - a real coastal walk, not a coincidence. This closes the Side<->Anemurion gap with genuine data instead of the dashed schematic bridge used since the twenty-eighth round (see static_map.py's own now-removed _ANEMURION bridge logic)."
7.04.04,7,7.04,04,AS12,Anubingara,,,coast section,"Found the same way again, this time by the user directly (asked for a side-by-side table of book.map ""5.05.02""/""5.05.03""/""5.08.02"" to see why they weren't coastal): Kilikia Tracheia's own western coast, between Side (the Eurasian arc's own long-unconfirmed loose end) and Anemurion. Section ""5.05.03"" is headed ""Coast of Kilikia Tracheia"" (topostext §5.5.3) - literally ""coast"", just naming a district instead of a sea. Section ""5.08.02"" is headed ""In Selinitis of Kilikia Tracheia"" (topostext §5.8.2), a sub-district within the same coast - confirmed by §5.8.1's own transition line: ""with the following description: from Syedra, a city of Pamphylia, along the *coast*:"". Longitude rises monotonically the whole way - Side 63.42 -> Korakesion 63.58 -> Syedra 63.83 -> Iotape 64.00 -> Selinus 64.33 -> Antiocheia 64.67 -> Nephelis 64.83 -> Anemurion 65.17 - a real coastal walk, not a coincidence. This closes the Side<->Anemurion gap with genuine data instead of the dashed schematic bridge used since the twenty-eighth round (see static_map.py's own now-removed _ANEMURION bridge logic)."
7.04.05,7,7.04,05,AS12,"Dagana, der Selene heilig (Dagina, der Selene heilig)",,,coast section,"Found by an independent second pass: building a standalone category guess purely from topostext's own wording (category_check.py, no access to the catalogue's category, name, or any exception list) and comparing it to the catalogue's category surfaced a few more instances of the same gap the batch above missed: [Taprobane's own coast: ""Dagana...Cape of Dionysos...Ketaion Cape...Mouth of the river Barakes...the haven of Mardos""]"
7.04.06,7,7.04,06,AS12,Abaraththa (Amaraththa),,,coast section,"Found the same way again, this time by the user directly (asked for a side-by-side table of book.map ""5.05.02""/""5.05.03""/""5.08.02"" to see why they weren't coastal): Kilikia Tracheia's own western coast, between Side (the Eurasian arc's own long-unconfirmed loose end) and Anemurion. Section ""5.05.03"" is headed ""Coast of Kilikia Tracheia"" (topostext §5.5.3) - literally ""coast"", just naming a district instead of a sea. Section ""5.08.02"" is headed ""In Selinitis of Kilikia Tracheia"" (topostext §5.8.2), a sub-district within the same coast - confirmed by §5.8.1's own transition line: ""with the following description: from Syedra, a city of Pamphylia, along the *coast*:"". Longitude rises monotonically the whole way - Side 63.42 -> Korakesion 63.58 -> Syedra 63.83 -> Iotape 64.00 -> Selinus 64.33 -> Antiocheia 64.67 -> Nephelis 64.83 -> Anemurion 65.17 - a real coastal walk, not a coincidence. This closes the Side<->Anemurion gap with genuine data instead of the dashed schematic bridge used since the twenty-eighth round (see static_map.py's own now-removed _ANEMURION bridge logic)."
7.04.07,7,7.04,07,AS12,Nördliches Kap,Nördliches Kap,,coast section,"Found the same way again, this time by the user directly (asked for a side-by-side table of book.map ""5.05.02""/""5.05.03""/""5.08.02"" to see why they weren't coastal): Kilikia Tracheia's own western coast, between Side (the Eurasian arc's own long-unconfirmed loose end) and Anemurion. Section ""5.05.03"" is headed ""Coast of Kilikia Tracheia"" (topostext §5.5.3) - literally ""coast"", just naming a district instead of a sea. Section ""5.08.02"" is headed ""In Selinitis of Kilikia Tracheia"" (topostext §5.8.2), a sub-district within the same coast - confirmed by §5.8.1's own transition line: ""with the following description: from Syedra, a city of Pamphylia, along the *coast*:"". Longitude rises monotonically the whole way - Side 63.42 -> Korakesion 63.58 -> Syedra 63.83 -> Iotape 64.00 -> Selinus 64.33 -> Antiocheia 64.67 -> Nephelis 64.83 -> Anemurion 65.17 - a real coastal walk, not a coincidence. This closes the Side<->Anemurion gap with genuine data instead of the dashed schematic bridge used since the twenty-eighth round (see static_map.py's own now-removed _ANEMURION bridge logic)."
7.04.10,7,7.04,10,AS12,Anurogrammon (Anurigrammon),,"The inland towns in the island are these:—  Anourogrammon, the royal residence .",inland,
7.04.11,7,7.04,11,AS12,Taprobane,Taprobane,In front of Taprobane lies a group of islands which they say number 1378. Those whose names are mentioned are the following:—  Ouangalia (or Ouangana) .,island,"The following five were confirmed against topostext.org/work/209's English translation, which states outright ""the Ebuda islands..."", ""the islands which are near Albion island..."", etc. - independent of our own Modern_location-based guessing. [Vangana/Kanathra/Orneon/Aigidion/Monache/Ammine - the group of islands in front of Taprobane (topostext: ""In front of Taprobane lies a group of islands...Ouangalia...Kanathra...Aigidion...Orneon...Monache...Ammine"")]"
7.04.12,7,7.04,12,AS12,Karkos,,Karkos .,inland,
7.04.13,7,7.04,13,AS12,Zaba,,Zaba . 135°00' . on the Equator.  Zibala .,inland,
