id,section_id,override_type,value,note
15,2.02.11,force_island_section,,"The following five were confirmed against topostext.org/work/209's English translation, which states outright ""the Ebuda islands..."", ""the islands which are near Albion island..."", etc. - independent of our own Modern_location-based guessing. [Ebuda (x2)/Ricina/Maleus/Epidium - the Hebrides, off Ireland's Ptolemaic coast]"
59,2.02.12,force_island_section,,"The following five were confirmed against topostext.org/work/209's English translation, which states outright ""the Ebuda islands..."", ""the islands which are near Albion island..."", etc. - independent of our own Modern_location-based guessing. [Monaoeda/Mona/Edrus/Limnus - Isle of Man, Anglesey, and neighbours]"
65,2.03.17,force_noncoastal_section,,"The mirror-image problem: sections manually verified to be inland cities despite a coastal-sounding section header, so the section-level fallback must NOT apply to them. ""2.03"" section ""17"" is headed ""Hafenreicher Golf"" (""harbor-rich gulf"") but its actual points - Eboracum (York), Camulodunum (Colchester), Petuaria (Brough-on-Humber) - are inland Roman-Britain towns/legion camps, not capes or mouths. Spliced into the England coastline as ""coastal"" points, they connected East Anglia straight to Kent via a detour up to York and back. [Eboracum/Camulodunum/Petuaria - York/Colchester/Brough]"
3,2.03.31,force_island_section,,"The following five were confirmed against topostext.org/work/209's English translation, which states outright ""the Ebuda islands..."", ""the islands which are near Albion island..."", etc. - independent of our own Modern_location-based guessing. [Scitis/Dumna/Orkaden - Skye, Lewis, Orkney]"
44,2.03.32,force_island_section,,"The following five were confirmed against topostext.org/work/209's English translation, which states outright ""the Ebuda islands..."", ""the islands which are near Albion island..."", etc. - independent of our own Modern_location-based guessing. [Thule W/O/N/S/Mitte - the island Thule's five extremity points]"
50,2.03.33,force_island_section,,"The following five were confirmed against topostext.org/work/209's English translation, which states outright ""the Ebuda islands..."", ""the islands which are near Albion island..."", etc. - independent of our own Modern_location-based guessing. [Tanatis/Counnus/Vectis - Thanet, and the Isle of Wight]"
229,2.05.04,force_coastal_section,," A seventeenth-round, catalogue-wide sweep (2026-07-30), prompted by the user pointing out a structural blind spot in every check run so far this session: crossref_topostext.py/category_check.py only ever flag a `city` point when *that point's own* topostext phrase contains a coastal keyword - Sidon, Tyros and Byblos (fixed just above) have none; their own citations are bare names. The signal that they're coastal was never in their own phrase, it was in their *section*: sitting between already-correctly-classified points (a ""-Mündung"" river mouth, a ""Kap"" cape) that do carry a keyword. That's checkable without topostext at all - a section mixing coastal-family points (`coast`/`harbor`/`river_mouth`, keyword- detected from the German name) with plain `city` points, with no sea-word header of its own, is structurally suspicious on its own: Ptolemy's sections are narratively homogeneous (a coastal run OR an inland list, established as this project's whole classification premise), so a section doing both at once is far more likely to be one coastal run some of whose points merely lack their own keyword than a genuine mix.  Found 110 such sections catalogue-wide. Checked every one's full topostext text (not just the `city` points' own phrases) before adding it - looking for either confirming coastal language (promontory/harbor/river mouth/gulf/bay, a run of real coastal place-names) or a contradiction (an inland/interior framing, the same ""in the interior of Galatian Pontos"" shape that correctly ruled out a candidate earlier this session). 109 confirmed straightforwardly - a representative sample across the whole range: Lusitania's own coast continuing past the Durius fix above (Oliosipum/Lisbon, Obila - ""LUSITANIA...the mouth of the river, which flows into the Outer Sea""); the Basque/Catalan coast (`2.06.07`/`.10`/`.14`/`.15`/`.18`/`.19`/`.20` - ""Of the Autrigones: Nerva river mouth | Flaviobriga"", ""Of the Vascones: Oiasso city | Ocasso promontory of the Pyrenees""); Dalmatia (`2.16.02`/`.03`/`.05` - ""Ortopla...mouth of the Titos river...Skardona""); Macedonia and Thessaly (`3.13.05/06/12/14/15/16` - ""In Amphaxitis: Thessalonike | Echedoros river outlet"", ""In Pieria: ...Pydna | Haliakmon river outlet...Dion colonia...Peneios river outlet""); Boiotia and the Lokrians (`3.15.03/09/11` - ""In Boiotia: Aulis | Ismenos river outlet | Salganeus | Anthedon""); Messenia (`3.16.07` - ""Kyparissia city | Kyparission promontory...Pylos | Koryphasion headland | Mothone""); Crete's south coast (`3.17.03/04/07/08` - ""Description of the south side: Lissos | Tarrha...Phoinix city | Phoinikous harbor""); Mauretania/Numidia/Africa/Cyrenaica (`4.01`-`4.04`,`4.06`-`4.08`, a dozen sections - Icosium, Rusazus, Carthage's own harbor towns, ""In the Pentapolis, Berenike or Hesperides | mouth of the Lathon river""); Anatolia's Aeolis/Lykia/ Pontus coasts (`5.01`-`5.14`, another dozen - ""Patara | Antiphellos | Andriake...Olympos city | Phaselis""); the Levant's own continuation past the Phoenicia fix (`5.16.02` - Kaisareia, Apollonia, Ioppe/Jaffa, Azotos, Askalon, Anthedon, already-`harbor` Gaza/Iamnia ports between them); the Persian Gulf coast of Babylonia/Susiane/Persis (`5.20.05`,`6.02.02`-`6.04.02` - ""this coast is described as follows: the western mouth of the Tigris river...""); and India's own Malabar/Coromandel/Ganges-delta coasts (`7.01`/`7.02`/`7.03`/`7.04`, the largest single cluster - ""(Ariake) of the Pirates. Mandagara..."", ""Maisolia. Mouth of the River Maisolos..."", ""Mouths of the Ganges...""). One candidate, `3.05.14`, was excluded: its own `city` point (""Nördlicher Endpunkt"") is ""the southern limit of Sarmatia at the *sources* of the Tanais river"" - a river-source boundary marker at the opposite end from this section's real coastal points (the Tanais' two mouths), the same shape as the Durius/Anas fixes above, not a coastal gap - left as `city`, worth a closer individual look later if it turns out to need one."
46,2.05.10,force_island_section,,"The following five were confirmed against topostext.org/work/209's English translation, which states outright ""the Ebuda islands..."", ""the islands which are near Albion island..."", etc. - independent of our own Modern_location-based guessing. [Londobris - the Berlengas, off Lusitania (""An island lying off Lusitania, Londobris"")]"
220,2.06.04,force_coastal_section,," A seventeenth-round, catalogue-wide sweep (2026-07-30), prompted by the user pointing out a structural blind spot in every check run so far this session: crossref_topostext.py/category_check.py only ever flag a `city` point when *that point's own* topostext phrase contains a coastal keyword - Sidon, Tyros and Byblos (fixed just above) have none; their own citations are bare names. The signal that they're coastal was never in their own phrase, it was in their *section*: sitting between already-correctly-classified points (a ""-Mündung"" river mouth, a ""Kap"" cape) that do carry a keyword. That's checkable without topostext at all - a section mixing coastal-family points (`coast`/`harbor`/`river_mouth`, keyword- detected from the German name) with plain `city` points, with no sea-word header of its own, is structurally suspicious on its own: Ptolemy's sections are narratively homogeneous (a coastal run OR an inland list, established as this project's whole classification premise), so a section doing both at once is far more likely to be one coastal run some of whose points merely lack their own keyword than a genuine mix.  Found 110 such sections catalogue-wide. Checked every one's full topostext text (not just the `city` points' own phrases) before adding it - looking for either confirming coastal language (promontory/harbor/river mouth/gulf/bay, a run of real coastal place-names) or a contradiction (an inland/interior framing, the same ""in the interior of Galatian Pontos"" shape that correctly ruled out a candidate earlier this session). 109 confirmed straightforwardly - a representative sample across the whole range: Lusitania's own coast continuing past the Durius fix above (Oliosipum/Lisbon, Obila - ""LUSITANIA...the mouth of the river, which flows into the Outer Sea""); the Basque/Catalan coast (`2.06.07`/`.10`/`.14`/`.15`/`.18`/`.19`/`.20` - ""Of the Autrigones: Nerva river mouth | Flaviobriga"", ""Of the Vascones: Oiasso city | Ocasso promontory of the Pyrenees""); Dalmatia (`2.16.02`/`.03`/`.05` - ""Ortopla...mouth of the Titos river...Skardona""); Macedonia and Thessaly (`3.13.05/06/12/14/15/16` - ""In Amphaxitis: Thessalonike | Echedoros river outlet"", ""In Pieria: ...Pydna | Haliakmon river outlet...Dion colonia...Peneios river outlet""); Boiotia and the Lokrians (`3.15.03/09/11` - ""In Boiotia: Aulis | Ismenos river outlet | Salganeus | Anthedon""); Messenia (`3.16.07` - ""Kyparissia city | Kyparission promontory...Pylos | Koryphasion headland | Mothone""); Crete's south coast (`3.17.03/04/07/08` - ""Description of the south side: Lissos | Tarrha...Phoinix city | Phoinikous harbor""); Mauretania/Numidia/Africa/Cyrenaica (`4.01`-`4.04`,`4.06`-`4.08`, a dozen sections - Icosium, Rusazus, Carthage's own harbor towns, ""In the Pentapolis, Berenike or Hesperides | mouth of the Lathon river""); Anatolia's Aeolis/Lykia/ Pontus coasts (`5.01`-`5.14`, another dozen - ""Patara | Antiphellos | Andriake...Olympos city | Phaselis""); the Levant's own continuation past the Phoenicia fix (`5.16.02` - Kaisareia, Apollonia, Ioppe/Jaffa, Azotos, Askalon, Anthedon, already-`harbor` Gaza/Iamnia ports between them); the Persian Gulf coast of Babylonia/Susiane/Persis (`5.20.05`,`6.02.02`-`6.04.02` - ""this coast is described as follows: the western mouth of the Tigris river...""); and India's own Malabar/Coromandel/Ganges-delta coasts (`7.01`/`7.02`/`7.03`/`7.04`, the largest single cluster - ""(Ariake) of the Pirates. Mandagara..."", ""Maisolia. Mouth of the River Maisolos..."", ""Mouths of the Ganges...""). One candidate, `3.05.14`, was excluded: its own `city` point (""Nördlicher Endpunkt"") is ""the southern limit of Sarmatia at the *sources* of the Tanais river"" - a river-source boundary marker at the opposite end from this section's real coastal points (the Tanais' two mouths), the same shape as the Durius/Anas fixes above, not a coastal gap - left as `city`, worth a closer individual look later if it turns out to need one."
184,2.06.07,force_coastal_section,," A seventeenth-round, catalogue-wide sweep (2026-07-30), prompted by the user pointing out a structural blind spot in every check run so far this session: crossref_topostext.py/category_check.py only ever flag a `city` point when *that point's own* topostext phrase contains a coastal keyword - Sidon, Tyros and Byblos (fixed just above) have none; their own citations are bare names. The signal that they're coastal was never in their own phrase, it was in their *section*: sitting between already-correctly-classified points (a ""-Mündung"" river mouth, a ""Kap"" cape) that do carry a keyword. That's checkable without topostext at all - a section mixing coastal-family points (`coast`/`harbor`/`river_mouth`, keyword- detected from the German name) with plain `city` points, with no sea-word header of its own, is structurally suspicious on its own: Ptolemy's sections are narratively homogeneous (a coastal run OR an inland list, established as this project's whole classification premise), so a section doing both at once is far more likely to be one coastal run some of whose points merely lack their own keyword than a genuine mix.  Found 110 such sections catalogue-wide. Checked every one's full topostext text (not just the `city` points' own phrases) before adding it - looking for either confirming coastal language (promontory/harbor/river mouth/gulf/bay, a run of real coastal place-names) or a contradiction (an inland/interior framing, the same ""in the interior of Galatian Pontos"" shape that correctly ruled out a candidate earlier this session). 109 confirmed straightforwardly - a representative sample across the whole range: Lusitania's own coast continuing past the Durius fix above (Oliosipum/Lisbon, Obila - ""LUSITANIA...the mouth of the river, which flows into the Outer Sea""); the Basque/Catalan coast (`2.06.07`/`.10`/`.14`/`.15`/`.18`/`.19`/`.20` - ""Of the Autrigones: Nerva river mouth | Flaviobriga"", ""Of the Vascones: Oiasso city | Ocasso promontory of the Pyrenees""); Dalmatia (`2.16.02`/`.03`/`.05` - ""Ortopla...mouth of the Titos river...Skardona""); Macedonia and Thessaly (`3.13.05/06/12/14/15/16` - ""In Amphaxitis: Thessalonike | Echedoros river outlet"", ""In Pieria: ...Pydna | Haliakmon river outlet...Dion colonia...Peneios river outlet""); Boiotia and the Lokrians (`3.15.03/09/11` - ""In Boiotia: Aulis | Ismenos river outlet | Salganeus | Anthedon""); Messenia (`3.16.07` - ""Kyparissia city | Kyparission promontory...Pylos | Koryphasion headland | Mothone""); Crete's south coast (`3.17.03/04/07/08` - ""Description of the south side: Lissos | Tarrha...Phoinix city | Phoinikous harbor""); Mauretania/Numidia/Africa/Cyrenaica (`4.01`-`4.04`,`4.06`-`4.08`, a dozen sections - Icosium, Rusazus, Carthage's own harbor towns, ""In the Pentapolis, Berenike or Hesperides | mouth of the Lathon river""); Anatolia's Aeolis/Lykia/ Pontus coasts (`5.01`-`5.14`, another dozen - ""Patara | Antiphellos | Andriake...Olympos city | Phaselis""); the Levant's own continuation past the Phoenicia fix (`5.16.02` - Kaisareia, Apollonia, Ioppe/Jaffa, Azotos, Askalon, Anthedon, already-`harbor` Gaza/Iamnia ports between them); the Persian Gulf coast of Babylonia/Susiane/Persis (`5.20.05`,`6.02.02`-`6.04.02` - ""this coast is described as follows: the western mouth of the Tigris river...""); and India's own Malabar/Coromandel/Ganges-delta coasts (`7.01`/`7.02`/`7.03`/`7.04`, the largest single cluster - ""(Ariake) of the Pirates. Mandagara..."", ""Maisolia. Mouth of the River Maisolos..."", ""Mouths of the Ganges...""). One candidate, `3.05.14`, was excluded: its own `city` point (""Nördlicher Endpunkt"") is ""the southern limit of Sarmatia at the *sources* of the Tanais river"" - a river-source boundary marker at the opposite end from this section's real coastal points (the Tanais' two mouths), the same shape as the Durius/Anas fixes above, not a coastal gap - left as `city`, worth a closer individual look later if it turns out to need one."
103,2.06.10,force_coastal_section,," A seventeenth-round, catalogue-wide sweep (2026-07-30), prompted by the user pointing out a structural blind spot in every check run so far this session: crossref_topostext.py/category_check.py only ever flag a `city` point when *that point's own* topostext phrase contains a coastal keyword - Sidon, Tyros and Byblos (fixed just above) have none; their own citations are bare names. The signal that they're coastal was never in their own phrase, it was in their *section*: sitting between already-correctly-classified points (a ""-Mündung"" river mouth, a ""Kap"" cape) that do carry a keyword. That's checkable without topostext at all - a section mixing coastal-family points (`coast`/`harbor`/`river_mouth`, keyword- detected from the German name) with plain `city` points, with no sea-word header of its own, is structurally suspicious on its own: Ptolemy's sections are narratively homogeneous (a coastal run OR an inland list, established as this project's whole classification premise), so a section doing both at once is far more likely to be one coastal run some of whose points merely lack their own keyword than a genuine mix.  Found 110 such sections catalogue-wide. Checked every one's full topostext text (not just the `city` points' own phrases) before adding it - looking for either confirming coastal language (promontory/harbor/river mouth/gulf/bay, a run of real coastal place-names) or a contradiction (an inland/interior framing, the same ""in the interior of Galatian Pontos"" shape that correctly ruled out a candidate earlier this session). 109 confirmed straightforwardly - a representative sample across the whole range: Lusitania's own coast continuing past the Durius fix above (Oliosipum/Lisbon, Obila - ""LUSITANIA...the mouth of the river, which flows into the Outer Sea""); the Basque/Catalan coast (`2.06.07`/`.10`/`.14`/`.15`/`.18`/`.19`/`.20` - ""Of the Autrigones: Nerva river mouth | Flaviobriga"", ""Of the Vascones: Oiasso city | Ocasso promontory of the Pyrenees""); Dalmatia (`2.16.02`/`.03`/`.05` - ""Ortopla...mouth of the Titos river...Skardona""); Macedonia and Thessaly (`3.13.05/06/12/14/15/16` - ""In Amphaxitis: Thessalonike | Echedoros river outlet"", ""In Pieria: ...Pydna | Haliakmon river outlet...Dion colonia...Peneios river outlet""); Boiotia and the Lokrians (`3.15.03/09/11` - ""In Boiotia: Aulis | Ismenos river outlet | Salganeus | Anthedon""); Messenia (`3.16.07` - ""Kyparissia city | Kyparission promontory...Pylos | Koryphasion headland | Mothone""); Crete's south coast (`3.17.03/04/07/08` - ""Description of the south side: Lissos | Tarrha...Phoinix city | Phoinikous harbor""); Mauretania/Numidia/Africa/Cyrenaica (`4.01`-`4.04`,`4.06`-`4.08`, a dozen sections - Icosium, Rusazus, Carthage's own harbor towns, ""In the Pentapolis, Berenike or Hesperides | mouth of the Lathon river""); Anatolia's Aeolis/Lykia/ Pontus coasts (`5.01`-`5.14`, another dozen - ""Patara | Antiphellos | Andriake...Olympos city | Phaselis""); the Levant's own continuation past the Phoenicia fix (`5.16.02` - Kaisareia, Apollonia, Ioppe/Jaffa, Azotos, Askalon, Anthedon, already-`harbor` Gaza/Iamnia ports between them); the Persian Gulf coast of Babylonia/Susiane/Persis (`5.20.05`,`6.02.02`-`6.04.02` - ""this coast is described as follows: the western mouth of the Tigris river...""); and India's own Malabar/Coromandel/Ganges-delta coasts (`7.01`/`7.02`/`7.03`/`7.04`, the largest single cluster - ""(Ariake) of the Pirates. Mandagara..."", ""Maisolia. Mouth of the River Maisolos..."", ""Mouths of the Ganges...""). One candidate, `3.05.14`, was excluded: its own `city` point (""Nördlicher Endpunkt"") is ""the southern limit of Sarmatia at the *sources* of the Tanais river"" - a river-source boundary marker at the opposite end from this section's real coastal points (the Tanais' two mouths), the same shape as the Durius/Anas fixes above, not a coastal gap - left as `city`, worth a closer individual look later if it turns out to need one."
177,2.06.14,force_coastal_section,," A seventeenth-round, catalogue-wide sweep (2026-07-30), prompted by the user pointing out a structural blind spot in every check run so far this session: crossref_topostext.py/category_check.py only ever flag a `city` point when *that point's own* topostext phrase contains a coastal keyword - Sidon, Tyros and Byblos (fixed just above) have none; their own citations are bare names. The signal that they're coastal was never in their own phrase, it was in their *section*: sitting between already-correctly-classified points (a ""-Mündung"" river mouth, a ""Kap"" cape) that do carry a keyword. That's checkable without topostext at all - a section mixing coastal-family points (`coast`/`harbor`/`river_mouth`, keyword- detected from the German name) with plain `city` points, with no sea-word header of its own, is structurally suspicious on its own: Ptolemy's sections are narratively homogeneous (a coastal run OR an inland list, established as this project's whole classification premise), so a section doing both at once is far more likely to be one coastal run some of whose points merely lack their own keyword than a genuine mix.  Found 110 such sections catalogue-wide. Checked every one's full topostext text (not just the `city` points' own phrases) before adding it - looking for either confirming coastal language (promontory/harbor/river mouth/gulf/bay, a run of real coastal place-names) or a contradiction (an inland/interior framing, the same ""in the interior of Galatian Pontos"" shape that correctly ruled out a candidate earlier this session). 109 confirmed straightforwardly - a representative sample across the whole range: Lusitania's own coast continuing past the Durius fix above (Oliosipum/Lisbon, Obila - ""LUSITANIA...the mouth of the river, which flows into the Outer Sea""); the Basque/Catalan coast (`2.06.07`/`.10`/`.14`/`.15`/`.18`/`.19`/`.20` - ""Of the Autrigones: Nerva river mouth | Flaviobriga"", ""Of the Vascones: Oiasso city | Ocasso promontory of the Pyrenees""); Dalmatia (`2.16.02`/`.03`/`.05` - ""Ortopla...mouth of the Titos river...Skardona""); Macedonia and Thessaly (`3.13.05/06/12/14/15/16` - ""In Amphaxitis: Thessalonike | Echedoros river outlet"", ""In Pieria: ...Pydna | Haliakmon river outlet...Dion colonia...Peneios river outlet""); Boiotia and the Lokrians (`3.15.03/09/11` - ""In Boiotia: Aulis | Ismenos river outlet | Salganeus | Anthedon""); Messenia (`3.16.07` - ""Kyparissia city | Kyparission promontory...Pylos | Koryphasion headland | Mothone""); Crete's south coast (`3.17.03/04/07/08` - ""Description of the south side: Lissos | Tarrha...Phoinix city | Phoinikous harbor""); Mauretania/Numidia/Africa/Cyrenaica (`4.01`-`4.04`,`4.06`-`4.08`, a dozen sections - Icosium, Rusazus, Carthage's own harbor towns, ""In the Pentapolis, Berenike or Hesperides | mouth of the Lathon river""); Anatolia's Aeolis/Lykia/ Pontus coasts (`5.01`-`5.14`, another dozen - ""Patara | Antiphellos | Andriake...Olympos city | Phaselis""); the Levant's own continuation past the Phoenicia fix (`5.16.02` - Kaisareia, Apollonia, Ioppe/Jaffa, Azotos, Askalon, Anthedon, already-`harbor` Gaza/Iamnia ports between them); the Persian Gulf coast of Babylonia/Susiane/Persis (`5.20.05`,`6.02.02`-`6.04.02` - ""this coast is described as follows: the western mouth of the Tigris river...""); and India's own Malabar/Coromandel/Ganges-delta coasts (`7.01`/`7.02`/`7.03`/`7.04`, the largest single cluster - ""(Ariake) of the Pirates. Mandagara..."", ""Maisolia. Mouth of the River Maisolos..."", ""Mouths of the Ganges...""). One candidate, `3.05.14`, was excluded: its own `city` point (""Nördlicher Endpunkt"") is ""the southern limit of Sarmatia at the *sources* of the Tanais river"" - a river-source boundary marker at the opposite end from this section's real coastal points (the Tanais' two mouths), the same shape as the Durius/Anas fixes above, not a coastal gap - left as `city`, worth a closer individual look later if it turns out to need one."
270,2.06.15,force_coastal_section,," A seventeenth-round, catalogue-wide sweep (2026-07-30), prompted by the user pointing out a structural blind spot in every check run so far this session: crossref_topostext.py/category_check.py only ever flag a `city` point when *that point's own* topostext phrase contains a coastal keyword - Sidon, Tyros and Byblos (fixed just above) have none; their own citations are bare names. The signal that they're coastal was never in their own phrase, it was in their *section*: sitting between already-correctly-classified points (a ""-Mündung"" river mouth, a ""Kap"" cape) that do carry a keyword. That's checkable without topostext at all - a section mixing coastal-family points (`coast`/`harbor`/`river_mouth`, keyword- detected from the German name) with plain `city` points, with no sea-word header of its own, is structurally suspicious on its own: Ptolemy's sections are narratively homogeneous (a coastal run OR an inland list, established as this project's whole classification premise), so a section doing both at once is far more likely to be one coastal run some of whose points merely lack their own keyword than a genuine mix.  Found 110 such sections catalogue-wide. Checked every one's full topostext text (not just the `city` points' own phrases) before adding it - looking for either confirming coastal language (promontory/harbor/river mouth/gulf/bay, a run of real coastal place-names) or a contradiction (an inland/interior framing, the same ""in the interior of Galatian Pontos"" shape that correctly ruled out a candidate earlier this session). 109 confirmed straightforwardly - a representative sample across the whole range: Lusitania's own coast continuing past the Durius fix above (Oliosipum/Lisbon, Obila - ""LUSITANIA...the mouth of the river, which flows into the Outer Sea""); the Basque/Catalan coast (`2.06.07`/`.10`/`.14`/`.15`/`.18`/`.19`/`.20` - ""Of the Autrigones: Nerva river mouth | Flaviobriga"", ""Of the Vascones: Oiasso city | Ocasso promontory of the Pyrenees""); Dalmatia (`2.16.02`/`.03`/`.05` - ""Ortopla...mouth of the Titos river...Skardona""); Macedonia and Thessaly (`3.13.05/06/12/14/15/16` - ""In Amphaxitis: Thessalonike | Echedoros river outlet"", ""In Pieria: ...Pydna | Haliakmon river outlet...Dion colonia...Peneios river outlet""); Boiotia and the Lokrians (`3.15.03/09/11` - ""In Boiotia: Aulis | Ismenos river outlet | Salganeus | Anthedon""); Messenia (`3.16.07` - ""Kyparissia city | Kyparission promontory...Pylos | Koryphasion headland | Mothone""); Crete's south coast (`3.17.03/04/07/08` - ""Description of the south side: Lissos | Tarrha...Phoinix city | Phoinikous harbor""); Mauretania/Numidia/Africa/Cyrenaica (`4.01`-`4.04`,`4.06`-`4.08`, a dozen sections - Icosium, Rusazus, Carthage's own harbor towns, ""In the Pentapolis, Berenike or Hesperides | mouth of the Lathon river""); Anatolia's Aeolis/Lykia/ Pontus coasts (`5.01`-`5.14`, another dozen - ""Patara | Antiphellos | Andriake...Olympos city | Phaselis""); the Levant's own continuation past the Phoenicia fix (`5.16.02` - Kaisareia, Apollonia, Ioppe/Jaffa, Azotos, Askalon, Anthedon, already-`harbor` Gaza/Iamnia ports between them); the Persian Gulf coast of Babylonia/Susiane/Persis (`5.20.05`,`6.02.02`-`6.04.02` - ""this coast is described as follows: the western mouth of the Tigris river...""); and India's own Malabar/Coromandel/Ganges-delta coasts (`7.01`/`7.02`/`7.03`/`7.04`, the largest single cluster - ""(Ariake) of the Pirates. Mandagara..."", ""Maisolia. Mouth of the River Maisolos..."", ""Mouths of the Ganges...""). One candidate, `3.05.14`, was excluded: its own `city` point (""Nördlicher Endpunkt"") is ""the southern limit of Sarmatia at the *sources* of the Tanais river"" - a river-source boundary marker at the opposite end from this section's real coastal points (the Tanais' two mouths), the same shape as the Durius/Anas fixes above, not a coastal gap - left as `city`, worth a closer individual look later if it turns out to need one."
280,2.06.18,force_coastal_section,," A seventeenth-round, catalogue-wide sweep (2026-07-30), prompted by the user pointing out a structural blind spot in every check run so far this session: crossref_topostext.py/category_check.py only ever flag a `city` point when *that point's own* topostext phrase contains a coastal keyword - Sidon, Tyros and Byblos (fixed just above) have none; their own citations are bare names. The signal that they're coastal was never in their own phrase, it was in their *section*: sitting between already-correctly-classified points (a ""-Mündung"" river mouth, a ""Kap"" cape) that do carry a keyword. That's checkable without topostext at all - a section mixing coastal-family points (`coast`/`harbor`/`river_mouth`, keyword- detected from the German name) with plain `city` points, with no sea-word header of its own, is structurally suspicious on its own: Ptolemy's sections are narratively homogeneous (a coastal run OR an inland list, established as this project's whole classification premise), so a section doing both at once is far more likely to be one coastal run some of whose points merely lack their own keyword than a genuine mix.  Found 110 such sections catalogue-wide. Checked every one's full topostext text (not just the `city` points' own phrases) before adding it - looking for either confirming coastal language (promontory/harbor/river mouth/gulf/bay, a run of real coastal place-names) or a contradiction (an inland/interior framing, the same ""in the interior of Galatian Pontos"" shape that correctly ruled out a candidate earlier this session). 109 confirmed straightforwardly - a representative sample across the whole range: Lusitania's own coast continuing past the Durius fix above (Oliosipum/Lisbon, Obila - ""LUSITANIA...the mouth of the river, which flows into the Outer Sea""); the Basque/Catalan coast (`2.06.07`/`.10`/`.14`/`.15`/`.18`/`.19`/`.20` - ""Of the Autrigones: Nerva river mouth | Flaviobriga"", ""Of the Vascones: Oiasso city | Ocasso promontory of the Pyrenees""); Dalmatia (`2.16.02`/`.03`/`.05` - ""Ortopla...mouth of the Titos river...Skardona""); Macedonia and Thessaly (`3.13.05/06/12/14/15/16` - ""In Amphaxitis: Thessalonike | Echedoros river outlet"", ""In Pieria: ...Pydna | Haliakmon river outlet...Dion colonia...Peneios river outlet""); Boiotia and the Lokrians (`3.15.03/09/11` - ""In Boiotia: Aulis | Ismenos river outlet | Salganeus | Anthedon""); Messenia (`3.16.07` - ""Kyparissia city | Kyparission promontory...Pylos | Koryphasion headland | Mothone""); Crete's south coast (`3.17.03/04/07/08` - ""Description of the south side: Lissos | Tarrha...Phoinix city | Phoinikous harbor""); Mauretania/Numidia/Africa/Cyrenaica (`4.01`-`4.04`,`4.06`-`4.08`, a dozen sections - Icosium, Rusazus, Carthage's own harbor towns, ""In the Pentapolis, Berenike or Hesperides | mouth of the Lathon river""); Anatolia's Aeolis/Lykia/ Pontus coasts (`5.01`-`5.14`, another dozen - ""Patara | Antiphellos | Andriake...Olympos city | Phaselis""); the Levant's own continuation past the Phoenicia fix (`5.16.02` - Kaisareia, Apollonia, Ioppe/Jaffa, Azotos, Askalon, Anthedon, already-`harbor` Gaza/Iamnia ports between them); the Persian Gulf coast of Babylonia/Susiane/Persis (`5.20.05`,`6.02.02`-`6.04.02` - ""this coast is described as follows: the western mouth of the Tigris river...""); and India's own Malabar/Coromandel/Ganges-delta coasts (`7.01`/`7.02`/`7.03`/`7.04`, the largest single cluster - ""(Ariake) of the Pirates. Mandagara..."", ""Maisolia. Mouth of the River Maisolos..."", ""Mouths of the Ganges...""). One candidate, `3.05.14`, was excluded: its own `city` point (""Nördlicher Endpunkt"") is ""the southern limit of Sarmatia at the *sources* of the Tanais river"" - a river-source boundary marker at the opposite end from this section's real coastal points (the Tanais' two mouths), the same shape as the Durius/Anas fixes above, not a coastal gap - left as `city`, worth a closer individual look later if it turns out to need one."
200,2.06.19,force_coastal_section,," A seventeenth-round, catalogue-wide sweep (2026-07-30), prompted by the user pointing out a structural blind spot in every check run so far this session: crossref_topostext.py/category_check.py only ever flag a `city` point when *that point's own* topostext phrase contains a coastal keyword - Sidon, Tyros and Byblos (fixed just above) have none; their own citations are bare names. The signal that they're coastal was never in their own phrase, it was in their *section*: sitting between already-correctly-classified points (a ""-Mündung"" river mouth, a ""Kap"" cape) that do carry a keyword. That's checkable without topostext at all - a section mixing coastal-family points (`coast`/`harbor`/`river_mouth`, keyword- detected from the German name) with plain `city` points, with no sea-word header of its own, is structurally suspicious on its own: Ptolemy's sections are narratively homogeneous (a coastal run OR an inland list, established as this project's whole classification premise), so a section doing both at once is far more likely to be one coastal run some of whose points merely lack their own keyword than a genuine mix.  Found 110 such sections catalogue-wide. Checked every one's full topostext text (not just the `city` points' own phrases) before adding it - looking for either confirming coastal language (promontory/harbor/river mouth/gulf/bay, a run of real coastal place-names) or a contradiction (an inland/interior framing, the same ""in the interior of Galatian Pontos"" shape that correctly ruled out a candidate earlier this session). 109 confirmed straightforwardly - a representative sample across the whole range: Lusitania's own coast continuing past the Durius fix above (Oliosipum/Lisbon, Obila - ""LUSITANIA...the mouth of the river, which flows into the Outer Sea""); the Basque/Catalan coast (`2.06.07`/`.10`/`.14`/`.15`/`.18`/`.19`/`.20` - ""Of the Autrigones: Nerva river mouth | Flaviobriga"", ""Of the Vascones: Oiasso city | Ocasso promontory of the Pyrenees""); Dalmatia (`2.16.02`/`.03`/`.05` - ""Ortopla...mouth of the Titos river...Skardona""); Macedonia and Thessaly (`3.13.05/06/12/14/15/16` - ""In Amphaxitis: Thessalonike | Echedoros river outlet"", ""In Pieria: ...Pydna | Haliakmon river outlet...Dion colonia...Peneios river outlet""); Boiotia and the Lokrians (`3.15.03/09/11` - ""In Boiotia: Aulis | Ismenos river outlet | Salganeus | Anthedon""); Messenia (`3.16.07` - ""Kyparissia city | Kyparission promontory...Pylos | Koryphasion headland | Mothone""); Crete's south coast (`3.17.03/04/07/08` - ""Description of the south side: Lissos | Tarrha...Phoinix city | Phoinikous harbor""); Mauretania/Numidia/Africa/Cyrenaica (`4.01`-`4.04`,`4.06`-`4.08`, a dozen sections - Icosium, Rusazus, Carthage's own harbor towns, ""In the Pentapolis, Berenike or Hesperides | mouth of the Lathon river""); Anatolia's Aeolis/Lykia/ Pontus coasts (`5.01`-`5.14`, another dozen - ""Patara | Antiphellos | Andriake...Olympos city | Phaselis""); the Levant's own continuation past the Phoenicia fix (`5.16.02` - Kaisareia, Apollonia, Ioppe/Jaffa, Azotos, Askalon, Anthedon, already-`harbor` Gaza/Iamnia ports between them); the Persian Gulf coast of Babylonia/Susiane/Persis (`5.20.05`,`6.02.02`-`6.04.02` - ""this coast is described as follows: the western mouth of the Tigris river...""); and India's own Malabar/Coromandel/Ganges-delta coasts (`7.01`/`7.02`/`7.03`/`7.04`, the largest single cluster - ""(Ariake) of the Pirates. Mandagara..."", ""Maisolia. Mouth of the River Maisolos..."", ""Mouths of the Ganges...""). One candidate, `3.05.14`, was excluded: its own `city` point (""Nördlicher Endpunkt"") is ""the southern limit of Sarmatia at the *sources* of the Tanais river"" - a river-source boundary marker at the opposite end from this section's real coastal points (the Tanais' two mouths), the same shape as the Durius/Anas fixes above, not a coastal gap - left as `city`, worth a closer individual look later if it turns out to need one."
152,2.06.20,force_coastal_section,," A seventeenth-round, catalogue-wide sweep (2026-07-30), prompted by the user pointing out a structural blind spot in every check run so far this session: crossref_topostext.py/category_check.py only ever flag a `city` point when *that point's own* topostext phrase contains a coastal keyword - Sidon, Tyros and Byblos (fixed just above) have none; their own citations are bare names. The signal that they're coastal was never in their own phrase, it was in their *section*: sitting between already-correctly-classified points (a ""-Mündung"" river mouth, a ""Kap"" cape) that do carry a keyword. That's checkable without topostext at all - a section mixing coastal-family points (`coast`/`harbor`/`river_mouth`, keyword- detected from the German name) with plain `city` points, with no sea-word header of its own, is structurally suspicious on its own: Ptolemy's sections are narratively homogeneous (a coastal run OR an inland list, established as this project's whole classification premise), so a section doing both at once is far more likely to be one coastal run some of whose points merely lack their own keyword than a genuine mix.  Found 110 such sections catalogue-wide. Checked every one's full topostext text (not just the `city` points' own phrases) before adding it - looking for either confirming coastal language (promontory/harbor/river mouth/gulf/bay, a run of real coastal place-names) or a contradiction (an inland/interior framing, the same ""in the interior of Galatian Pontos"" shape that correctly ruled out a candidate earlier this session). 109 confirmed straightforwardly - a representative sample across the whole range: Lusitania's own coast continuing past the Durius fix above (Oliosipum/Lisbon, Obila - ""LUSITANIA...the mouth of the river, which flows into the Outer Sea""); the Basque/Catalan coast (`2.06.07`/`.10`/`.14`/`.15`/`.18`/`.19`/`.20` - ""Of the Autrigones: Nerva river mouth | Flaviobriga"", ""Of the Vascones: Oiasso city | Ocasso promontory of the Pyrenees""); Dalmatia (`2.16.02`/`.03`/`.05` - ""Ortopla...mouth of the Titos river...Skardona""); Macedonia and Thessaly (`3.13.05/06/12/14/15/16` - ""In Amphaxitis: Thessalonike | Echedoros river outlet"", ""In Pieria: ...Pydna | Haliakmon river outlet...Dion colonia...Peneios river outlet""); Boiotia and the Lokrians (`3.15.03/09/11` - ""In Boiotia: Aulis | Ismenos river outlet | Salganeus | Anthedon""); Messenia (`3.16.07` - ""Kyparissia city | Kyparission promontory...Pylos | Koryphasion headland | Mothone""); Crete's south coast (`3.17.03/04/07/08` - ""Description of the south side: Lissos | Tarrha...Phoinix city | Phoinikous harbor""); Mauretania/Numidia/Africa/Cyrenaica (`4.01`-`4.04`,`4.06`-`4.08`, a dozen sections - Icosium, Rusazus, Carthage's own harbor towns, ""In the Pentapolis, Berenike or Hesperides | mouth of the Lathon river""); Anatolia's Aeolis/Lykia/ Pontus coasts (`5.01`-`5.14`, another dozen - ""Patara | Antiphellos | Andriake...Olympos city | Phaselis""); the Levant's own continuation past the Phoenicia fix (`5.16.02` - Kaisareia, Apollonia, Ioppe/Jaffa, Azotos, Askalon, Anthedon, already-`harbor` Gaza/Iamnia ports between them); the Persian Gulf coast of Babylonia/Susiane/Persis (`5.20.05`,`6.02.02`-`6.04.02` - ""this coast is described as follows: the western mouth of the Tigris river...""); and India's own Malabar/Coromandel/Ganges-delta coasts (`7.01`/`7.02`/`7.03`/`7.04`, the largest single cluster - ""(Ariake) of the Pirates. Mandagara..."", ""Maisolia. Mouth of the River Maisolos..."", ""Mouths of the Ganges...""). One candidate, `3.05.14`, was excluded: its own `city` point (""Nördlicher Endpunkt"") is ""the southern limit of Sarmatia at the *sources* of the Tanais river"" - a river-source boundary marker at the opposite end from this section's real coastal points (the Tanais' two mouths), the same shape as the Durius/Anas fixes above, not a coastal gap - left as `city`, worth a closer individual look later if it turns out to need one."
2,2.06.77,force_island_section,,"Sections manually verified (via the Modern_location column and known ancient geography) to be island enumerations rather than coastal walks, even though neither the section header nor the point names carry any island-specific keyword. A sea-headed section is structurally ambiguous between ""coastal points along this sea's shore"" (e.g. book.map ""3.01"" section ""14"": Hydruntum/Lupiae/Brundisium - real coastal cities, Otranto/ Lecce/Brindisi) and ""islands scattered across this sea"" (section ""79"" of that same book.map: Planasia/Pontia/.../Capreae - Pianosa/Ponza/.../Capri) - both look identical from the text alone, so this can't be a general regex rule without also breaking the former. Keyed by (book.map, section). [Ophiussa/Ebusus - Formentera/Ibiza (Balearics)]"
167,2.09.03,force_coastal_section,," A seventeenth-round, catalogue-wide sweep (2026-07-30), prompted by the user pointing out a structural blind spot in every check run so far this session: crossref_topostext.py/category_check.py only ever flag a `city` point when *that point's own* topostext phrase contains a coastal keyword - Sidon, Tyros and Byblos (fixed just above) have none; their own citations are bare names. The signal that they're coastal was never in their own phrase, it was in their *section*: sitting between already-correctly-classified points (a ""-Mündung"" river mouth, a ""Kap"" cape) that do carry a keyword. That's checkable without topostext at all - a section mixing coastal-family points (`coast`/`harbor`/`river_mouth`, keyword- detected from the German name) with plain `city` points, with no sea-word header of its own, is structurally suspicious on its own: Ptolemy's sections are narratively homogeneous (a coastal run OR an inland list, established as this project's whole classification premise), so a section doing both at once is far more likely to be one coastal run some of whose points merely lack their own keyword than a genuine mix.  Found 110 such sections catalogue-wide. Checked every one's full topostext text (not just the `city` points' own phrases) before adding it - looking for either confirming coastal language (promontory/harbor/river mouth/gulf/bay, a run of real coastal place-names) or a contradiction (an inland/interior framing, the same ""in the interior of Galatian Pontos"" shape that correctly ruled out a candidate earlier this session). 109 confirmed straightforwardly - a representative sample across the whole range: Lusitania's own coast continuing past the Durius fix above (Oliosipum/Lisbon, Obila - ""LUSITANIA...the mouth of the river, which flows into the Outer Sea""); the Basque/Catalan coast (`2.06.07`/`.10`/`.14`/`.15`/`.18`/`.19`/`.20` - ""Of the Autrigones: Nerva river mouth | Flaviobriga"", ""Of the Vascones: Oiasso city | Ocasso promontory of the Pyrenees""); Dalmatia (`2.16.02`/`.03`/`.05` - ""Ortopla...mouth of the Titos river...Skardona""); Macedonia and Thessaly (`3.13.05/06/12/14/15/16` - ""In Amphaxitis: Thessalonike | Echedoros river outlet"", ""In Pieria: ...Pydna | Haliakmon river outlet...Dion colonia...Peneios river outlet""); Boiotia and the Lokrians (`3.15.03/09/11` - ""In Boiotia: Aulis | Ismenos river outlet | Salganeus | Anthedon""); Messenia (`3.16.07` - ""Kyparissia city | Kyparission promontory...Pylos | Koryphasion headland | Mothone""); Crete's south coast (`3.17.03/04/07/08` - ""Description of the south side: Lissos | Tarrha...Phoinix city | Phoinikous harbor""); Mauretania/Numidia/Africa/Cyrenaica (`4.01`-`4.04`,`4.06`-`4.08`, a dozen sections - Icosium, Rusazus, Carthage's own harbor towns, ""In the Pentapolis, Berenike or Hesperides | mouth of the Lathon river""); Anatolia's Aeolis/Lykia/ Pontus coasts (`5.01`-`5.14`, another dozen - ""Patara | Antiphellos | Andriake...Olympos city | Phaselis""); the Levant's own continuation past the Phoenicia fix (`5.16.02` - Kaisareia, Apollonia, Ioppe/Jaffa, Azotos, Askalon, Anthedon, already-`harbor` Gaza/Iamnia ports between them); the Persian Gulf coast of Babylonia/Susiane/Persis (`5.20.05`,`6.02.02`-`6.04.02` - ""this coast is described as follows: the western mouth of the Tigris river...""); and India's own Malabar/Coromandel/Ganges-delta coasts (`7.01`/`7.02`/`7.03`/`7.04`, the largest single cluster - ""(Ariake) of the Pirates. Mandagara..."", ""Maisolia. Mouth of the River Maisolos..."", ""Mouths of the Ganges...""). One candidate, `3.05.14`, was excluded: its own `city` point (""Nördlicher Endpunkt"") is ""the southern limit of Sarmatia at the *sources* of the Tanais river"" - a river-source boundary marker at the opposite end from this section's real coastal points (the Tanais' two mouths), the same shape as the Durius/Anas fixes above, not a coastal gap - left as `city`, worth a closer individual look later if it turns out to need one."
231,2.09.04,force_coastal_section,," A seventeenth-round, catalogue-wide sweep (2026-07-30), prompted by the user pointing out a structural blind spot in every check run so far this session: crossref_topostext.py/category_check.py only ever flag a `city` point when *that point's own* topostext phrase contains a coastal keyword - Sidon, Tyros and Byblos (fixed just above) have none; their own citations are bare names. The signal that they're coastal was never in their own phrase, it was in their *section*: sitting between already-correctly-classified points (a ""-Mündung"" river mouth, a ""Kap"" cape) that do carry a keyword. That's checkable without topostext at all - a section mixing coastal-family points (`coast`/`harbor`/`river_mouth`, keyword- detected from the German name) with plain `city` points, with no sea-word header of its own, is structurally suspicious on its own: Ptolemy's sections are narratively homogeneous (a coastal run OR an inland list, established as this project's whole classification premise), so a section doing both at once is far more likely to be one coastal run some of whose points merely lack their own keyword than a genuine mix.  Found 110 such sections catalogue-wide. Checked every one's full topostext text (not just the `city` points' own phrases) before adding it - looking for either confirming coastal language (promontory/harbor/river mouth/gulf/bay, a run of real coastal place-names) or a contradiction (an inland/interior framing, the same ""in the interior of Galatian Pontos"" shape that correctly ruled out a candidate earlier this session). 109 confirmed straightforwardly - a representative sample across the whole range: Lusitania's own coast continuing past the Durius fix above (Oliosipum/Lisbon, Obila - ""LUSITANIA...the mouth of the river, which flows into the Outer Sea""); the Basque/Catalan coast (`2.06.07`/`.10`/`.14`/`.15`/`.18`/`.19`/`.20` - ""Of the Autrigones: Nerva river mouth | Flaviobriga"", ""Of the Vascones: Oiasso city | Ocasso promontory of the Pyrenees""); Dalmatia (`2.16.02`/`.03`/`.05` - ""Ortopla...mouth of the Titos river...Skardona""); Macedonia and Thessaly (`3.13.05/06/12/14/15/16` - ""In Amphaxitis: Thessalonike | Echedoros river outlet"", ""In Pieria: ...Pydna | Haliakmon river outlet...Dion colonia...Peneios river outlet""); Boiotia and the Lokrians (`3.15.03/09/11` - ""In Boiotia: Aulis | Ismenos river outlet | Salganeus | Anthedon""); Messenia (`3.16.07` - ""Kyparissia city | Kyparission promontory...Pylos | Koryphasion headland | Mothone""); Crete's south coast (`3.17.03/04/07/08` - ""Description of the south side: Lissos | Tarrha...Phoinix city | Phoinikous harbor""); Mauretania/Numidia/Africa/Cyrenaica (`4.01`-`4.04`,`4.06`-`4.08`, a dozen sections - Icosium, Rusazus, Carthage's own harbor towns, ""In the Pentapolis, Berenike or Hesperides | mouth of the Lathon river""); Anatolia's Aeolis/Lykia/ Pontus coasts (`5.01`-`5.14`, another dozen - ""Patara | Antiphellos | Andriake...Olympos city | Phaselis""); the Levant's own continuation past the Phoenicia fix (`5.16.02` - Kaisareia, Apollonia, Ioppe/Jaffa, Azotos, Askalon, Anthedon, already-`harbor` Gaza/Iamnia ports between them); the Persian Gulf coast of Babylonia/Susiane/Persis (`5.20.05`,`6.02.02`-`6.04.02` - ""this coast is described as follows: the western mouth of the Tigris river...""); and India's own Malabar/Coromandel/Ganges-delta coasts (`7.01`/`7.02`/`7.03`/`7.04`, the largest single cluster - ""(Ariake) of the Pirates. Mandagara..."", ""Maisolia. Mouth of the River Maisolos..."", ""Mouths of the Ganges...""). One candidate, `3.05.14`, was excluded: its own `city` point (""Nördlicher Endpunkt"") is ""the southern limit of Sarmatia at the *sources* of the Tanais river"" - a river-source boundary marker at the opposite end from this section's real coastal points (the Tanais' two mouths), the same shape as the Durius/Anas fixes above, not a coastal gap - left as `city`, worth a closer individual look later if it turns out to need one."
249,2.10.08,force_coastal_section,," A seventeenth-round, catalogue-wide sweep (2026-07-30), prompted by the user pointing out a structural blind spot in every check run so far this session: crossref_topostext.py/category_check.py only ever flag a `city` point when *that point's own* topostext phrase contains a coastal keyword - Sidon, Tyros and Byblos (fixed just above) have none; their own citations are bare names. The signal that they're coastal was never in their own phrase, it was in their *section*: sitting between already-correctly-classified points (a ""-Mündung"" river mouth, a ""Kap"" cape) that do carry a keyword. That's checkable without topostext at all - a section mixing coastal-family points (`coast`/`harbor`/`river_mouth`, keyword- detected from the German name) with plain `city` points, with no sea-word header of its own, is structurally suspicious on its own: Ptolemy's sections are narratively homogeneous (a coastal run OR an inland list, established as this project's whole classification premise), so a section doing both at once is far more likely to be one coastal run some of whose points merely lack their own keyword than a genuine mix.  Found 110 such sections catalogue-wide. Checked every one's full topostext text (not just the `city` points' own phrases) before adding it - looking for either confirming coastal language (promontory/harbor/river mouth/gulf/bay, a run of real coastal place-names) or a contradiction (an inland/interior framing, the same ""in the interior of Galatian Pontos"" shape that correctly ruled out a candidate earlier this session). 109 confirmed straightforwardly - a representative sample across the whole range: Lusitania's own coast continuing past the Durius fix above (Oliosipum/Lisbon, Obila - ""LUSITANIA...the mouth of the river, which flows into the Outer Sea""); the Basque/Catalan coast (`2.06.07`/`.10`/`.14`/`.15`/`.18`/`.19`/`.20` - ""Of the Autrigones: Nerva river mouth | Flaviobriga"", ""Of the Vascones: Oiasso city | Ocasso promontory of the Pyrenees""); Dalmatia (`2.16.02`/`.03`/`.05` - ""Ortopla...mouth of the Titos river...Skardona""); Macedonia and Thessaly (`3.13.05/06/12/14/15/16` - ""In Amphaxitis: Thessalonike | Echedoros river outlet"", ""In Pieria: ...Pydna | Haliakmon river outlet...Dion colonia...Peneios river outlet""); Boiotia and the Lokrians (`3.15.03/09/11` - ""In Boiotia: Aulis | Ismenos river outlet | Salganeus | Anthedon""); Messenia (`3.16.07` - ""Kyparissia city | Kyparission promontory...Pylos | Koryphasion headland | Mothone""); Crete's south coast (`3.17.03/04/07/08` - ""Description of the south side: Lissos | Tarrha...Phoinix city | Phoinikous harbor""); Mauretania/Numidia/Africa/Cyrenaica (`4.01`-`4.04`,`4.06`-`4.08`, a dozen sections - Icosium, Rusazus, Carthage's own harbor towns, ""In the Pentapolis, Berenike or Hesperides | mouth of the Lathon river""); Anatolia's Aeolis/Lykia/ Pontus coasts (`5.01`-`5.14`, another dozen - ""Patara | Antiphellos | Andriake...Olympos city | Phaselis""); the Levant's own continuation past the Phoenicia fix (`5.16.02` - Kaisareia, Apollonia, Ioppe/Jaffa, Azotos, Askalon, Anthedon, already-`harbor` Gaza/Iamnia ports between them); the Persian Gulf coast of Babylonia/Susiane/Persis (`5.20.05`,`6.02.02`-`6.04.02` - ""this coast is described as follows: the western mouth of the Tigris river...""); and India's own Malabar/Coromandel/Ganges-delta coasts (`7.01`/`7.02`/`7.03`/`7.04`, the largest single cluster - ""(Ariake) of the Pirates. Mandagara..."", ""Maisolia. Mouth of the River Maisolos..."", ""Mouths of the Ganges...""). One candidate, `3.05.14`, was excluded: its own `city` point (""Nördlicher Endpunkt"") is ""the southern limit of Sarmatia at the *sources* of the Tanais river"" - a river-source boundary marker at the opposite end from this section's real coastal points (the Tanais' two mouths), the same shape as the Durius/Anas fixes above, not a coastal gap - left as `city`, worth a closer individual look later if it turns out to need one."
24,2.10.21,force_island_section,,"The following five were confirmed against topostext.org/work/209's English translation, which states outright ""the Ebuda islands..."", ""the islands which are near Albion island..."", etc. - independent of our own Modern_location-based guessing. [Agatha/Blasco/Stoechades/Lero - islands off Narbonensis (Agde island, Ile de Brescou, Iles d'Hyeres, Ile Ste-Marguerite)]"
17,2.11.34,force_island_section,,"The following five were confirmed against topostext.org/work/209's English translation, which states outright ""the Ebuda islands..."", ""the islands which are near Albion island..."", etc. - independent of our own Modern_location-based guessing. [Scandia W/O/N/S - the island Scandia's four extremity points (topostext: ""This island is itself properly called Scandia""), the same shape as Thule's five points above]"
126,2.16.02,force_coastal_section,," A seventeenth-round, catalogue-wide sweep (2026-07-30), prompted by the user pointing out a structural blind spot in every check run so far this session: crossref_topostext.py/category_check.py only ever flag a `city` point when *that point's own* topostext phrase contains a coastal keyword - Sidon, Tyros and Byblos (fixed just above) have none; their own citations are bare names. The signal that they're coastal was never in their own phrase, it was in their *section*: sitting between already-correctly-classified points (a ""-Mündung"" river mouth, a ""Kap"" cape) that do carry a keyword. That's checkable without topostext at all - a section mixing coastal-family points (`coast`/`harbor`/`river_mouth`, keyword- detected from the German name) with plain `city` points, with no sea-word header of its own, is structurally suspicious on its own: Ptolemy's sections are narratively homogeneous (a coastal run OR an inland list, established as this project's whole classification premise), so a section doing both at once is far more likely to be one coastal run some of whose points merely lack their own keyword than a genuine mix.  Found 110 such sections catalogue-wide. Checked every one's full topostext text (not just the `city` points' own phrases) before adding it - looking for either confirming coastal language (promontory/harbor/river mouth/gulf/bay, a run of real coastal place-names) or a contradiction (an inland/interior framing, the same ""in the interior of Galatian Pontos"" shape that correctly ruled out a candidate earlier this session). 109 confirmed straightforwardly - a representative sample across the whole range: Lusitania's own coast continuing past the Durius fix above (Oliosipum/Lisbon, Obila - ""LUSITANIA...the mouth of the river, which flows into the Outer Sea""); the Basque/Catalan coast (`2.06.07`/`.10`/`.14`/`.15`/`.18`/`.19`/`.20` - ""Of the Autrigones: Nerva river mouth | Flaviobriga"", ""Of the Vascones: Oiasso city | Ocasso promontory of the Pyrenees""); Dalmatia (`2.16.02`/`.03`/`.05` - ""Ortopla...mouth of the Titos river...Skardona""); Macedonia and Thessaly (`3.13.05/06/12/14/15/16` - ""In Amphaxitis: Thessalonike | Echedoros river outlet"", ""In Pieria: ...Pydna | Haliakmon river outlet...Dion colonia...Peneios river outlet""); Boiotia and the Lokrians (`3.15.03/09/11` - ""In Boiotia: Aulis | Ismenos river outlet | Salganeus | Anthedon""); Messenia (`3.16.07` - ""Kyparissia city | Kyparission promontory...Pylos | Koryphasion headland | Mothone""); Crete's south coast (`3.17.03/04/07/08` - ""Description of the south side: Lissos | Tarrha...Phoinix city | Phoinikous harbor""); Mauretania/Numidia/Africa/Cyrenaica (`4.01`-`4.04`,`4.06`-`4.08`, a dozen sections - Icosium, Rusazus, Carthage's own harbor towns, ""In the Pentapolis, Berenike or Hesperides | mouth of the Lathon river""); Anatolia's Aeolis/Lykia/ Pontus coasts (`5.01`-`5.14`, another dozen - ""Patara | Antiphellos | Andriake...Olympos city | Phaselis""); the Levant's own continuation past the Phoenicia fix (`5.16.02` - Kaisareia, Apollonia, Ioppe/Jaffa, Azotos, Askalon, Anthedon, already-`harbor` Gaza/Iamnia ports between them); the Persian Gulf coast of Babylonia/Susiane/Persis (`5.20.05`,`6.02.02`-`6.04.02` - ""this coast is described as follows: the western mouth of the Tigris river...""); and India's own Malabar/Coromandel/Ganges-delta coasts (`7.01`/`7.02`/`7.03`/`7.04`, the largest single cluster - ""(Ariake) of the Pirates. Mandagara..."", ""Maisolia. Mouth of the River Maisolos..."", ""Mouths of the Ganges...""). One candidate, `3.05.14`, was excluded: its own `city` point (""Nördlicher Endpunkt"") is ""the southern limit of Sarmatia at the *sources* of the Tanais river"" - a river-source boundary marker at the opposite end from this section's real coastal points (the Tanais' two mouths), the same shape as the Durius/Anas fixes above, not a coastal gap - left as `city`, worth a closer individual look later if it turns out to need one."
95,2.16.03,force_coastal_section,," A seventeenth-round, catalogue-wide sweep (2026-07-30), prompted by the user pointing out a structural blind spot in every check run so far this session: crossref_topostext.py/category_check.py only ever flag a `city` point when *that point's own* topostext phrase contains a coastal keyword - Sidon, Tyros and Byblos (fixed just above) have none; their own citations are bare names. The signal that they're coastal was never in their own phrase, it was in their *section*: sitting between already-correctly-classified points (a ""-Mündung"" river mouth, a ""Kap"" cape) that do carry a keyword. That's checkable without topostext at all - a section mixing coastal-family points (`coast`/`harbor`/`river_mouth`, keyword- detected from the German name) with plain `city` points, with no sea-word header of its own, is structurally suspicious on its own: Ptolemy's sections are narratively homogeneous (a coastal run OR an inland list, established as this project's whole classification premise), so a section doing both at once is far more likely to be one coastal run some of whose points merely lack their own keyword than a genuine mix.  Found 110 such sections catalogue-wide. Checked every one's full topostext text (not just the `city` points' own phrases) before adding it - looking for either confirming coastal language (promontory/harbor/river mouth/gulf/bay, a run of real coastal place-names) or a contradiction (an inland/interior framing, the same ""in the interior of Galatian Pontos"" shape that correctly ruled out a candidate earlier this session). 109 confirmed straightforwardly - a representative sample across the whole range: Lusitania's own coast continuing past the Durius fix above (Oliosipum/Lisbon, Obila - ""LUSITANIA...the mouth of the river, which flows into the Outer Sea""); the Basque/Catalan coast (`2.06.07`/`.10`/`.14`/`.15`/`.18`/`.19`/`.20` - ""Of the Autrigones: Nerva river mouth | Flaviobriga"", ""Of the Vascones: Oiasso city | Ocasso promontory of the Pyrenees""); Dalmatia (`2.16.02`/`.03`/`.05` - ""Ortopla...mouth of the Titos river...Skardona""); Macedonia and Thessaly (`3.13.05/06/12/14/15/16` - ""In Amphaxitis: Thessalonike | Echedoros river outlet"", ""In Pieria: ...Pydna | Haliakmon river outlet...Dion colonia...Peneios river outlet""); Boiotia and the Lokrians (`3.15.03/09/11` - ""In Boiotia: Aulis | Ismenos river outlet | Salganeus | Anthedon""); Messenia (`3.16.07` - ""Kyparissia city | Kyparission promontory...Pylos | Koryphasion headland | Mothone""); Crete's south coast (`3.17.03/04/07/08` - ""Description of the south side: Lissos | Tarrha...Phoinix city | Phoinikous harbor""); Mauretania/Numidia/Africa/Cyrenaica (`4.01`-`4.04`,`4.06`-`4.08`, a dozen sections - Icosium, Rusazus, Carthage's own harbor towns, ""In the Pentapolis, Berenike or Hesperides | mouth of the Lathon river""); Anatolia's Aeolis/Lykia/ Pontus coasts (`5.01`-`5.14`, another dozen - ""Patara | Antiphellos | Andriake...Olympos city | Phaselis""); the Levant's own continuation past the Phoenicia fix (`5.16.02` - Kaisareia, Apollonia, Ioppe/Jaffa, Azotos, Askalon, Anthedon, already-`harbor` Gaza/Iamnia ports between them); the Persian Gulf coast of Babylonia/Susiane/Persis (`5.20.05`,`6.02.02`-`6.04.02` - ""this coast is described as follows: the western mouth of the Tigris river...""); and India's own Malabar/Coromandel/Ganges-delta coasts (`7.01`/`7.02`/`7.03`/`7.04`, the largest single cluster - ""(Ariake) of the Pirates. Mandagara..."", ""Maisolia. Mouth of the River Maisolos..."", ""Mouths of the Ganges...""). One candidate, `3.05.14`, was excluded: its own `city` point (""Nördlicher Endpunkt"") is ""the southern limit of Sarmatia at the *sources* of the Tanais river"" - a river-source boundary marker at the opposite end from this section's real coastal points (the Tanais' two mouths), the same shape as the Durius/Anas fixes above, not a coastal gap - left as `city`, worth a closer individual look later if it turns out to need one."
212,2.16.05,force_coastal_section,," A seventeenth-round, catalogue-wide sweep (2026-07-30), prompted by the user pointing out a structural blind spot in every check run so far this session: crossref_topostext.py/category_check.py only ever flag a `city` point when *that point's own* topostext phrase contains a coastal keyword - Sidon, Tyros and Byblos (fixed just above) have none; their own citations are bare names. The signal that they're coastal was never in their own phrase, it was in their *section*: sitting between already-correctly-classified points (a ""-Mündung"" river mouth, a ""Kap"" cape) that do carry a keyword. That's checkable without topostext at all - a section mixing coastal-family points (`coast`/`harbor`/`river_mouth`, keyword- detected from the German name) with plain `city` points, with no sea-word header of its own, is structurally suspicious on its own: Ptolemy's sections are narratively homogeneous (a coastal run OR an inland list, established as this project's whole classification premise), so a section doing both at once is far more likely to be one coastal run some of whose points merely lack their own keyword than a genuine mix.  Found 110 such sections catalogue-wide. Checked every one's full topostext text (not just the `city` points' own phrases) before adding it - looking for either confirming coastal language (promontory/harbor/river mouth/gulf/bay, a run of real coastal place-names) or a contradiction (an inland/interior framing, the same ""in the interior of Galatian Pontos"" shape that correctly ruled out a candidate earlier this session). 109 confirmed straightforwardly - a representative sample across the whole range: Lusitania's own coast continuing past the Durius fix above (Oliosipum/Lisbon, Obila - ""LUSITANIA...the mouth of the river, which flows into the Outer Sea""); the Basque/Catalan coast (`2.06.07`/`.10`/`.14`/`.15`/`.18`/`.19`/`.20` - ""Of the Autrigones: Nerva river mouth | Flaviobriga"", ""Of the Vascones: Oiasso city | Ocasso promontory of the Pyrenees""); Dalmatia (`2.16.02`/`.03`/`.05` - ""Ortopla...mouth of the Titos river...Skardona""); Macedonia and Thessaly (`3.13.05/06/12/14/15/16` - ""In Amphaxitis: Thessalonike | Echedoros river outlet"", ""In Pieria: ...Pydna | Haliakmon river outlet...Dion colonia...Peneios river outlet""); Boiotia and the Lokrians (`3.15.03/09/11` - ""In Boiotia: Aulis | Ismenos river outlet | Salganeus | Anthedon""); Messenia (`3.16.07` - ""Kyparissia city | Kyparission promontory...Pylos | Koryphasion headland | Mothone""); Crete's south coast (`3.17.03/04/07/08` - ""Description of the south side: Lissos | Tarrha...Phoinix city | Phoinikous harbor""); Mauretania/Numidia/Africa/Cyrenaica (`4.01`-`4.04`,`4.06`-`4.08`, a dozen sections - Icosium, Rusazus, Carthage's own harbor towns, ""In the Pentapolis, Berenike or Hesperides | mouth of the Lathon river""); Anatolia's Aeolis/Lykia/ Pontus coasts (`5.01`-`5.14`, another dozen - ""Patara | Antiphellos | Andriake...Olympos city | Phaselis""); the Levant's own continuation past the Phoenicia fix (`5.16.02` - Kaisareia, Apollonia, Ioppe/Jaffa, Azotos, Askalon, Anthedon, already-`harbor` Gaza/Iamnia ports between them); the Persian Gulf coast of Babylonia/Susiane/Persis (`5.20.05`,`6.02.02`-`6.04.02` - ""this coast is described as follows: the western mouth of the Tigris river...""); and India's own Malabar/Coromandel/Ganges-delta coasts (`7.01`/`7.02`/`7.03`/`7.04`, the largest single cluster - ""(Ariake) of the Pirates. Mandagara..."", ""Maisolia. Mouth of the River Maisolos..."", ""Mouths of the Ganges...""). One candidate, `3.05.14`, was excluded: its own `city` point (""Nördlicher Endpunkt"") is ""the southern limit of Sarmatia at the *sources* of the Tanais river"" - a river-source boundary marker at the opposite end from this section's real coastal points (the Tanais' two mouths), the same shape as the Durius/Anas fixes above, not a coastal gap - left as `city`, worth a closer individual look later if it turns out to need one."
48,2.16.14,force_island_section,,"The following five were confirmed against topostext.org/work/209's English translation, which states outright ""the Ebuda islands..."", ""the islands which are near Albion island..."", etc. - independent of our own Modern_location-based guessing. [Issa/Tragurium/Pharia/Korkyra Melaina/Melite - the Dalmatian islands off the Croatian coast (Vis/Trogir/Hvar/Korcula/Mljet), each a single citation merging the island with its city - topostext: ""Off Dalmatia are the islands Issa with city...Tragourion with city...Pharia with city...Melite island"" - the same shared-name shape as Iulia Caesarea/Tenedos, not the multi-city-per-island shape of neighbouring Liburnia (2.16.13, Apsorros/Kourikta/Skardona, each with *two* named cities and correctly staying `city`)]"
179,3.01.18,force_coastal_section,," A seventeenth-round, catalogue-wide sweep (2026-07-30), prompted by the user pointing out a structural blind spot in every check run so far this session: crossref_topostext.py/category_check.py only ever flag a `city` point when *that point's own* topostext phrase contains a coastal keyword - Sidon, Tyros and Byblos (fixed just above) have none; their own citations are bare names. The signal that they're coastal was never in their own phrase, it was in their *section*: sitting between already-correctly-classified points (a ""-Mündung"" river mouth, a ""Kap"" cape) that do carry a keyword. That's checkable without topostext at all - a section mixing coastal-family points (`coast`/`harbor`/`river_mouth`, keyword- detected from the German name) with plain `city` points, with no sea-word header of its own, is structurally suspicious on its own: Ptolemy's sections are narratively homogeneous (a coastal run OR an inland list, established as this project's whole classification premise), so a section doing both at once is far more likely to be one coastal run some of whose points merely lack their own keyword than a genuine mix.  Found 110 such sections catalogue-wide. Checked every one's full topostext text (not just the `city` points' own phrases) before adding it - looking for either confirming coastal language (promontory/harbor/river mouth/gulf/bay, a run of real coastal place-names) or a contradiction (an inland/interior framing, the same ""in the interior of Galatian Pontos"" shape that correctly ruled out a candidate earlier this session). 109 confirmed straightforwardly - a representative sample across the whole range: Lusitania's own coast continuing past the Durius fix above (Oliosipum/Lisbon, Obila - ""LUSITANIA...the mouth of the river, which flows into the Outer Sea""); the Basque/Catalan coast (`2.06.07`/`.10`/`.14`/`.15`/`.18`/`.19`/`.20` - ""Of the Autrigones: Nerva river mouth | Flaviobriga"", ""Of the Vascones: Oiasso city | Ocasso promontory of the Pyrenees""); Dalmatia (`2.16.02`/`.03`/`.05` - ""Ortopla...mouth of the Titos river...Skardona""); Macedonia and Thessaly (`3.13.05/06/12/14/15/16` - ""In Amphaxitis: Thessalonike | Echedoros river outlet"", ""In Pieria: ...Pydna | Haliakmon river outlet...Dion colonia...Peneios river outlet""); Boiotia and the Lokrians (`3.15.03/09/11` - ""In Boiotia: Aulis | Ismenos river outlet | Salganeus | Anthedon""); Messenia (`3.16.07` - ""Kyparissia city | Kyparission promontory...Pylos | Koryphasion headland | Mothone""); Crete's south coast (`3.17.03/04/07/08` - ""Description of the south side: Lissos | Tarrha...Phoinix city | Phoinikous harbor""); Mauretania/Numidia/Africa/Cyrenaica (`4.01`-`4.04`,`4.06`-`4.08`, a dozen sections - Icosium, Rusazus, Carthage's own harbor towns, ""In the Pentapolis, Berenike or Hesperides | mouth of the Lathon river""); Anatolia's Aeolis/Lykia/ Pontus coasts (`5.01`-`5.14`, another dozen - ""Patara | Antiphellos | Andriake...Olympos city | Phaselis""); the Levant's own continuation past the Phoenicia fix (`5.16.02` - Kaisareia, Apollonia, Ioppe/Jaffa, Azotos, Askalon, Anthedon, already-`harbor` Gaza/Iamnia ports between them); the Persian Gulf coast of Babylonia/Susiane/Persis (`5.20.05`,`6.02.02`-`6.04.02` - ""this coast is described as follows: the western mouth of the Tigris river...""); and India's own Malabar/Coromandel/Ganges-delta coasts (`7.01`/`7.02`/`7.03`/`7.04`, the largest single cluster - ""(Ariake) of the Pirates. Mandagara..."", ""Maisolia. Mouth of the River Maisolos..."", ""Mouths of the Ganges...""). One candidate, `3.05.14`, was excluded: its own `city` point (""Nördlicher Endpunkt"") is ""the southern limit of Sarmatia at the *sources* of the Tanais river"" - a river-source boundary marker at the opposite end from this section's real coastal points (the Tanais' two mouths), the same shape as the Durius/Anas fixes above, not a coastal gap - left as `city`, worth a closer individual look later if it turns out to need one."
82,3.01.19,force_coastal_section,," A seventeenth-round, catalogue-wide sweep (2026-07-30), prompted by the user pointing out a structural blind spot in every check run so far this session: crossref_topostext.py/category_check.py only ever flag a `city` point when *that point's own* topostext phrase contains a coastal keyword - Sidon, Tyros and Byblos (fixed just above) have none; their own citations are bare names. The signal that they're coastal was never in their own phrase, it was in their *section*: sitting between already-correctly-classified points (a ""-Mündung"" river mouth, a ""Kap"" cape) that do carry a keyword. That's checkable without topostext at all - a section mixing coastal-family points (`coast`/`harbor`/`river_mouth`, keyword- detected from the German name) with plain `city` points, with no sea-word header of its own, is structurally suspicious on its own: Ptolemy's sections are narratively homogeneous (a coastal run OR an inland list, established as this project's whole classification premise), so a section doing both at once is far more likely to be one coastal run some of whose points merely lack their own keyword than a genuine mix.  Found 110 such sections catalogue-wide. Checked every one's full topostext text (not just the `city` points' own phrases) before adding it - looking for either confirming coastal language (promontory/harbor/river mouth/gulf/bay, a run of real coastal place-names) or a contradiction (an inland/interior framing, the same ""in the interior of Galatian Pontos"" shape that correctly ruled out a candidate earlier this session). 109 confirmed straightforwardly - a representative sample across the whole range: Lusitania's own coast continuing past the Durius fix above (Oliosipum/Lisbon, Obila - ""LUSITANIA...the mouth of the river, which flows into the Outer Sea""); the Basque/Catalan coast (`2.06.07`/`.10`/`.14`/`.15`/`.18`/`.19`/`.20` - ""Of the Autrigones: Nerva river mouth | Flaviobriga"", ""Of the Vascones: Oiasso city | Ocasso promontory of the Pyrenees""); Dalmatia (`2.16.02`/`.03`/`.05` - ""Ortopla...mouth of the Titos river...Skardona""); Macedonia and Thessaly (`3.13.05/06/12/14/15/16` - ""In Amphaxitis: Thessalonike | Echedoros river outlet"", ""In Pieria: ...Pydna | Haliakmon river outlet...Dion colonia...Peneios river outlet""); Boiotia and the Lokrians (`3.15.03/09/11` - ""In Boiotia: Aulis | Ismenos river outlet | Salganeus | Anthedon""); Messenia (`3.16.07` - ""Kyparissia city | Kyparission promontory...Pylos | Koryphasion headland | Mothone""); Crete's south coast (`3.17.03/04/07/08` - ""Description of the south side: Lissos | Tarrha...Phoinix city | Phoinikous harbor""); Mauretania/Numidia/Africa/Cyrenaica (`4.01`-`4.04`,`4.06`-`4.08`, a dozen sections - Icosium, Rusazus, Carthage's own harbor towns, ""In the Pentapolis, Berenike or Hesperides | mouth of the Lathon river""); Anatolia's Aeolis/Lykia/ Pontus coasts (`5.01`-`5.14`, another dozen - ""Patara | Antiphellos | Andriake...Olympos city | Phaselis""); the Levant's own continuation past the Phoenicia fix (`5.16.02` - Kaisareia, Apollonia, Ioppe/Jaffa, Azotos, Askalon, Anthedon, already-`harbor` Gaza/Iamnia ports between them); the Persian Gulf coast of Babylonia/Susiane/Persis (`5.20.05`,`6.02.02`-`6.04.02` - ""this coast is described as follows: the western mouth of the Tigris river...""); and India's own Malabar/Coromandel/Ganges-delta coasts (`7.01`/`7.02`/`7.03`/`7.04`, the largest single cluster - ""(Ariake) of the Pirates. Mandagara..."", ""Maisolia. Mouth of the River Maisolos..."", ""Mouths of the Ganges...""). One candidate, `3.05.14`, was excluded: its own `city` point (""Nördlicher Endpunkt"") is ""the southern limit of Sarmatia at the *sources* of the Tanais river"" - a river-source boundary marker at the opposite end from this section's real coastal points (the Tanais' two mouths), the same shape as the Durius/Anas fixes above, not a coastal gap - left as `city`, worth a closer individual look later if it turns out to need one."
162,3.01.21,force_coastal_section,,"Found by an independent second pass: building a standalone category guess purely from topostext's own wording (category_check.py, no access to the catalogue's category, name, or any exception list) and comparing it to the catalogue's category surfaced a few more instances of the same gap the batch above missed: [Picenum's own Adriatic coast: ""Castrum...Cupra Maritima...mouth of the Truentini river...Potentia...Numana...Ancona""]"
134,3.01.22,force_coastal_section,," A seventeenth-round, catalogue-wide sweep (2026-07-30), prompted by the user pointing out a structural blind spot in every check run so far this session: crossref_topostext.py/category_check.py only ever flag a `city` point when *that point's own* topostext phrase contains a coastal keyword - Sidon, Tyros and Byblos (fixed just above) have none; their own citations are bare names. The signal that they're coastal was never in their own phrase, it was in their *section*: sitting between already-correctly-classified points (a ""-Mündung"" river mouth, a ""Kap"" cape) that do carry a keyword. That's checkable without topostext at all - a section mixing coastal-family points (`coast`/`harbor`/`river_mouth`, keyword- detected from the German name) with plain `city` points, with no sea-word header of its own, is structurally suspicious on its own: Ptolemy's sections are narratively homogeneous (a coastal run OR an inland list, established as this project's whole classification premise), so a section doing both at once is far more likely to be one coastal run some of whose points merely lack their own keyword than a genuine mix.  Found 110 such sections catalogue-wide. Checked every one's full topostext text (not just the `city` points' own phrases) before adding it - looking for either confirming coastal language (promontory/harbor/river mouth/gulf/bay, a run of real coastal place-names) or a contradiction (an inland/interior framing, the same ""in the interior of Galatian Pontos"" shape that correctly ruled out a candidate earlier this session). 109 confirmed straightforwardly - a representative sample across the whole range: Lusitania's own coast continuing past the Durius fix above (Oliosipum/Lisbon, Obila - ""LUSITANIA...the mouth of the river, which flows into the Outer Sea""); the Basque/Catalan coast (`2.06.07`/`.10`/`.14`/`.15`/`.18`/`.19`/`.20` - ""Of the Autrigones: Nerva river mouth | Flaviobriga"", ""Of the Vascones: Oiasso city | Ocasso promontory of the Pyrenees""); Dalmatia (`2.16.02`/`.03`/`.05` - ""Ortopla...mouth of the Titos river...Skardona""); Macedonia and Thessaly (`3.13.05/06/12/14/15/16` - ""In Amphaxitis: Thessalonike | Echedoros river outlet"", ""In Pieria: ...Pydna | Haliakmon river outlet...Dion colonia...Peneios river outlet""); Boiotia and the Lokrians (`3.15.03/09/11` - ""In Boiotia: Aulis | Ismenos river outlet | Salganeus | Anthedon""); Messenia (`3.16.07` - ""Kyparissia city | Kyparission promontory...Pylos | Koryphasion headland | Mothone""); Crete's south coast (`3.17.03/04/07/08` - ""Description of the south side: Lissos | Tarrha...Phoinix city | Phoinikous harbor""); Mauretania/Numidia/Africa/Cyrenaica (`4.01`-`4.04`,`4.06`-`4.08`, a dozen sections - Icosium, Rusazus, Carthage's own harbor towns, ""In the Pentapolis, Berenike or Hesperides | mouth of the Lathon river""); Anatolia's Aeolis/Lykia/ Pontus coasts (`5.01`-`5.14`, another dozen - ""Patara | Antiphellos | Andriake...Olympos city | Phaselis""); the Levant's own continuation past the Phoenicia fix (`5.16.02` - Kaisareia, Apollonia, Ioppe/Jaffa, Azotos, Askalon, Anthedon, already-`harbor` Gaza/Iamnia ports between them); the Persian Gulf coast of Babylonia/Susiane/Persis (`5.20.05`,`6.02.02`-`6.04.02` - ""this coast is described as follows: the western mouth of the Tigris river...""); and India's own Malabar/Coromandel/Ganges-delta coasts (`7.01`/`7.02`/`7.03`/`7.04`, the largest single cluster - ""(Ariake) of the Pirates. Mandagara..."", ""Maisolia. Mouth of the River Maisolos..."", ""Mouths of the Ganges...""). One candidate, `3.05.14`, was excluded: its own `city` point (""Nördlicher Endpunkt"") is ""the southern limit of Sarmatia at the *sources* of the Tanais river"" - a river-source boundary marker at the opposite end from this section's real coastal points (the Tanais' two mouths), the same shape as the Durius/Anas fixes above, not a coastal gap - left as `city`, worth a closer individual look later if it turns out to need one."
166,3.01.23,force_coastal_section,," A seventeenth-round, catalogue-wide sweep (2026-07-30), prompted by the user pointing out a structural blind spot in every check run so far this session: crossref_topostext.py/category_check.py only ever flag a `city` point when *that point's own* topostext phrase contains a coastal keyword - Sidon, Tyros and Byblos (fixed just above) have none; their own citations are bare names. The signal that they're coastal was never in their own phrase, it was in their *section*: sitting between already-correctly-classified points (a ""-Mündung"" river mouth, a ""Kap"" cape) that do carry a keyword. That's checkable without topostext at all - a section mixing coastal-family points (`coast`/`harbor`/`river_mouth`, keyword- detected from the German name) with plain `city` points, with no sea-word header of its own, is structurally suspicious on its own: Ptolemy's sections are narratively homogeneous (a coastal run OR an inland list, established as this project's whole classification premise), so a section doing both at once is far more likely to be one coastal run some of whose points merely lack their own keyword than a genuine mix.  Found 110 such sections catalogue-wide. Checked every one's full topostext text (not just the `city` points' own phrases) before adding it - looking for either confirming coastal language (promontory/harbor/river mouth/gulf/bay, a run of real coastal place-names) or a contradiction (an inland/interior framing, the same ""in the interior of Galatian Pontos"" shape that correctly ruled out a candidate earlier this session). 109 confirmed straightforwardly - a representative sample across the whole range: Lusitania's own coast continuing past the Durius fix above (Oliosipum/Lisbon, Obila - ""LUSITANIA...the mouth of the river, which flows into the Outer Sea""); the Basque/Catalan coast (`2.06.07`/`.10`/`.14`/`.15`/`.18`/`.19`/`.20` - ""Of the Autrigones: Nerva river mouth | Flaviobriga"", ""Of the Vascones: Oiasso city | Ocasso promontory of the Pyrenees""); Dalmatia (`2.16.02`/`.03`/`.05` - ""Ortopla...mouth of the Titos river...Skardona""); Macedonia and Thessaly (`3.13.05/06/12/14/15/16` - ""In Amphaxitis: Thessalonike | Echedoros river outlet"", ""In Pieria: ...Pydna | Haliakmon river outlet...Dion colonia...Peneios river outlet""); Boiotia and the Lokrians (`3.15.03/09/11` - ""In Boiotia: Aulis | Ismenos river outlet | Salganeus | Anthedon""); Messenia (`3.16.07` - ""Kyparissia city | Kyparission promontory...Pylos | Koryphasion headland | Mothone""); Crete's south coast (`3.17.03/04/07/08` - ""Description of the south side: Lissos | Tarrha...Phoinix city | Phoinikous harbor""); Mauretania/Numidia/Africa/Cyrenaica (`4.01`-`4.04`,`4.06`-`4.08`, a dozen sections - Icosium, Rusazus, Carthage's own harbor towns, ""In the Pentapolis, Berenike or Hesperides | mouth of the Lathon river""); Anatolia's Aeolis/Lykia/ Pontus coasts (`5.01`-`5.14`, another dozen - ""Patara | Antiphellos | Andriake...Olympos city | Phaselis""); the Levant's own continuation past the Phoenicia fix (`5.16.02` - Kaisareia, Apollonia, Ioppe/Jaffa, Azotos, Askalon, Anthedon, already-`harbor` Gaza/Iamnia ports between them); the Persian Gulf coast of Babylonia/Susiane/Persis (`5.20.05`,`6.02.02`-`6.04.02` - ""this coast is described as follows: the western mouth of the Tigris river...""); and India's own Malabar/Coromandel/Ganges-delta coasts (`7.01`/`7.02`/`7.03`/`7.04`, the largest single cluster - ""(Ariake) of the Pirates. Mandagara..."", ""Maisolia. Mouth of the River Maisolos..."", ""Mouths of the Ganges...""). One candidate, `3.05.14`, was excluded: its own `city` point (""Nördlicher Endpunkt"") is ""the southern limit of Sarmatia at the *sources* of the Tanais river"" - a river-source boundary marker at the opposite end from this section's real coastal points (the Tanais' two mouths), the same shape as the Durius/Anas fixes above, not a coastal gap - left as `city`, worth a closer individual look later if it turns out to need one."
63,3.01.41,force_noncoastal_section,,"Found by the systematic whole-catalogue self-intersection review (2026-07-30): three sections in the Maritime Alps (book.map ""3.01"", sections 41-43) are each headed ""Meeralpen"" (""Maritime Alps"") - matching `_COASTAL_HDR_RE`'s bare ""meer"" the same way ""Hyrkanisches Meer"" did above, even though their content is inland Alpine tribal cities (topostext: ""Of the Nerusi in the Maritime Alps Vintium"", ""Of the Suetri in the Maritime Alps Salinae"", ""Of the Vedianti in the Maritime Alps Cemenelum""), not points on the actual coast - the real Ligurian-sea coastal walk runs through the separate, correctly-headed sections ""3.01.01""/""3.01.02"" (Varus-Mündung, Nicaea, Hercules-Hafen, ...). Left as coastal, these four points' edges cut back across the real coastline near Nicaea."
67,3.01.42,force_noncoastal_section,,"Found by the systematic whole-catalogue self-intersection review (2026-07-30): three sections in the Maritime Alps (book.map ""3.01"", sections 41-43) are each headed ""Meeralpen"" (""Maritime Alps"") - matching `_COASTAL_HDR_RE`'s bare ""meer"" the same way ""Hyrkanisches Meer"" did above, even though their content is inland Alpine tribal cities (topostext: ""Of the Nerusi in the Maritime Alps Vintium"", ""Of the Suetri in the Maritime Alps Salinae"", ""Of the Vedianti in the Maritime Alps Cemenelum""), not points on the actual coast - the real Ligurian-sea coastal walk runs through the separate, correctly-headed sections ""3.01.01""/""3.01.02"" (Varus-Mündung, Nicaea, Hercules-Hafen, ...). Left as coastal, these four points' edges cut back across the real coastline near Nicaea."
66,3.01.43,force_noncoastal_section,,"Found by the systematic whole-catalogue self-intersection review (2026-07-30): three sections in the Maritime Alps (book.map ""3.01"", sections 41-43) are each headed ""Meeralpen"" (""Maritime Alps"") - matching `_COASTAL_HDR_RE`'s bare ""meer"" the same way ""Hyrkanisches Meer"" did above, even though their content is inland Alpine tribal cities (topostext: ""Of the Nerusi in the Maritime Alps Vintium"", ""Of the Suetri in the Maritime Alps Salinae"", ""Of the Vedianti in the Maritime Alps Cemenelum""), not points on the actual coast - the real Ligurian-sea coastal walk runs through the separate, correctly-headed sections ""3.01.01""/""3.01.02"" (Varus-Mündung, Nicaea, Hercules-Hafen, ...). Left as coastal, these four points' edges cut back across the real coastline near Nicaea."
38,3.01.78,force_island_section,,"Sections manually verified (via the Modern_location column and known ancient geography) to be island enumerations rather than coastal walks, even though neither the section header nor the point names carry any island-specific keyword. A sea-headed section is structurally ambiguous between ""coastal points along this sea's shore"" (e.g. book.map ""3.01"" section ""14"": Hydruntum/Lupiae/Brundisium - real coastal cities, Otranto/ Lecce/Brindisi) and ""islands scattered across this sea"" (section ""79"" of that same book.map: Planasia/Pontia/.../Capreae - Pianosa/Ponza/.../Capri) - both look identical from the text alone, so this can't be a general regex rule without also breaking the former. Keyed by (book.map, section). [Aethalia/Capraria/Ilva - Elba/Capraia]"
40,3.01.79,force_island_section,,"Sections manually verified (via the Modern_location column and known ancient geography) to be island enumerations rather than coastal walks, even though neither the section header nor the point names carry any island-specific keyword. A sea-headed section is structurally ambiguous between ""coastal points along this sea's shore"" (e.g. book.map ""3.01"" section ""14"": Hydruntum/Lupiae/Brundisium - real coastal cities, Otranto/ Lecce/Brindisi) and ""islands scattered across this sea"" (section ""79"" of that same book.map: Planasia/Pontia/.../Capreae - Pianosa/Ponza/.../Capri) - both look identical from the text alone, so this can't be a general regex rule without also breaking the former. Keyed by (book.map, section). [Planasia..Capreae - Pianosa/Ponza/Ischia/Capri]"
263,3.02.02,force_coastal_section,," A seventeenth-round, catalogue-wide sweep (2026-07-30), prompted by the user pointing out a structural blind spot in every check run so far this session: crossref_topostext.py/category_check.py only ever flag a `city` point when *that point's own* topostext phrase contains a coastal keyword - Sidon, Tyros and Byblos (fixed just above) have none; their own citations are bare names. The signal that they're coastal was never in their own phrase, it was in their *section*: sitting between already-correctly-classified points (a ""-Mündung"" river mouth, a ""Kap"" cape) that do carry a keyword. That's checkable without topostext at all - a section mixing coastal-family points (`coast`/`harbor`/`river_mouth`, keyword- detected from the German name) with plain `city` points, with no sea-word header of its own, is structurally suspicious on its own: Ptolemy's sections are narratively homogeneous (a coastal run OR an inland list, established as this project's whole classification premise), so a section doing both at once is far more likely to be one coastal run some of whose points merely lack their own keyword than a genuine mix.  Found 110 such sections catalogue-wide. Checked every one's full topostext text (not just the `city` points' own phrases) before adding it - looking for either confirming coastal language (promontory/harbor/river mouth/gulf/bay, a run of real coastal place-names) or a contradiction (an inland/interior framing, the same ""in the interior of Galatian Pontos"" shape that correctly ruled out a candidate earlier this session). 109 confirmed straightforwardly - a representative sample across the whole range: Lusitania's own coast continuing past the Durius fix above (Oliosipum/Lisbon, Obila - ""LUSITANIA...the mouth of the river, which flows into the Outer Sea""); the Basque/Catalan coast (`2.06.07`/`.10`/`.14`/`.15`/`.18`/`.19`/`.20` - ""Of the Autrigones: Nerva river mouth | Flaviobriga"", ""Of the Vascones: Oiasso city | Ocasso promontory of the Pyrenees""); Dalmatia (`2.16.02`/`.03`/`.05` - ""Ortopla...mouth of the Titos river...Skardona""); Macedonia and Thessaly (`3.13.05/06/12/14/15/16` - ""In Amphaxitis: Thessalonike | Echedoros river outlet"", ""In Pieria: ...Pydna | Haliakmon river outlet...Dion colonia...Peneios river outlet""); Boiotia and the Lokrians (`3.15.03/09/11` - ""In Boiotia: Aulis | Ismenos river outlet | Salganeus | Anthedon""); Messenia (`3.16.07` - ""Kyparissia city | Kyparission promontory...Pylos | Koryphasion headland | Mothone""); Crete's south coast (`3.17.03/04/07/08` - ""Description of the south side: Lissos | Tarrha...Phoinix city | Phoinikous harbor""); Mauretania/Numidia/Africa/Cyrenaica (`4.01`-`4.04`,`4.06`-`4.08`, a dozen sections - Icosium, Rusazus, Carthage's own harbor towns, ""In the Pentapolis, Berenike or Hesperides | mouth of the Lathon river""); Anatolia's Aeolis/Lykia/ Pontus coasts (`5.01`-`5.14`, another dozen - ""Patara | Antiphellos | Andriake...Olympos city | Phaselis""); the Levant's own continuation past the Phoenicia fix (`5.16.02` - Kaisareia, Apollonia, Ioppe/Jaffa, Azotos, Askalon, Anthedon, already-`harbor` Gaza/Iamnia ports between them); the Persian Gulf coast of Babylonia/Susiane/Persis (`5.20.05`,`6.02.02`-`6.04.02` - ""this coast is described as follows: the western mouth of the Tigris river...""); and India's own Malabar/Coromandel/Ganges-delta coasts (`7.01`/`7.02`/`7.03`/`7.04`, the largest single cluster - ""(Ariake) of the Pirates. Mandagara..."", ""Maisolia. Mouth of the River Maisolos..."", ""Mouths of the Ganges...""). One candidate, `3.05.14`, was excluded: its own `city` point (""Nördlicher Endpunkt"") is ""the southern limit of Sarmatia at the *sources* of the Tanais river"" - a river-source boundary marker at the opposite end from this section's real coastal points (the Tanais' two mouths), the same shape as the Durius/Anas fixes above, not a coastal gap - left as `city`, worth a closer individual look later if it turns out to need one."
191,3.02.03,force_coastal_section,," A seventeenth-round, catalogue-wide sweep (2026-07-30), prompted by the user pointing out a structural blind spot in every check run so far this session: crossref_topostext.py/category_check.py only ever flag a `city` point when *that point's own* topostext phrase contains a coastal keyword - Sidon, Tyros and Byblos (fixed just above) have none; their own citations are bare names. The signal that they're coastal was never in their own phrase, it was in their *section*: sitting between already-correctly-classified points (a ""-Mündung"" river mouth, a ""Kap"" cape) that do carry a keyword. That's checkable without topostext at all - a section mixing coastal-family points (`coast`/`harbor`/`river_mouth`, keyword- detected from the German name) with plain `city` points, with no sea-word header of its own, is structurally suspicious on its own: Ptolemy's sections are narratively homogeneous (a coastal run OR an inland list, established as this project's whole classification premise), so a section doing both at once is far more likely to be one coastal run some of whose points merely lack their own keyword than a genuine mix.  Found 110 such sections catalogue-wide. Checked every one's full topostext text (not just the `city` points' own phrases) before adding it - looking for either confirming coastal language (promontory/harbor/river mouth/gulf/bay, a run of real coastal place-names) or a contradiction (an inland/interior framing, the same ""in the interior of Galatian Pontos"" shape that correctly ruled out a candidate earlier this session). 109 confirmed straightforwardly - a representative sample across the whole range: Lusitania's own coast continuing past the Durius fix above (Oliosipum/Lisbon, Obila - ""LUSITANIA...the mouth of the river, which flows into the Outer Sea""); the Basque/Catalan coast (`2.06.07`/`.10`/`.14`/`.15`/`.18`/`.19`/`.20` - ""Of the Autrigones: Nerva river mouth | Flaviobriga"", ""Of the Vascones: Oiasso city | Ocasso promontory of the Pyrenees""); Dalmatia (`2.16.02`/`.03`/`.05` - ""Ortopla...mouth of the Titos river...Skardona""); Macedonia and Thessaly (`3.13.05/06/12/14/15/16` - ""In Amphaxitis: Thessalonike | Echedoros river outlet"", ""In Pieria: ...Pydna | Haliakmon river outlet...Dion colonia...Peneios river outlet""); Boiotia and the Lokrians (`3.15.03/09/11` - ""In Boiotia: Aulis | Ismenos river outlet | Salganeus | Anthedon""); Messenia (`3.16.07` - ""Kyparissia city | Kyparission promontory...Pylos | Koryphasion headland | Mothone""); Crete's south coast (`3.17.03/04/07/08` - ""Description of the south side: Lissos | Tarrha...Phoinix city | Phoinikous harbor""); Mauretania/Numidia/Africa/Cyrenaica (`4.01`-`4.04`,`4.06`-`4.08`, a dozen sections - Icosium, Rusazus, Carthage's own harbor towns, ""In the Pentapolis, Berenike or Hesperides | mouth of the Lathon river""); Anatolia's Aeolis/Lykia/ Pontus coasts (`5.01`-`5.14`, another dozen - ""Patara | Antiphellos | Andriake...Olympos city | Phaselis""); the Levant's own continuation past the Phoenicia fix (`5.16.02` - Kaisareia, Apollonia, Ioppe/Jaffa, Azotos, Askalon, Anthedon, already-`harbor` Gaza/Iamnia ports between them); the Persian Gulf coast of Babylonia/Susiane/Persis (`5.20.05`,`6.02.02`-`6.04.02` - ""this coast is described as follows: the western mouth of the Tigris river...""); and India's own Malabar/Coromandel/Ganges-delta coasts (`7.01`/`7.02`/`7.03`/`7.04`, the largest single cluster - ""(Ariake) of the Pirates. Mandagara..."", ""Maisolia. Mouth of the River Maisolos..."", ""Mouths of the Ganges...""). One candidate, `3.05.14`, was excluded: its own `city` point (""Nördlicher Endpunkt"") is ""the southern limit of Sarmatia at the *sources* of the Tanais river"" - a river-source boundary marker at the opposite end from this section's real coastal points (the Tanais' two mouths), the same shape as the Durius/Anas fixes above, not a coastal gap - left as `city`, worth a closer individual look later if it turns out to need one."
105,3.02.04,force_coastal_section,," A seventeenth-round, catalogue-wide sweep (2026-07-30), prompted by the user pointing out a structural blind spot in every check run so far this session: crossref_topostext.py/category_check.py only ever flag a `city` point when *that point's own* topostext phrase contains a coastal keyword - Sidon, Tyros and Byblos (fixed just above) have none; their own citations are bare names. The signal that they're coastal was never in their own phrase, it was in their *section*: sitting between already-correctly-classified points (a ""-Mündung"" river mouth, a ""Kap"" cape) that do carry a keyword. That's checkable without topostext at all - a section mixing coastal-family points (`coast`/`harbor`/`river_mouth`, keyword- detected from the German name) with plain `city` points, with no sea-word header of its own, is structurally suspicious on its own: Ptolemy's sections are narratively homogeneous (a coastal run OR an inland list, established as this project's whole classification premise), so a section doing both at once is far more likely to be one coastal run some of whose points merely lack their own keyword than a genuine mix.  Found 110 such sections catalogue-wide. Checked every one's full topostext text (not just the `city` points' own phrases) before adding it - looking for either confirming coastal language (promontory/harbor/river mouth/gulf/bay, a run of real coastal place-names) or a contradiction (an inland/interior framing, the same ""in the interior of Galatian Pontos"" shape that correctly ruled out a candidate earlier this session). 109 confirmed straightforwardly - a representative sample across the whole range: Lusitania's own coast continuing past the Durius fix above (Oliosipum/Lisbon, Obila - ""LUSITANIA...the mouth of the river, which flows into the Outer Sea""); the Basque/Catalan coast (`2.06.07`/`.10`/`.14`/`.15`/`.18`/`.19`/`.20` - ""Of the Autrigones: Nerva river mouth | Flaviobriga"", ""Of the Vascones: Oiasso city | Ocasso promontory of the Pyrenees""); Dalmatia (`2.16.02`/`.03`/`.05` - ""Ortopla...mouth of the Titos river...Skardona""); Macedonia and Thessaly (`3.13.05/06/12/14/15/16` - ""In Amphaxitis: Thessalonike | Echedoros river outlet"", ""In Pieria: ...Pydna | Haliakmon river outlet...Dion colonia...Peneios river outlet""); Boiotia and the Lokrians (`3.15.03/09/11` - ""In Boiotia: Aulis | Ismenos river outlet | Salganeus | Anthedon""); Messenia (`3.16.07` - ""Kyparissia city | Kyparission promontory...Pylos | Koryphasion headland | Mothone""); Crete's south coast (`3.17.03/04/07/08` - ""Description of the south side: Lissos | Tarrha...Phoinix city | Phoinikous harbor""); Mauretania/Numidia/Africa/Cyrenaica (`4.01`-`4.04`,`4.06`-`4.08`, a dozen sections - Icosium, Rusazus, Carthage's own harbor towns, ""In the Pentapolis, Berenike or Hesperides | mouth of the Lathon river""); Anatolia's Aeolis/Lykia/ Pontus coasts (`5.01`-`5.14`, another dozen - ""Patara | Antiphellos | Andriake...Olympos city | Phaselis""); the Levant's own continuation past the Phoenicia fix (`5.16.02` - Kaisareia, Apollonia, Ioppe/Jaffa, Azotos, Askalon, Anthedon, already-`harbor` Gaza/Iamnia ports between them); the Persian Gulf coast of Babylonia/Susiane/Persis (`5.20.05`,`6.02.02`-`6.04.02` - ""this coast is described as follows: the western mouth of the Tigris river...""); and India's own Malabar/Coromandel/Ganges-delta coasts (`7.01`/`7.02`/`7.03`/`7.04`, the largest single cluster - ""(Ariake) of the Pirates. Mandagara..."", ""Maisolia. Mouth of the River Maisolos..."", ""Mouths of the Ganges...""). One candidate, `3.05.14`, was excluded: its own `city` point (""Nördlicher Endpunkt"") is ""the southern limit of Sarmatia at the *sources* of the Tanais river"" - a river-source boundary marker at the opposite end from this section's real coastal points (the Tanais' two mouths), the same shape as the Durius/Anas fixes above, not a coastal gap - left as `city`, worth a closer individual look later if it turns out to need one."
87,3.02.05,force_coastal_section,," A seventeenth-round, catalogue-wide sweep (2026-07-30), prompted by the user pointing out a structural blind spot in every check run so far this session: crossref_topostext.py/category_check.py only ever flag a `city` point when *that point's own* topostext phrase contains a coastal keyword - Sidon, Tyros and Byblos (fixed just above) have none; their own citations are bare names. The signal that they're coastal was never in their own phrase, it was in their *section*: sitting between already-correctly-classified points (a ""-Mündung"" river mouth, a ""Kap"" cape) that do carry a keyword. That's checkable without topostext at all - a section mixing coastal-family points (`coast`/`harbor`/`river_mouth`, keyword- detected from the German name) with plain `city` points, with no sea-word header of its own, is structurally suspicious on its own: Ptolemy's sections are narratively homogeneous (a coastal run OR an inland list, established as this project's whole classification premise), so a section doing both at once is far more likely to be one coastal run some of whose points merely lack their own keyword than a genuine mix.  Found 110 such sections catalogue-wide. Checked every one's full topostext text (not just the `city` points' own phrases) before adding it - looking for either confirming coastal language (promontory/harbor/river mouth/gulf/bay, a run of real coastal place-names) or a contradiction (an inland/interior framing, the same ""in the interior of Galatian Pontos"" shape that correctly ruled out a candidate earlier this session). 109 confirmed straightforwardly - a representative sample across the whole range: Lusitania's own coast continuing past the Durius fix above (Oliosipum/Lisbon, Obila - ""LUSITANIA...the mouth of the river, which flows into the Outer Sea""); the Basque/Catalan coast (`2.06.07`/`.10`/`.14`/`.15`/`.18`/`.19`/`.20` - ""Of the Autrigones: Nerva river mouth | Flaviobriga"", ""Of the Vascones: Oiasso city | Ocasso promontory of the Pyrenees""); Dalmatia (`2.16.02`/`.03`/`.05` - ""Ortopla...mouth of the Titos river...Skardona""); Macedonia and Thessaly (`3.13.05/06/12/14/15/16` - ""In Amphaxitis: Thessalonike | Echedoros river outlet"", ""In Pieria: ...Pydna | Haliakmon river outlet...Dion colonia...Peneios river outlet""); Boiotia and the Lokrians (`3.15.03/09/11` - ""In Boiotia: Aulis | Ismenos river outlet | Salganeus | Anthedon""); Messenia (`3.16.07` - ""Kyparissia city | Kyparission promontory...Pylos | Koryphasion headland | Mothone""); Crete's south coast (`3.17.03/04/07/08` - ""Description of the south side: Lissos | Tarrha...Phoinix city | Phoinikous harbor""); Mauretania/Numidia/Africa/Cyrenaica (`4.01`-`4.04`,`4.06`-`4.08`, a dozen sections - Icosium, Rusazus, Carthage's own harbor towns, ""In the Pentapolis, Berenike or Hesperides | mouth of the Lathon river""); Anatolia's Aeolis/Lykia/ Pontus coasts (`5.01`-`5.14`, another dozen - ""Patara | Antiphellos | Andriake...Olympos city | Phaselis""); the Levant's own continuation past the Phoenicia fix (`5.16.02` - Kaisareia, Apollonia, Ioppe/Jaffa, Azotos, Askalon, Anthedon, already-`harbor` Gaza/Iamnia ports between them); the Persian Gulf coast of Babylonia/Susiane/Persis (`5.20.05`,`6.02.02`-`6.04.02` - ""this coast is described as follows: the western mouth of the Tigris river...""); and India's own Malabar/Coromandel/Ganges-delta coasts (`7.01`/`7.02`/`7.03`/`7.04`, the largest single cluster - ""(Ariake) of the Pirates. Mandagara..."", ""Maisolia. Mouth of the River Maisolos..."", ""Mouths of the Ganges...""). One candidate, `3.05.14`, was excluded: its own `city` point (""Nördlicher Endpunkt"") is ""the southern limit of Sarmatia at the *sources* of the Tanais river"" - a river-source boundary marker at the opposite end from this section's real coastal points (the Tanais' two mouths), the same shape as the Durius/Anas fixes above, not a coastal gap - left as `city`, worth a closer individual look later if it turns out to need one."
154,3.03.02,force_coastal_section,,"A wide batch found by the same systematic topostext-disagreement review, each independently confirmed the same way: a plain-named harbor town or headland sitting in `city`, whose section has no sea-word header of its own but whose topostext citation both names it a harbor/port *and* sits in an unbroken run of coastal citations (river mouths, capes, other harbors) either side of it in the same section - the same ""province/tribe name instead of sea name"" header gap already fixed many times this session, just not yet swept outside the regions checked so far: [Sardinia, explicitly ""Description of the coast...west side"": Nymphaeum/Korakodes harbors among capes and river mouths]"
116,3.03.03,force_coastal_section,,"A wide batch found by the same systematic topostext-disagreement review, each independently confirmed the same way: a plain-named harbor town or headland sitting in `city`, whose section has no sea-word header of its own but whose topostext citation both names it a harbor/port *and* sits in an unbroken run of coastal citations (river mouths, capes, other harbors) either side of it in the same section - the same ""province/tribe name instead of sea name"" header gap already fixed many times this session, just not yet swept outside the regions checked so far: [Sardinia, ""Description of the southern side"": Sulci/Bithia harbors among capes]"
194,3.03.04,force_coastal_section,,"A wide batch found by the same systematic topostext-disagreement review, each independently confirmed the same way: a plain-named harbor town or headland sitting in `city`, whose section has no sea-word header of its own but whose topostext citation both names it a harbor/port *and* sits in an unbroken run of coastal citations (river mouths, capes, other harbors) either side of it in the same section - the same ""province/tribe name instead of sea name"" header gap already fixed many times this session, just not yet swept outside the regions checked so far: [Sardinia, ""Description of the eastern side"": Sulpicius/Olbian harbors among capes and river mouths]"
238,3.03.05,force_coastal_section,," A seventeenth-round, catalogue-wide sweep (2026-07-30), prompted by the user pointing out a structural blind spot in every check run so far this session: crossref_topostext.py/category_check.py only ever flag a `city` point when *that point's own* topostext phrase contains a coastal keyword - Sidon, Tyros and Byblos (fixed just above) have none; their own citations are bare names. The signal that they're coastal was never in their own phrase, it was in their *section*: sitting between already-correctly-classified points (a ""-Mündung"" river mouth, a ""Kap"" cape) that do carry a keyword. That's checkable without topostext at all - a section mixing coastal-family points (`coast`/`harbor`/`river_mouth`, keyword- detected from the German name) with plain `city` points, with no sea-word header of its own, is structurally suspicious on its own: Ptolemy's sections are narratively homogeneous (a coastal run OR an inland list, established as this project's whole classification premise), so a section doing both at once is far more likely to be one coastal run some of whose points merely lack their own keyword than a genuine mix.  Found 110 such sections catalogue-wide. Checked every one's full topostext text (not just the `city` points' own phrases) before adding it - looking for either confirming coastal language (promontory/harbor/river mouth/gulf/bay, a run of real coastal place-names) or a contradiction (an inland/interior framing, the same ""in the interior of Galatian Pontos"" shape that correctly ruled out a candidate earlier this session). 109 confirmed straightforwardly - a representative sample across the whole range: Lusitania's own coast continuing past the Durius fix above (Oliosipum/Lisbon, Obila - ""LUSITANIA...the mouth of the river, which flows into the Outer Sea""); the Basque/Catalan coast (`2.06.07`/`.10`/`.14`/`.15`/`.18`/`.19`/`.20` - ""Of the Autrigones: Nerva river mouth | Flaviobriga"", ""Of the Vascones: Oiasso city | Ocasso promontory of the Pyrenees""); Dalmatia (`2.16.02`/`.03`/`.05` - ""Ortopla...mouth of the Titos river...Skardona""); Macedonia and Thessaly (`3.13.05/06/12/14/15/16` - ""In Amphaxitis: Thessalonike | Echedoros river outlet"", ""In Pieria: ...Pydna | Haliakmon river outlet...Dion colonia...Peneios river outlet""); Boiotia and the Lokrians (`3.15.03/09/11` - ""In Boiotia: Aulis | Ismenos river outlet | Salganeus | Anthedon""); Messenia (`3.16.07` - ""Kyparissia city | Kyparission promontory...Pylos | Koryphasion headland | Mothone""); Crete's south coast (`3.17.03/04/07/08` - ""Description of the south side: Lissos | Tarrha...Phoinix city | Phoinikous harbor""); Mauretania/Numidia/Africa/Cyrenaica (`4.01`-`4.04`,`4.06`-`4.08`, a dozen sections - Icosium, Rusazus, Carthage's own harbor towns, ""In the Pentapolis, Berenike or Hesperides | mouth of the Lathon river""); Anatolia's Aeolis/Lykia/ Pontus coasts (`5.01`-`5.14`, another dozen - ""Patara | Antiphellos | Andriake...Olympos city | Phaselis""); the Levant's own continuation past the Phoenicia fix (`5.16.02` - Kaisareia, Apollonia, Ioppe/Jaffa, Azotos, Askalon, Anthedon, already-`harbor` Gaza/Iamnia ports between them); the Persian Gulf coast of Babylonia/Susiane/Persis (`5.20.05`,`6.02.02`-`6.04.02` - ""this coast is described as follows: the western mouth of the Tigris river...""); and India's own Malabar/Coromandel/Ganges-delta coasts (`7.01`/`7.02`/`7.03`/`7.04`, the largest single cluster - ""(Ariake) of the Pirates. Mandagara..."", ""Maisolia. Mouth of the River Maisolos..."", ""Mouths of the Ganges...""). One candidate, `3.05.14`, was excluded: its own `city` point (""Nördlicher Endpunkt"") is ""the southern limit of Sarmatia at the *sources* of the Tanais river"" - a river-source boundary marker at the opposite end from this section's real coastal points (the Tanais' two mouths), the same shape as the Durius/Anas fixes above, not a coastal gap - left as `city`, worth a closer individual look later if it turns out to need one."
7,3.03.08,force_island_section,,"The following five were confirmed against topostext.org/work/209's English translation, which states outright ""the Ebuda islands..."", ""the islands which are near Albion island..."", etc. - independent of our own Modern_location-based guessing. [Ilva/Nymphaea/Diabate/Ficaria/Hermaea + the already-""-Insel"" points - the islands around Sardinia (topostext: ""The islands around Sardinia are: Phintonos island..."")]"
142,3.04.03,force_coastal_section,," A seventeenth-round, catalogue-wide sweep (2026-07-30), prompted by the user pointing out a structural blind spot in every check run so far this session: crossref_topostext.py/category_check.py only ever flag a `city` point when *that point's own* topostext phrase contains a coastal keyword - Sidon, Tyros and Byblos (fixed just above) have none; their own citations are bare names. The signal that they're coastal was never in their own phrase, it was in their *section*: sitting between already-correctly-classified points (a ""-Mündung"" river mouth, a ""Kap"" cape) that do carry a keyword. That's checkable without topostext at all - a section mixing coastal-family points (`coast`/`harbor`/`river_mouth`, keyword- detected from the German name) with plain `city` points, with no sea-word header of its own, is structurally suspicious on its own: Ptolemy's sections are narratively homogeneous (a coastal run OR an inland list, established as this project's whole classification premise), so a section doing both at once is far more likely to be one coastal run some of whose points merely lack their own keyword than a genuine mix.  Found 110 such sections catalogue-wide. Checked every one's full topostext text (not just the `city` points' own phrases) before adding it - looking for either confirming coastal language (promontory/harbor/river mouth/gulf/bay, a run of real coastal place-names) or a contradiction (an inland/interior framing, the same ""in the interior of Galatian Pontos"" shape that correctly ruled out a candidate earlier this session). 109 confirmed straightforwardly - a representative sample across the whole range: Lusitania's own coast continuing past the Durius fix above (Oliosipum/Lisbon, Obila - ""LUSITANIA...the mouth of the river, which flows into the Outer Sea""); the Basque/Catalan coast (`2.06.07`/`.10`/`.14`/`.15`/`.18`/`.19`/`.20` - ""Of the Autrigones: Nerva river mouth | Flaviobriga"", ""Of the Vascones: Oiasso city | Ocasso promontory of the Pyrenees""); Dalmatia (`2.16.02`/`.03`/`.05` - ""Ortopla...mouth of the Titos river...Skardona""); Macedonia and Thessaly (`3.13.05/06/12/14/15/16` - ""In Amphaxitis: Thessalonike | Echedoros river outlet"", ""In Pieria: ...Pydna | Haliakmon river outlet...Dion colonia...Peneios river outlet""); Boiotia and the Lokrians (`3.15.03/09/11` - ""In Boiotia: Aulis | Ismenos river outlet | Salganeus | Anthedon""); Messenia (`3.16.07` - ""Kyparissia city | Kyparission promontory...Pylos | Koryphasion headland | Mothone""); Crete's south coast (`3.17.03/04/07/08` - ""Description of the south side: Lissos | Tarrha...Phoinix city | Phoinikous harbor""); Mauretania/Numidia/Africa/Cyrenaica (`4.01`-`4.04`,`4.06`-`4.08`, a dozen sections - Icosium, Rusazus, Carthage's own harbor towns, ""In the Pentapolis, Berenike or Hesperides | mouth of the Lathon river""); Anatolia's Aeolis/Lykia/ Pontus coasts (`5.01`-`5.14`, another dozen - ""Patara | Antiphellos | Andriake...Olympos city | Phaselis""); the Levant's own continuation past the Phoenicia fix (`5.16.02` - Kaisareia, Apollonia, Ioppe/Jaffa, Azotos, Askalon, Anthedon, already-`harbor` Gaza/Iamnia ports between them); the Persian Gulf coast of Babylonia/Susiane/Persis (`5.20.05`,`6.02.02`-`6.04.02` - ""this coast is described as follows: the western mouth of the Tigris river...""); and India's own Malabar/Coromandel/Ganges-delta coasts (`7.01`/`7.02`/`7.03`/`7.04`, the largest single cluster - ""(Ariake) of the Pirates. Mandagara..."", ""Maisolia. Mouth of the River Maisolos..."", ""Mouths of the Ganges...""). One candidate, `3.05.14`, was excluded: its own `city` point (""Nördlicher Endpunkt"") is ""the southern limit of Sarmatia at the *sources* of the Tanais river"" - a river-source boundary marker at the opposite end from this section's real coastal points (the Tanais' two mouths), the same shape as the Durius/Anas fixes above, not a coastal gap - left as `city`, worth a closer individual look later if it turns out to need one."
214,3.04.04,force_coastal_section,," A seventeenth-round, catalogue-wide sweep (2026-07-30), prompted by the user pointing out a structural blind spot in every check run so far this session: crossref_topostext.py/category_check.py only ever flag a `city` point when *that point's own* topostext phrase contains a coastal keyword - Sidon, Tyros and Byblos (fixed just above) have none; their own citations are bare names. The signal that they're coastal was never in their own phrase, it was in their *section*: sitting between already-correctly-classified points (a ""-Mündung"" river mouth, a ""Kap"" cape) that do carry a keyword. That's checkable without topostext at all - a section mixing coastal-family points (`coast`/`harbor`/`river_mouth`, keyword- detected from the German name) with plain `city` points, with no sea-word header of its own, is structurally suspicious on its own: Ptolemy's sections are narratively homogeneous (a coastal run OR an inland list, established as this project's whole classification premise), so a section doing both at once is far more likely to be one coastal run some of whose points merely lack their own keyword than a genuine mix.  Found 110 such sections catalogue-wide. Checked every one's full topostext text (not just the `city` points' own phrases) before adding it - looking for either confirming coastal language (promontory/harbor/river mouth/gulf/bay, a run of real coastal place-names) or a contradiction (an inland/interior framing, the same ""in the interior of Galatian Pontos"" shape that correctly ruled out a candidate earlier this session). 109 confirmed straightforwardly - a representative sample across the whole range: Lusitania's own coast continuing past the Durius fix above (Oliosipum/Lisbon, Obila - ""LUSITANIA...the mouth of the river, which flows into the Outer Sea""); the Basque/Catalan coast (`2.06.07`/`.10`/`.14`/`.15`/`.18`/`.19`/`.20` - ""Of the Autrigones: Nerva river mouth | Flaviobriga"", ""Of the Vascones: Oiasso city | Ocasso promontory of the Pyrenees""); Dalmatia (`2.16.02`/`.03`/`.05` - ""Ortopla...mouth of the Titos river...Skardona""); Macedonia and Thessaly (`3.13.05/06/12/14/15/16` - ""In Amphaxitis: Thessalonike | Echedoros river outlet"", ""In Pieria: ...Pydna | Haliakmon river outlet...Dion colonia...Peneios river outlet""); Boiotia and the Lokrians (`3.15.03/09/11` - ""In Boiotia: Aulis | Ismenos river outlet | Salganeus | Anthedon""); Messenia (`3.16.07` - ""Kyparissia city | Kyparission promontory...Pylos | Koryphasion headland | Mothone""); Crete's south coast (`3.17.03/04/07/08` - ""Description of the south side: Lissos | Tarrha...Phoinix city | Phoinikous harbor""); Mauretania/Numidia/Africa/Cyrenaica (`4.01`-`4.04`,`4.06`-`4.08`, a dozen sections - Icosium, Rusazus, Carthage's own harbor towns, ""In the Pentapolis, Berenike or Hesperides | mouth of the Lathon river""); Anatolia's Aeolis/Lykia/ Pontus coasts (`5.01`-`5.14`, another dozen - ""Patara | Antiphellos | Andriake...Olympos city | Phaselis""); the Levant's own continuation past the Phoenicia fix (`5.16.02` - Kaisareia, Apollonia, Ioppe/Jaffa, Azotos, Askalon, Anthedon, already-`harbor` Gaza/Iamnia ports between them); the Persian Gulf coast of Babylonia/Susiane/Persis (`5.20.05`,`6.02.02`-`6.04.02` - ""this coast is described as follows: the western mouth of the Tigris river...""); and India's own Malabar/Coromandel/Ganges-delta coasts (`7.01`/`7.02`/`7.03`/`7.04`, the largest single cluster - ""(Ariake) of the Pirates. Mandagara..."", ""Maisolia. Mouth of the River Maisolos..."", ""Mouths of the Ganges...""). One candidate, `3.05.14`, was excluded: its own `city` point (""Nördlicher Endpunkt"") is ""the southern limit of Sarmatia at the *sources* of the Tanais river"" - a river-source boundary marker at the opposite end from this section's real coastal points (the Tanais' two mouths), the same shape as the Durius/Anas fixes above, not a coastal gap - left as `city`, worth a closer individual look later if it turns out to need one."
160,3.04.06,force_coastal_section,," A seventeenth-round, catalogue-wide sweep (2026-07-30), prompted by the user pointing out a structural blind spot in every check run so far this session: crossref_topostext.py/category_check.py only ever flag a `city` point when *that point's own* topostext phrase contains a coastal keyword - Sidon, Tyros and Byblos (fixed just above) have none; their own citations are bare names. The signal that they're coastal was never in their own phrase, it was in their *section*: sitting between already-correctly-classified points (a ""-Mündung"" river mouth, a ""Kap"" cape) that do carry a keyword. That's checkable without topostext at all - a section mixing coastal-family points (`coast`/`harbor`/`river_mouth`, keyword- detected from the German name) with plain `city` points, with no sea-word header of its own, is structurally suspicious on its own: Ptolemy's sections are narratively homogeneous (a coastal run OR an inland list, established as this project's whole classification premise), so a section doing both at once is far more likely to be one coastal run some of whose points merely lack their own keyword than a genuine mix.  Found 110 such sections catalogue-wide. Checked every one's full topostext text (not just the `city` points' own phrases) before adding it - looking for either confirming coastal language (promontory/harbor/river mouth/gulf/bay, a run of real coastal place-names) or a contradiction (an inland/interior framing, the same ""in the interior of Galatian Pontos"" shape that correctly ruled out a candidate earlier this session). 109 confirmed straightforwardly - a representative sample across the whole range: Lusitania's own coast continuing past the Durius fix above (Oliosipum/Lisbon, Obila - ""LUSITANIA...the mouth of the river, which flows into the Outer Sea""); the Basque/Catalan coast (`2.06.07`/`.10`/`.14`/`.15`/`.18`/`.19`/`.20` - ""Of the Autrigones: Nerva river mouth | Flaviobriga"", ""Of the Vascones: Oiasso city | Ocasso promontory of the Pyrenees""); Dalmatia (`2.16.02`/`.03`/`.05` - ""Ortopla...mouth of the Titos river...Skardona""); Macedonia and Thessaly (`3.13.05/06/12/14/15/16` - ""In Amphaxitis: Thessalonike | Echedoros river outlet"", ""In Pieria: ...Pydna | Haliakmon river outlet...Dion colonia...Peneios river outlet""); Boiotia and the Lokrians (`3.15.03/09/11` - ""In Boiotia: Aulis | Ismenos river outlet | Salganeus | Anthedon""); Messenia (`3.16.07` - ""Kyparissia city | Kyparission promontory...Pylos | Koryphasion headland | Mothone""); Crete's south coast (`3.17.03/04/07/08` - ""Description of the south side: Lissos | Tarrha...Phoinix city | Phoinikous harbor""); Mauretania/Numidia/Africa/Cyrenaica (`4.01`-`4.04`,`4.06`-`4.08`, a dozen sections - Icosium, Rusazus, Carthage's own harbor towns, ""In the Pentapolis, Berenike or Hesperides | mouth of the Lathon river""); Anatolia's Aeolis/Lykia/ Pontus coasts (`5.01`-`5.14`, another dozen - ""Patara | Antiphellos | Andriake...Olympos city | Phaselis""); the Levant's own continuation past the Phoenicia fix (`5.16.02` - Kaisareia, Apollonia, Ioppe/Jaffa, Azotos, Askalon, Anthedon, already-`harbor` Gaza/Iamnia ports between them); the Persian Gulf coast of Babylonia/Susiane/Persis (`5.20.05`,`6.02.02`-`6.04.02` - ""this coast is described as follows: the western mouth of the Tigris river...""); and India's own Malabar/Coromandel/Ganges-delta coasts (`7.01`/`7.02`/`7.03`/`7.04`, the largest single cluster - ""(Ariake) of the Pirates. Mandagara..."", ""Maisolia. Mouth of the River Maisolos..."", ""Mouths of the Ganges...""). One candidate, `3.05.14`, was excluded: its own `city` point (""Nördlicher Endpunkt"") is ""the southern limit of Sarmatia at the *sources* of the Tanais river"" - a river-source boundary marker at the opposite end from this section's real coastal points (the Tanais' two mouths), the same shape as the Durius/Anas fixes above, not a coastal gap - left as `city`, worth a closer individual look later if it turns out to need one."
181,3.04.07,force_coastal_section,,"A wide batch found by the same systematic topostext-disagreement review, each independently confirmed the same way: a plain-named harbor town or headland sitting in `city`, whose section has no sea-word header of its own but whose topostext citation both names it a harbor/port *and* sits in an unbroken run of coastal citations (river mouths, capes, other harbors) either side of it in the same section - the same ""province/tribe name instead of sea name"" header gap already fixed many times this session, just not yet swept outside the regions checked so far: [Sicily: river mouths and promontories either side of Kaukana harbor]"
143,3.04.09,force_coastal_section,,"Found by an independent second pass: building a standalone category guess purely from topostext's own wording (category_check.py, no access to the catalogue's category, name, or any exception list) and comparing it to the catalogue's category surfaced a few more instances of the same gap the batch above missed: [Sicily's own east coast: ""Syrakousai...Tauros promontory...Katane...Symaithos river mouth...Tauromenion...Argennon promontory...Messene in the strait""]"
61,3.04.16,force_island_section,,"The following five were confirmed against topostext.org/work/209's English translation, which states outright ""the Ebuda islands..."", ""the islands which are near Albion island..."", etc. - independent of our own Modern_location-based guessing. [Didyme/Hikesia/Erikodes/Phoinikodes/Euonymos/Lipara/Strongyle + Hephaistos-Insel - the islands around Sicily (topostext: ""the islands located around Sicily...are: Didyme island..."")]"
28,3.04.17,force_island_section,,"The following five were confirmed against topostext.org/work/209's English translation, which states outright ""the Ebuda islands..."", ""the islands which are near Albion island..."", etc. - independent of our own Modern_location-based guessing. [Ustika/Osteodes/Phorbantia/Aigusa/Hiera/Pakonia + Aiolos-Insel - more islands around Sicily, continuing 3.04.16]"
266,3.05.07,force_coastal_section,," A seventeenth-round, catalogue-wide sweep (2026-07-30), prompted by the user pointing out a structural blind spot in every check run so far this session: crossref_topostext.py/category_check.py only ever flag a `city` point when *that point's own* topostext phrase contains a coastal keyword - Sidon, Tyros and Byblos (fixed just above) have none; their own citations are bare names. The signal that they're coastal was never in their own phrase, it was in their *section*: sitting between already-correctly-classified points (a ""-Mündung"" river mouth, a ""Kap"" cape) that do carry a keyword. That's checkable without topostext at all - a section mixing coastal-family points (`coast`/`harbor`/`river_mouth`, keyword- detected from the German name) with plain `city` points, with no sea-word header of its own, is structurally suspicious on its own: Ptolemy's sections are narratively homogeneous (a coastal run OR an inland list, established as this project's whole classification premise), so a section doing both at once is far more likely to be one coastal run some of whose points merely lack their own keyword than a genuine mix.  Found 110 such sections catalogue-wide. Checked every one's full topostext text (not just the `city` points' own phrases) before adding it - looking for either confirming coastal language (promontory/harbor/river mouth/gulf/bay, a run of real coastal place-names) or a contradiction (an inland/interior framing, the same ""in the interior of Galatian Pontos"" shape that correctly ruled out a candidate earlier this session). 109 confirmed straightforwardly - a representative sample across the whole range: Lusitania's own coast continuing past the Durius fix above (Oliosipum/Lisbon, Obila - ""LUSITANIA...the mouth of the river, which flows into the Outer Sea""); the Basque/Catalan coast (`2.06.07`/`.10`/`.14`/`.15`/`.18`/`.19`/`.20` - ""Of the Autrigones: Nerva river mouth | Flaviobriga"", ""Of the Vascones: Oiasso city | Ocasso promontory of the Pyrenees""); Dalmatia (`2.16.02`/`.03`/`.05` - ""Ortopla...mouth of the Titos river...Skardona""); Macedonia and Thessaly (`3.13.05/06/12/14/15/16` - ""In Amphaxitis: Thessalonike | Echedoros river outlet"", ""In Pieria: ...Pydna | Haliakmon river outlet...Dion colonia...Peneios river outlet""); Boiotia and the Lokrians (`3.15.03/09/11` - ""In Boiotia: Aulis | Ismenos river outlet | Salganeus | Anthedon""); Messenia (`3.16.07` - ""Kyparissia city | Kyparission promontory...Pylos | Koryphasion headland | Mothone""); Crete's south coast (`3.17.03/04/07/08` - ""Description of the south side: Lissos | Tarrha...Phoinix city | Phoinikous harbor""); Mauretania/Numidia/Africa/Cyrenaica (`4.01`-`4.04`,`4.06`-`4.08`, a dozen sections - Icosium, Rusazus, Carthage's own harbor towns, ""In the Pentapolis, Berenike or Hesperides | mouth of the Lathon river""); Anatolia's Aeolis/Lykia/ Pontus coasts (`5.01`-`5.14`, another dozen - ""Patara | Antiphellos | Andriake...Olympos city | Phaselis""); the Levant's own continuation past the Phoenicia fix (`5.16.02` - Kaisareia, Apollonia, Ioppe/Jaffa, Azotos, Askalon, Anthedon, already-`harbor` Gaza/Iamnia ports between them); the Persian Gulf coast of Babylonia/Susiane/Persis (`5.20.05`,`6.02.02`-`6.04.02` - ""this coast is described as follows: the western mouth of the Tigris river...""); and India's own Malabar/Coromandel/Ganges-delta coasts (`7.01`/`7.02`/`7.03`/`7.04`, the largest single cluster - ""(Ariake) of the Pirates. Mandagara..."", ""Maisolia. Mouth of the River Maisolos..."", ""Mouths of the Ganges...""). One candidate, `3.05.14`, was excluded: its own `city` point (""Nördlicher Endpunkt"") is ""the southern limit of Sarmatia at the *sources* of the Tanais river"" - a river-source boundary marker at the opposite end from this section's real coastal points (the Tanais' two mouths), the same shape as the Durius/Anas fixes above, not a coastal gap - left as `city`, worth a closer individual look later if it turns out to need one."
168,3.05.08,force_coastal_section,," A seventeenth-round, catalogue-wide sweep (2026-07-30), prompted by the user pointing out a structural blind spot in every check run so far this session: crossref_topostext.py/category_check.py only ever flag a `city` point when *that point's own* topostext phrase contains a coastal keyword - Sidon, Tyros and Byblos (fixed just above) have none; their own citations are bare names. The signal that they're coastal was never in their own phrase, it was in their *section*: sitting between already-correctly-classified points (a ""-Mündung"" river mouth, a ""Kap"" cape) that do carry a keyword. That's checkable without topostext at all - a section mixing coastal-family points (`coast`/`harbor`/`river_mouth`, keyword- detected from the German name) with plain `city` points, with no sea-word header of its own, is structurally suspicious on its own: Ptolemy's sections are narratively homogeneous (a coastal run OR an inland list, established as this project's whole classification premise), so a section doing both at once is far more likely to be one coastal run some of whose points merely lack their own keyword than a genuine mix.  Found 110 such sections catalogue-wide. Checked every one's full topostext text (not just the `city` points' own phrases) before adding it - looking for either confirming coastal language (promontory/harbor/river mouth/gulf/bay, a run of real coastal place-names) or a contradiction (an inland/interior framing, the same ""in the interior of Galatian Pontos"" shape that correctly ruled out a candidate earlier this session). 109 confirmed straightforwardly - a representative sample across the whole range: Lusitania's own coast continuing past the Durius fix above (Oliosipum/Lisbon, Obila - ""LUSITANIA...the mouth of the river, which flows into the Outer Sea""); the Basque/Catalan coast (`2.06.07`/`.10`/`.14`/`.15`/`.18`/`.19`/`.20` - ""Of the Autrigones: Nerva river mouth | Flaviobriga"", ""Of the Vascones: Oiasso city | Ocasso promontory of the Pyrenees""); Dalmatia (`2.16.02`/`.03`/`.05` - ""Ortopla...mouth of the Titos river...Skardona""); Macedonia and Thessaly (`3.13.05/06/12/14/15/16` - ""In Amphaxitis: Thessalonike | Echedoros river outlet"", ""In Pieria: ...Pydna | Haliakmon river outlet...Dion colonia...Peneios river outlet""); Boiotia and the Lokrians (`3.15.03/09/11` - ""In Boiotia: Aulis | Ismenos river outlet | Salganeus | Anthedon""); Messenia (`3.16.07` - ""Kyparissia city | Kyparission promontory...Pylos | Koryphasion headland | Mothone""); Crete's south coast (`3.17.03/04/07/08` - ""Description of the south side: Lissos | Tarrha...Phoinix city | Phoinikous harbor""); Mauretania/Numidia/Africa/Cyrenaica (`4.01`-`4.04`,`4.06`-`4.08`, a dozen sections - Icosium, Rusazus, Carthage's own harbor towns, ""In the Pentapolis, Berenike or Hesperides | mouth of the Lathon river""); Anatolia's Aeolis/Lykia/ Pontus coasts (`5.01`-`5.14`, another dozen - ""Patara | Antiphellos | Andriake...Olympos city | Phaselis""); the Levant's own continuation past the Phoenicia fix (`5.16.02` - Kaisareia, Apollonia, Ioppe/Jaffa, Azotos, Askalon, Anthedon, already-`harbor` Gaza/Iamnia ports between them); the Persian Gulf coast of Babylonia/Susiane/Persis (`5.20.05`,`6.02.02`-`6.04.02` - ""this coast is described as follows: the western mouth of the Tigris river...""); and India's own Malabar/Coromandel/Ganges-delta coasts (`7.01`/`7.02`/`7.03`/`7.04`, the largest single cluster - ""(Ariake) of the Pirates. Mandagara..."", ""Maisolia. Mouth of the River Maisolos..."", ""Mouths of the Ganges...""). One candidate, `3.05.14`, was excluded: its own `city` point (""Nördlicher Endpunkt"") is ""the southern limit of Sarmatia at the *sources* of the Tanais river"" - a river-source boundary marker at the opposite end from this section's real coastal points (the Tanais' two mouths), the same shape as the Durius/Anas fixes above, not a coastal gap - left as `city`, worth a closer individual look later if it turns out to need one."
208,3.05.11,force_coastal_section,,"A fourth round, from a systematic edge-by-edge sweep of every coastline in the wider Black Sea/Sea of Azov region (every consecutive-point gap over ~1.8 degrees, checked one at a time against topostext and the raw section headers, per the user's request after the third round still left some ""non-neighbour"" connections) - the same header-language gap as the fixes above, just two sections these earlier passes hadn't reached yet: [Sarmatia-in-Europe's coast opens with ""Neue Festung"" (topostext: ""isthmus...toward the Karkinites river, Neon Teichos"") - the walk's own starting point, sitting in `city`]"
201,3.05.12,force_coastal_section,,"A fourth round, from a systematic edge-by-edge sweep of every coastline in the wider Black Sea/Sea of Azov region (every consecutive-point gap over ~1.8 degrees, checked one at a time against topostext and the raw section headers, per the user's request after the third round still left some ""non-neighbour"" connections) - the same header-language gap as the fixes above, just two sections these earlier passes hadn't reached yet: [...continuing (topostext, by name match - this book.map's own section numbering runs well ahead of topostext's: ""Leianon city...Akra city...Gerros river mouth...Kremnoi city"") - Leianon and Akra were `city`]"
121,3.05.13,force_coastal_section,,"A fourth round, from a systematic edge-by-edge sweep of every coastline in the wider Black Sea/Sea of Azov region (every consecutive-point gap over ~1.8 degrees, checked one at a time against topostext and the raw section headers, per the user's request after the third round still left some ""non-neighbour"" connections) - the same header-language gap as the fixes above, just two sections these earlier passes hadn't reached yet: [...continuing to the Tanais/Don (topostext: ""...Agaron promontory...Hygreis city...Karoia kome...western mouth of the Tanais"") - Kneme, Hygreis, Karoia were `city`]"
232,3.06.02,force_coastal_section,,"The root cause behind all three Black Sea fixes above, generalized: `_COASTAL_HDR_RE` only recognizes *German* sea words (""Meer""/""Golf""/ ""Ozean""/...), but this catalogue routinely heads a Pontic-region section with the *Greek* proper noun instead (""Pontos Euxeinos"", ""Propontis"", ""Kimmerischer Bosporos"") - which never matches. Reported by the user as points ""hopping and dancing"" around the Black Sea, Bosphorus and Thrace/Bithynia - not a classification problem exactly (each point's own coordinate was always right), but a *connectivity* one: with real waypoints along the shore sitting in `city` instead of `coast`, the graph had nothing to connect but the few points that did happen to match some other keyword, forcing long, geographically senseless edges between them instead of the short, orderly hops a complete coastal walk would draw. Checked every section headed by a Greek Pontic sea-name across the whole catalogue (via a regex on the header text) and triaged each one individually - most were already fine (either already `coast`, or genuinely inland, like `5.06.09`- `11`'s ""Pontos"" *province* name, Amaseia and neighbours, nowhere near the shore) or too low-impact/uncertain to act on without further verification (single boundary-point sections). These sections had a real, topostext-confirmed gap: [Crimea/Chersonesus Taurica's coast (topostext: ""...in the Pontus: Dandake...Chersonesos..."") - Eupatoria (Yevpatoria), Dandake etc.]"
146,3.06.03,force_coastal_section,,"A fourth round, from a systematic edge-by-edge sweep of every coastline in the wider Black Sea/Sea of Azov region (every consecutive-point gap over ~1.8 degrees, checked one at a time against topostext and the raw section headers, per the user's request after the third round still left some ""non-neighbour"" connections) - the same header-language gap as the fixes above, just two sections these earlier passes hadn't reached yet: [Crimea's coast continues past Kap Korax/Istrianos-Mündung with no header of its own - Theodosia (Feodosia) and Nymphaion were sitting in `city`, missing from the traced coastline entirely (topostext: ""...Istrianos river mouth, Theodosia, Nymphaion"" - directly between the two already-coastal sections either side)]"
264,3.06.04,force_coastal_section,,"The root cause behind all three Black Sea fixes above, generalized: `_COASTAL_HDR_RE` only recognizes *German* sea words (""Meer""/""Golf""/ ""Ozean""/...), but this catalogue routinely heads a Pontic-region section with the *Greek* proper noun instead (""Pontos Euxeinos"", ""Propontis"", ""Kimmerischer Bosporos"") - which never matches. Reported by the user as points ""hopping and dancing"" around the Black Sea, Bosphorus and Thrace/Bithynia - not a classification problem exactly (each point's own coordinate was always right), but a *connectivity* one: with real waypoints along the shore sitting in `city` instead of `coast`, the graph had nothing to connect but the few points that did happen to match some other keyword, forcing long, geographically senseless edges between them instead of the short, orderly hops a complete coastal walk would draw. Checked every section headed by a Greek Pontic sea-name across the whole catalogue (via a regex on the header text) and triaged each one individually - most were already fine (either already `coast`, or genuinely inland, like `5.06.09`- `11`'s ""Pontos"" *province* name, Amaseia and neighbours, nowhere near the shore) or too low-impact/uncertain to act on without further verification (single boundary-point sections). These sections had a real, topostext-confirmed gap: [The Cimmerian Bosphorus/Kerch strait's own coast (topostext: ""On the Cimmerian Bosphorus, Tyriktake...Pantikapaia..."") - the Bosporan Kingdom's capital]"
99,3.10.08,force_coastal_section,," A seventeenth-round, catalogue-wide sweep (2026-07-30), prompted by the user pointing out a structural blind spot in every check run so far this session: crossref_topostext.py/category_check.py only ever flag a `city` point when *that point's own* topostext phrase contains a coastal keyword - Sidon, Tyros and Byblos (fixed just above) have none; their own citations are bare names. The signal that they're coastal was never in their own phrase, it was in their *section*: sitting between already-correctly-classified points (a ""-Mündung"" river mouth, a ""Kap"" cape) that do carry a keyword. That's checkable without topostext at all - a section mixing coastal-family points (`coast`/`harbor`/`river_mouth`, keyword- detected from the German name) with plain `city` points, with no sea-word header of its own, is structurally suspicious on its own: Ptolemy's sections are narratively homogeneous (a coastal run OR an inland list, established as this project's whole classification premise), so a section doing both at once is far more likely to be one coastal run some of whose points merely lack their own keyword than a genuine mix.  Found 110 such sections catalogue-wide. Checked every one's full topostext text (not just the `city` points' own phrases) before adding it - looking for either confirming coastal language (promontory/harbor/river mouth/gulf/bay, a run of real coastal place-names) or a contradiction (an inland/interior framing, the same ""in the interior of Galatian Pontos"" shape that correctly ruled out a candidate earlier this session). 109 confirmed straightforwardly - a representative sample across the whole range: Lusitania's own coast continuing past the Durius fix above (Oliosipum/Lisbon, Obila - ""LUSITANIA...the mouth of the river, which flows into the Outer Sea""); the Basque/Catalan coast (`2.06.07`/`.10`/`.14`/`.15`/`.18`/`.19`/`.20` - ""Of the Autrigones: Nerva river mouth | Flaviobriga"", ""Of the Vascones: Oiasso city | Ocasso promontory of the Pyrenees""); Dalmatia (`2.16.02`/`.03`/`.05` - ""Ortopla...mouth of the Titos river...Skardona""); Macedonia and Thessaly (`3.13.05/06/12/14/15/16` - ""In Amphaxitis: Thessalonike | Echedoros river outlet"", ""In Pieria: ...Pydna | Haliakmon river outlet...Dion colonia...Peneios river outlet""); Boiotia and the Lokrians (`3.15.03/09/11` - ""In Boiotia: Aulis | Ismenos river outlet | Salganeus | Anthedon""); Messenia (`3.16.07` - ""Kyparissia city | Kyparission promontory...Pylos | Koryphasion headland | Mothone""); Crete's south coast (`3.17.03/04/07/08` - ""Description of the south side: Lissos | Tarrha...Phoinix city | Phoinikous harbor""); Mauretania/Numidia/Africa/Cyrenaica (`4.01`-`4.04`,`4.06`-`4.08`, a dozen sections - Icosium, Rusazus, Carthage's own harbor towns, ""In the Pentapolis, Berenike or Hesperides | mouth of the Lathon river""); Anatolia's Aeolis/Lykia/ Pontus coasts (`5.01`-`5.14`, another dozen - ""Patara | Antiphellos | Andriake...Olympos city | Phaselis""); the Levant's own continuation past the Phoenicia fix (`5.16.02` - Kaisareia, Apollonia, Ioppe/Jaffa, Azotos, Askalon, Anthedon, already-`harbor` Gaza/Iamnia ports between them); the Persian Gulf coast of Babylonia/Susiane/Persis (`5.20.05`,`6.02.02`-`6.04.02` - ""this coast is described as follows: the western mouth of the Tigris river...""); and India's own Malabar/Coromandel/Ganges-delta coasts (`7.01`/`7.02`/`7.03`/`7.04`, the largest single cluster - ""(Ariake) of the Pirates. Mandagara..."", ""Maisolia. Mouth of the River Maisolos..."", ""Mouths of the Ganges...""). One candidate, `3.05.14`, was excluded: its own `city` point (""Nördlicher Endpunkt"") is ""the southern limit of Sarmatia at the *sources* of the Tanais river"" - a river-source boundary marker at the opposite end from this section's real coastal points (the Tanais' two mouths), the same shape as the Durius/Anas fixes above, not a coastal gap - left as `city`, worth a closer individual look later if it turns out to need one."
257,3.10.14,force_coastal_section,,"Lower Moesia's own coast resuming past the Danube delta (book.map ""3.10"" section ""14"", no header of its own) - topostext confirms the real sequence is a clean coastal run: ""7.1 northernmost mouth of the Istros until the mouth of the Borysthenes...7.2 Axiakos river mouth / 7.3 Physke city / 7.4 Tyras river mouth / 7.5 Hermonaktos village / 7.6 Arpis city"" - matching our own item order exactly (`.02` Axiakes-Mündung, `.03` Physke, `.04` Tyras-Mündung, `.05` Dorf des Hermonax, `.06` Harpis). Found by the user pointing at Axiakes-Mündung looking disconnected in a rendered map - it was technically connected already (to Panysus-Mündung, a real but large jump across an inland digression - see _COASTLINE_HARD_BREAKS' sibling comments), but the walk continuing *past* it dead-ended at Tyras-Mündung because Physke/Hermonax/Harpis, the points that should carry it onward, were sitting in `city`."
22,3.10.17,force_island_section,,"The following five were confirmed against topostext.org/work/209's English translation, which states outright ""the Ebuda islands..."", ""the islands which are near Albion island..."", etc. - independent of our own Modern_location-based guessing. [Borysthenis + Achilles-Insel - the two islands off Lower Moesia (topostext: ""the so-called Borysthenes island...and Achilleos or Leuke island"")]"
243,3.11.03,force_coastal_section,,"The root cause behind all three Black Sea fixes above, generalized: `_COASTAL_HDR_RE` only recognizes *German* sea words (""Meer""/""Golf""/ ""Ozean""/...), but this catalogue routinely heads a Pontic-region section with the *Greek* proper noun instead (""Pontos Euxeinos"", ""Propontis"", ""Kimmerischer Bosporos"") - which never matches. Reported by the user as points ""hopping and dancing"" around the Black Sea, Bosphorus and Thrace/Bithynia - not a classification problem exactly (each point's own coordinate was always right), but a *connectivity* one: with real waypoints along the shore sitting in `city` instead of `coast`, the graph had nothing to connect but the few points that did happen to match some other keyword, forcing long, geographically senseless edges between them instead of the short, orderly hops a complete coastal walk would draw. Checked every section headed by a Greek Pontic sea-name across the whole catalogue (via a regex on the header text) and triaged each one individually - most were already fine (either already `coast`, or genuinely inland, like `5.06.09`- `11`'s ""Pontos"" *province* name, Amaseia and neighbours, nowhere near the shore) or too low-impact/uncertain to act on without further verification (single boundary-point sections). These sections had a real, topostext-confirmed gap: [Thrace's own Black Sea coast, its boundary hand-off from Lower Moesia]"
106,3.11.04,force_coastal_section,," A seventeenth-round, catalogue-wide sweep (2026-07-30), prompted by the user pointing out a structural blind spot in every check run so far this session: crossref_topostext.py/category_check.py only ever flag a `city` point when *that point's own* topostext phrase contains a coastal keyword - Sidon, Tyros and Byblos (fixed just above) have none; their own citations are bare names. The signal that they're coastal was never in their own phrase, it was in their *section*: sitting between already-correctly-classified points (a ""-Mündung"" river mouth, a ""Kap"" cape) that do carry a keyword. That's checkable without topostext at all - a section mixing coastal-family points (`coast`/`harbor`/`river_mouth`, keyword- detected from the German name) with plain `city` points, with no sea-word header of its own, is structurally suspicious on its own: Ptolemy's sections are narratively homogeneous (a coastal run OR an inland list, established as this project's whole classification premise), so a section doing both at once is far more likely to be one coastal run some of whose points merely lack their own keyword than a genuine mix.  Found 110 such sections catalogue-wide. Checked every one's full topostext text (not just the `city` points' own phrases) before adding it - looking for either confirming coastal language (promontory/harbor/river mouth/gulf/bay, a run of real coastal place-names) or a contradiction (an inland/interior framing, the same ""in the interior of Galatian Pontos"" shape that correctly ruled out a candidate earlier this session). 109 confirmed straightforwardly - a representative sample across the whole range: Lusitania's own coast continuing past the Durius fix above (Oliosipum/Lisbon, Obila - ""LUSITANIA...the mouth of the river, which flows into the Outer Sea""); the Basque/Catalan coast (`2.06.07`/`.10`/`.14`/`.15`/`.18`/`.19`/`.20` - ""Of the Autrigones: Nerva river mouth | Flaviobriga"", ""Of the Vascones: Oiasso city | Ocasso promontory of the Pyrenees""); Dalmatia (`2.16.02`/`.03`/`.05` - ""Ortopla...mouth of the Titos river...Skardona""); Macedonia and Thessaly (`3.13.05/06/12/14/15/16` - ""In Amphaxitis: Thessalonike | Echedoros river outlet"", ""In Pieria: ...Pydna | Haliakmon river outlet...Dion colonia...Peneios river outlet""); Boiotia and the Lokrians (`3.15.03/09/11` - ""In Boiotia: Aulis | Ismenos river outlet | Salganeus | Anthedon""); Messenia (`3.16.07` - ""Kyparissia city | Kyparission promontory...Pylos | Koryphasion headland | Mothone""); Crete's south coast (`3.17.03/04/07/08` - ""Description of the south side: Lissos | Tarrha...Phoinix city | Phoinikous harbor""); Mauretania/Numidia/Africa/Cyrenaica (`4.01`-`4.04`,`4.06`-`4.08`, a dozen sections - Icosium, Rusazus, Carthage's own harbor towns, ""In the Pentapolis, Berenike or Hesperides | mouth of the Lathon river""); Anatolia's Aeolis/Lykia/ Pontus coasts (`5.01`-`5.14`, another dozen - ""Patara | Antiphellos | Andriake...Olympos city | Phaselis""); the Levant's own continuation past the Phoenicia fix (`5.16.02` - Kaisareia, Apollonia, Ioppe/Jaffa, Azotos, Askalon, Anthedon, already-`harbor` Gaza/Iamnia ports between them); the Persian Gulf coast of Babylonia/Susiane/Persis (`5.20.05`,`6.02.02`-`6.04.02` - ""this coast is described as follows: the western mouth of the Tigris river...""); and India's own Malabar/Coromandel/Ganges-delta coasts (`7.01`/`7.02`/`7.03`/`7.04`, the largest single cluster - ""(Ariake) of the Pirates. Mandagara..."", ""Maisolia. Mouth of the River Maisolos..."", ""Mouths of the Ganges...""). One candidate, `3.05.14`, was excluded: its own `city` point (""Nördlicher Endpunkt"") is ""the southern limit of Sarmatia at the *sources* of the Tanais river"" - a river-source boundary marker at the opposite end from this section's real coastal points (the Tanais' two mouths), the same shape as the Durius/Anas fixes above, not a coastal gap - left as `city`, worth a closer individual look later if it turns out to need one."
150,3.11.05,force_coastal_section,,"The root cause behind all three Black Sea fixes above, generalized: `_COASTAL_HDR_RE` only recognizes *German* sea words (""Meer""/""Golf""/ ""Ozean""/...), but this catalogue routinely heads a Pontic-region section with the *Greek* proper noun instead (""Pontos Euxeinos"", ""Propontis"", ""Kimmerischer Bosporos"") - which never matches. Reported by the user as points ""hopping and dancing"" around the Black Sea, Bosphorus and Thrace/Bithynia - not a classification problem exactly (each point's own coordinate was always right), but a *connectivity* one: with real waypoints along the shore sitting in `city` instead of `coast`, the graph had nothing to connect but the few points that did happen to match some other keyword, forcing long, geographically senseless edges between them instead of the short, orderly hops a complete coastal walk would draw. Checked every section headed by a Greek Pontic sea-name across the whole catalogue (via a regex on the header text) and triaged each one individually - most were already fine (either already `coast`, or genuinely inland, like `5.06.09`- `11`'s ""Pontos"" *province* name, Amaseia and neighbours, nowhere near the shore) or too low-impact/uncertain to act on without further verification (single boundary-point sections). These sections had a real, topostext-confirmed gap: [Byzantion itself - the missing hinge point between Thrace's Black Sea coast (section ""04"") and its Propontis coast (section ""06"")]"
97,3.11.06,force_coastal_section,,"The root cause behind all three Black Sea fixes above, generalized: `_COASTAL_HDR_RE` only recognizes *German* sea words (""Meer""/""Golf""/ ""Ozean""/...), but this catalogue routinely heads a Pontic-region section with the *Greek* proper noun instead (""Pontos Euxeinos"", ""Propontis"", ""Kimmerischer Bosporos"") - which never matches. Reported by the user as points ""hopping and dancing"" around the Black Sea, Bosphorus and Thrace/Bithynia - not a classification problem exactly (each point's own coordinate was always right), but a *connectivity* one: with real waypoints along the shore sitting in `city` instead of `coast`, the graph had nothing to connect but the few points that did happen to match some other keyword, forcing long, geographically senseless edges between them instead of the short, orderly hops a complete coastal walk would draw. Checked every section headed by a Greek Pontic sea-name across the whole catalogue (via a regex on the header text) and triaged each one individually - most were already fine (either already `coast`, or genuinely inland, like `5.06.09`- `11`'s ""Pontos"" *province* name, Amaseia and neighbours, nowhere near the shore) or too low-impact/uncertain to act on without further verification (single boundary-point sections). These sections had a real, topostext-confirmed gap: [Thrace's Propontis coast (topostext: ""Next, in Propontis..."") - Selymbria, Herakleia, Bisanthe, the Long Wall, Paktye]"
36,3.11.14,force_island_section,,"Sections manually verified (via the Modern_location column and known ancient geography) to be island enumerations rather than coastal walks, even though neither the section header nor the point names carry any island-specific keyword. A sea-headed section is structurally ambiguous between ""coastal points along this sea's shore"" (e.g. book.map ""3.01"" section ""14"": Hydruntum/Lupiae/Brundisium - real coastal cities, Otranto/ Lecce/Brindisi) and ""islands scattered across this sea"" (section ""79"" of that same book.map: Planasia/Pontia/.../Capreae - Pianosa/Ponza/.../Capri) - both look identical from the text alone, so this can't be a general regex rule without also breaking the former. Keyed by (book.map, section). [Kyaneen/Proikonesos/Thasos/Samothrake]"
259,3.12.04,force_coastal_section,,"The Thracian Chersonese's own coast (book.map ""3.12"", a self-contained peninsula loop distinct from mainland Thrace's - see topostext, book 3 map 11 section 9, oddly filed under Thrace's own map rather than getting its own: ""the part of Propontis on that side as far as Kallipolis...on the west...Kardia city...Mastousia promontory...on the south...the city Elaious...the protruding promontory...on the East by the Hellespont, on which are the cities: Koila, Sestos, next the above-mentioned Kallipolis"" - a closed loop back to its own start). Section ""04""'s own header is ""Hellespont"" (Greek proper noun, not `_COASTAL_HDR_RE`'s German sea words) - Koila and Sestos were sitting in `city`, the two points the user spotted ""floating in the water"" north of Kap gleich daneben, unconnected to the rest of the peninsula's own coastline."
155,3.13.03,force_coastal_section,,"Found by an independent second pass: building a standalone category guess purely from topostext's own wording (category_check.py, no access to the catalogue's category, name, or any exception list) and comparing it to the catalogue's category surfaced a few more instances of the same gap the batch above missed: [Illyria: ""west by the Ionian Sea from Dyrrachion...per the following description""...""Panyasos river outlet...Apollonia...Aoos river outlet...Aulon city and port""]"
260,3.13.05,force_coastal_section,," A seventeenth-round, catalogue-wide sweep (2026-07-30), prompted by the user pointing out a structural blind spot in every check run so far this session: crossref_topostext.py/category_check.py only ever flag a `city` point when *that point's own* topostext phrase contains a coastal keyword - Sidon, Tyros and Byblos (fixed just above) have none; their own citations are bare names. The signal that they're coastal was never in their own phrase, it was in their *section*: sitting between already-correctly-classified points (a ""-Mündung"" river mouth, a ""Kap"" cape) that do carry a keyword. That's checkable without topostext at all - a section mixing coastal-family points (`coast`/`harbor`/`river_mouth`, keyword- detected from the German name) with plain `city` points, with no sea-word header of its own, is structurally suspicious on its own: Ptolemy's sections are narratively homogeneous (a coastal run OR an inland list, established as this project's whole classification premise), so a section doing both at once is far more likely to be one coastal run some of whose points merely lack their own keyword than a genuine mix.  Found 110 such sections catalogue-wide. Checked every one's full topostext text (not just the `city` points' own phrases) before adding it - looking for either confirming coastal language (promontory/harbor/river mouth/gulf/bay, a run of real coastal place-names) or a contradiction (an inland/interior framing, the same ""in the interior of Galatian Pontos"" shape that correctly ruled out a candidate earlier this session). 109 confirmed straightforwardly - a representative sample across the whole range: Lusitania's own coast continuing past the Durius fix above (Oliosipum/Lisbon, Obila - ""LUSITANIA...the mouth of the river, which flows into the Outer Sea""); the Basque/Catalan coast (`2.06.07`/`.10`/`.14`/`.15`/`.18`/`.19`/`.20` - ""Of the Autrigones: Nerva river mouth | Flaviobriga"", ""Of the Vascones: Oiasso city | Ocasso promontory of the Pyrenees""); Dalmatia (`2.16.02`/`.03`/`.05` - ""Ortopla...mouth of the Titos river...Skardona""); Macedonia and Thessaly (`3.13.05/06/12/14/15/16` - ""In Amphaxitis: Thessalonike | Echedoros river outlet"", ""In Pieria: ...Pydna | Haliakmon river outlet...Dion colonia...Peneios river outlet""); Boiotia and the Lokrians (`3.15.03/09/11` - ""In Boiotia: Aulis | Ismenos river outlet | Salganeus | Anthedon""); Messenia (`3.16.07` - ""Kyparissia city | Kyparission promontory...Pylos | Koryphasion headland | Mothone""); Crete's south coast (`3.17.03/04/07/08` - ""Description of the south side: Lissos | Tarrha...Phoinix city | Phoinikous harbor""); Mauretania/Numidia/Africa/Cyrenaica (`4.01`-`4.04`,`4.06`-`4.08`, a dozen sections - Icosium, Rusazus, Carthage's own harbor towns, ""In the Pentapolis, Berenike or Hesperides | mouth of the Lathon river""); Anatolia's Aeolis/Lykia/ Pontus coasts (`5.01`-`5.14`, another dozen - ""Patara | Antiphellos | Andriake...Olympos city | Phaselis""); the Levant's own continuation past the Phoenicia fix (`5.16.02` - Kaisareia, Apollonia, Ioppe/Jaffa, Azotos, Askalon, Anthedon, already-`harbor` Gaza/Iamnia ports between them); the Persian Gulf coast of Babylonia/Susiane/Persis (`5.20.05`,`6.02.02`-`6.04.02` - ""this coast is described as follows: the western mouth of the Tigris river...""); and India's own Malabar/Coromandel/Ganges-delta coasts (`7.01`/`7.02`/`7.03`/`7.04`, the largest single cluster - ""(Ariake) of the Pirates. Mandagara..."", ""Maisolia. Mouth of the River Maisolos..."", ""Mouths of the Ganges...""). One candidate, `3.05.14`, was excluded: its own `city` point (""Nördlicher Endpunkt"") is ""the southern limit of Sarmatia at the *sources* of the Tanais river"" - a river-source boundary marker at the opposite end from this section's real coastal points (the Tanais' two mouths), the same shape as the Durius/Anas fixes above, not a coastal gap - left as `city`, worth a closer individual look later if it turns out to need one."
172,3.13.06,force_coastal_section,," A seventeenth-round, catalogue-wide sweep (2026-07-30), prompted by the user pointing out a structural blind spot in every check run so far this session: crossref_topostext.py/category_check.py only ever flag a `city` point when *that point's own* topostext phrase contains a coastal keyword - Sidon, Tyros and Byblos (fixed just above) have none; their own citations are bare names. The signal that they're coastal was never in their own phrase, it was in their *section*: sitting between already-correctly-classified points (a ""-Mündung"" river mouth, a ""Kap"" cape) that do carry a keyword. That's checkable without topostext at all - a section mixing coastal-family points (`coast`/`harbor`/`river_mouth`, keyword- detected from the German name) with plain `city` points, with no sea-word header of its own, is structurally suspicious on its own: Ptolemy's sections are narratively homogeneous (a coastal run OR an inland list, established as this project's whole classification premise), so a section doing both at once is far more likely to be one coastal run some of whose points merely lack their own keyword than a genuine mix.  Found 110 such sections catalogue-wide. Checked every one's full topostext text (not just the `city` points' own phrases) before adding it - looking for either confirming coastal language (promontory/harbor/river mouth/gulf/bay, a run of real coastal place-names) or a contradiction (an inland/interior framing, the same ""in the interior of Galatian Pontos"" shape that correctly ruled out a candidate earlier this session). 109 confirmed straightforwardly - a representative sample across the whole range: Lusitania's own coast continuing past the Durius fix above (Oliosipum/Lisbon, Obila - ""LUSITANIA...the mouth of the river, which flows into the Outer Sea""); the Basque/Catalan coast (`2.06.07`/`.10`/`.14`/`.15`/`.18`/`.19`/`.20` - ""Of the Autrigones: Nerva river mouth | Flaviobriga"", ""Of the Vascones: Oiasso city | Ocasso promontory of the Pyrenees""); Dalmatia (`2.16.02`/`.03`/`.05` - ""Ortopla...mouth of the Titos river...Skardona""); Macedonia and Thessaly (`3.13.05/06/12/14/15/16` - ""In Amphaxitis: Thessalonike | Echedoros river outlet"", ""In Pieria: ...Pydna | Haliakmon river outlet...Dion colonia...Peneios river outlet""); Boiotia and the Lokrians (`3.15.03/09/11` - ""In Boiotia: Aulis | Ismenos river outlet | Salganeus | Anthedon""); Messenia (`3.16.07` - ""Kyparissia city | Kyparission promontory...Pylos | Koryphasion headland | Mothone""); Crete's south coast (`3.17.03/04/07/08` - ""Description of the south side: Lissos | Tarrha...Phoinix city | Phoinikous harbor""); Mauretania/Numidia/Africa/Cyrenaica (`4.01`-`4.04`,`4.06`-`4.08`, a dozen sections - Icosium, Rusazus, Carthage's own harbor towns, ""In the Pentapolis, Berenike or Hesperides | mouth of the Lathon river""); Anatolia's Aeolis/Lykia/ Pontus coasts (`5.01`-`5.14`, another dozen - ""Patara | Antiphellos | Andriake...Olympos city | Phaselis""); the Levant's own continuation past the Phoenicia fix (`5.16.02` - Kaisareia, Apollonia, Ioppe/Jaffa, Azotos, Askalon, Anthedon, already-`harbor` Gaza/Iamnia ports between them); the Persian Gulf coast of Babylonia/Susiane/Persis (`5.20.05`,`6.02.02`-`6.04.02` - ""this coast is described as follows: the western mouth of the Tigris river...""); and India's own Malabar/Coromandel/Ganges-delta coasts (`7.01`/`7.02`/`7.03`/`7.04`, the largest single cluster - ""(Ariake) of the Pirates. Mandagara..."", ""Maisolia. Mouth of the River Maisolos..."", ""Mouths of the Ganges...""). One candidate, `3.05.14`, was excluded: its own `city` point (""Nördlicher Endpunkt"") is ""the southern limit of Sarmatia at the *sources* of the Tanais river"" - a river-source boundary marker at the opposite end from this section's real coastal points (the Tanais' two mouths), the same shape as the Durius/Anas fixes above, not a coastal gap - left as `city`, worth a closer individual look later if it turns out to need one."
110,3.13.12,force_coastal_section,," A seventeenth-round, catalogue-wide sweep (2026-07-30), prompted by the user pointing out a structural blind spot in every check run so far this session: crossref_topostext.py/category_check.py only ever flag a `city` point when *that point's own* topostext phrase contains a coastal keyword - Sidon, Tyros and Byblos (fixed just above) have none; their own citations are bare names. The signal that they're coastal was never in their own phrase, it was in their *section*: sitting between already-correctly-classified points (a ""-Mündung"" river mouth, a ""Kap"" cape) that do carry a keyword. That's checkable without topostext at all - a section mixing coastal-family points (`coast`/`harbor`/`river_mouth`, keyword- detected from the German name) with plain `city` points, with no sea-word header of its own, is structurally suspicious on its own: Ptolemy's sections are narratively homogeneous (a coastal run OR an inland list, established as this project's whole classification premise), so a section doing both at once is far more likely to be one coastal run some of whose points merely lack their own keyword than a genuine mix.  Found 110 such sections catalogue-wide. Checked every one's full topostext text (not just the `city` points' own phrases) before adding it - looking for either confirming coastal language (promontory/harbor/river mouth/gulf/bay, a run of real coastal place-names) or a contradiction (an inland/interior framing, the same ""in the interior of Galatian Pontos"" shape that correctly ruled out a candidate earlier this session). 109 confirmed straightforwardly - a representative sample across the whole range: Lusitania's own coast continuing past the Durius fix above (Oliosipum/Lisbon, Obila - ""LUSITANIA...the mouth of the river, which flows into the Outer Sea""); the Basque/Catalan coast (`2.06.07`/`.10`/`.14`/`.15`/`.18`/`.19`/`.20` - ""Of the Autrigones: Nerva river mouth | Flaviobriga"", ""Of the Vascones: Oiasso city | Ocasso promontory of the Pyrenees""); Dalmatia (`2.16.02`/`.03`/`.05` - ""Ortopla...mouth of the Titos river...Skardona""); Macedonia and Thessaly (`3.13.05/06/12/14/15/16` - ""In Amphaxitis: Thessalonike | Echedoros river outlet"", ""In Pieria: ...Pydna | Haliakmon river outlet...Dion colonia...Peneios river outlet""); Boiotia and the Lokrians (`3.15.03/09/11` - ""In Boiotia: Aulis | Ismenos river outlet | Salganeus | Anthedon""); Messenia (`3.16.07` - ""Kyparissia city | Kyparission promontory...Pylos | Koryphasion headland | Mothone""); Crete's south coast (`3.17.03/04/07/08` - ""Description of the south side: Lissos | Tarrha...Phoinix city | Phoinikous harbor""); Mauretania/Numidia/Africa/Cyrenaica (`4.01`-`4.04`,`4.06`-`4.08`, a dozen sections - Icosium, Rusazus, Carthage's own harbor towns, ""In the Pentapolis, Berenike or Hesperides | mouth of the Lathon river""); Anatolia's Aeolis/Lykia/ Pontus coasts (`5.01`-`5.14`, another dozen - ""Patara | Antiphellos | Andriake...Olympos city | Phaselis""); the Levant's own continuation past the Phoenicia fix (`5.16.02` - Kaisareia, Apollonia, Ioppe/Jaffa, Azotos, Askalon, Anthedon, already-`harbor` Gaza/Iamnia ports between them); the Persian Gulf coast of Babylonia/Susiane/Persis (`5.20.05`,`6.02.02`-`6.04.02` - ""this coast is described as follows: the western mouth of the Tigris river...""); and India's own Malabar/Coromandel/Ganges-delta coasts (`7.01`/`7.02`/`7.03`/`7.04`, the largest single cluster - ""(Ariake) of the Pirates. Mandagara..."", ""Maisolia. Mouth of the River Maisolos..."", ""Mouths of the Ganges...""). One candidate, `3.05.14`, was excluded: its own `city` point (""Nördlicher Endpunkt"") is ""the southern limit of Sarmatia at the *sources* of the Tanais river"" - a river-source boundary marker at the opposite end from this section's real coastal points (the Tanais' two mouths), the same shape as the Durius/Anas fixes above, not a coastal gap - left as `city`, worth a closer individual look later if it turns out to need one."
230,3.13.14,force_coastal_section,," A seventeenth-round, catalogue-wide sweep (2026-07-30), prompted by the user pointing out a structural blind spot in every check run so far this session: crossref_topostext.py/category_check.py only ever flag a `city` point when *that point's own* topostext phrase contains a coastal keyword - Sidon, Tyros and Byblos (fixed just above) have none; their own citations are bare names. The signal that they're coastal was never in their own phrase, it was in their *section*: sitting between already-correctly-classified points (a ""-Mündung"" river mouth, a ""Kap"" cape) that do carry a keyword. That's checkable without topostext at all - a section mixing coastal-family points (`coast`/`harbor`/`river_mouth`, keyword- detected from the German name) with plain `city` points, with no sea-word header of its own, is structurally suspicious on its own: Ptolemy's sections are narratively homogeneous (a coastal run OR an inland list, established as this project's whole classification premise), so a section doing both at once is far more likely to be one coastal run some of whose points merely lack their own keyword than a genuine mix.  Found 110 such sections catalogue-wide. Checked every one's full topostext text (not just the `city` points' own phrases) before adding it - looking for either confirming coastal language (promontory/harbor/river mouth/gulf/bay, a run of real coastal place-names) or a contradiction (an inland/interior framing, the same ""in the interior of Galatian Pontos"" shape that correctly ruled out a candidate earlier this session). 109 confirmed straightforwardly - a representative sample across the whole range: Lusitania's own coast continuing past the Durius fix above (Oliosipum/Lisbon, Obila - ""LUSITANIA...the mouth of the river, which flows into the Outer Sea""); the Basque/Catalan coast (`2.06.07`/`.10`/`.14`/`.15`/`.18`/`.19`/`.20` - ""Of the Autrigones: Nerva river mouth | Flaviobriga"", ""Of the Vascones: Oiasso city | Ocasso promontory of the Pyrenees""); Dalmatia (`2.16.02`/`.03`/`.05` - ""Ortopla...mouth of the Titos river...Skardona""); Macedonia and Thessaly (`3.13.05/06/12/14/15/16` - ""In Amphaxitis: Thessalonike | Echedoros river outlet"", ""In Pieria: ...Pydna | Haliakmon river outlet...Dion colonia...Peneios river outlet""); Boiotia and the Lokrians (`3.15.03/09/11` - ""In Boiotia: Aulis | Ismenos river outlet | Salganeus | Anthedon""); Messenia (`3.16.07` - ""Kyparissia city | Kyparission promontory...Pylos | Koryphasion headland | Mothone""); Crete's south coast (`3.17.03/04/07/08` - ""Description of the south side: Lissos | Tarrha...Phoinix city | Phoinikous harbor""); Mauretania/Numidia/Africa/Cyrenaica (`4.01`-`4.04`,`4.06`-`4.08`, a dozen sections - Icosium, Rusazus, Carthage's own harbor towns, ""In the Pentapolis, Berenike or Hesperides | mouth of the Lathon river""); Anatolia's Aeolis/Lykia/ Pontus coasts (`5.01`-`5.14`, another dozen - ""Patara | Antiphellos | Andriake...Olympos city | Phaselis""); the Levant's own continuation past the Phoenicia fix (`5.16.02` - Kaisareia, Apollonia, Ioppe/Jaffa, Azotos, Askalon, Anthedon, already-`harbor` Gaza/Iamnia ports between them); the Persian Gulf coast of Babylonia/Susiane/Persis (`5.20.05`,`6.02.02`-`6.04.02` - ""this coast is described as follows: the western mouth of the Tigris river...""); and India's own Malabar/Coromandel/Ganges-delta coasts (`7.01`/`7.02`/`7.03`/`7.04`, the largest single cluster - ""(Ariake) of the Pirates. Mandagara..."", ""Maisolia. Mouth of the River Maisolos..."", ""Mouths of the Ganges...""). One candidate, `3.05.14`, was excluded: its own `city` point (""Nördlicher Endpunkt"") is ""the southern limit of Sarmatia at the *sources* of the Tanais river"" - a river-source boundary marker at the opposite end from this section's real coastal points (the Tanais' two mouths), the same shape as the Durius/Anas fixes above, not a coastal gap - left as `city`, worth a closer individual look later if it turns out to need one."
279,3.13.15,force_coastal_section,," A seventeenth-round, catalogue-wide sweep (2026-07-30), prompted by the user pointing out a structural blind spot in every check run so far this session: crossref_topostext.py/category_check.py only ever flag a `city` point when *that point's own* topostext phrase contains a coastal keyword - Sidon, Tyros and Byblos (fixed just above) have none; their own citations are bare names. The signal that they're coastal was never in their own phrase, it was in their *section*: sitting between already-correctly-classified points (a ""-Mündung"" river mouth, a ""Kap"" cape) that do carry a keyword. That's checkable without topostext at all - a section mixing coastal-family points (`coast`/`harbor`/`river_mouth`, keyword- detected from the German name) with plain `city` points, with no sea-word header of its own, is structurally suspicious on its own: Ptolemy's sections are narratively homogeneous (a coastal run OR an inland list, established as this project's whole classification premise), so a section doing both at once is far more likely to be one coastal run some of whose points merely lack their own keyword than a genuine mix.  Found 110 such sections catalogue-wide. Checked every one's full topostext text (not just the `city` points' own phrases) before adding it - looking for either confirming coastal language (promontory/harbor/river mouth/gulf/bay, a run of real coastal place-names) or a contradiction (an inland/interior framing, the same ""in the interior of Galatian Pontos"" shape that correctly ruled out a candidate earlier this session). 109 confirmed straightforwardly - a representative sample across the whole range: Lusitania's own coast continuing past the Durius fix above (Oliosipum/Lisbon, Obila - ""LUSITANIA...the mouth of the river, which flows into the Outer Sea""); the Basque/Catalan coast (`2.06.07`/`.10`/`.14`/`.15`/`.18`/`.19`/`.20` - ""Of the Autrigones: Nerva river mouth | Flaviobriga"", ""Of the Vascones: Oiasso city | Ocasso promontory of the Pyrenees""); Dalmatia (`2.16.02`/`.03`/`.05` - ""Ortopla...mouth of the Titos river...Skardona""); Macedonia and Thessaly (`3.13.05/06/12/14/15/16` - ""In Amphaxitis: Thessalonike | Echedoros river outlet"", ""In Pieria: ...Pydna | Haliakmon river outlet...Dion colonia...Peneios river outlet""); Boiotia and the Lokrians (`3.15.03/09/11` - ""In Boiotia: Aulis | Ismenos river outlet | Salganeus | Anthedon""); Messenia (`3.16.07` - ""Kyparissia city | Kyparission promontory...Pylos | Koryphasion headland | Mothone""); Crete's south coast (`3.17.03/04/07/08` - ""Description of the south side: Lissos | Tarrha...Phoinix city | Phoinikous harbor""); Mauretania/Numidia/Africa/Cyrenaica (`4.01`-`4.04`,`4.06`-`4.08`, a dozen sections - Icosium, Rusazus, Carthage's own harbor towns, ""In the Pentapolis, Berenike or Hesperides | mouth of the Lathon river""); Anatolia's Aeolis/Lykia/ Pontus coasts (`5.01`-`5.14`, another dozen - ""Patara | Antiphellos | Andriake...Olympos city | Phaselis""); the Levant's own continuation past the Phoenicia fix (`5.16.02` - Kaisareia, Apollonia, Ioppe/Jaffa, Azotos, Askalon, Anthedon, already-`harbor` Gaza/Iamnia ports between them); the Persian Gulf coast of Babylonia/Susiane/Persis (`5.20.05`,`6.02.02`-`6.04.02` - ""this coast is described as follows: the western mouth of the Tigris river...""); and India's own Malabar/Coromandel/Ganges-delta coasts (`7.01`/`7.02`/`7.03`/`7.04`, the largest single cluster - ""(Ariake) of the Pirates. Mandagara..."", ""Maisolia. Mouth of the River Maisolos..."", ""Mouths of the Ganges...""). One candidate, `3.05.14`, was excluded: its own `city` point (""Nördlicher Endpunkt"") is ""the southern limit of Sarmatia at the *sources* of the Tanais river"" - a river-source boundary marker at the opposite end from this section's real coastal points (the Tanais' two mouths), the same shape as the Durius/Anas fixes above, not a coastal gap - left as `city`, worth a closer individual look later if it turns out to need one."
141,3.13.16,force_coastal_section,," A seventeenth-round, catalogue-wide sweep (2026-07-30), prompted by the user pointing out a structural blind spot in every check run so far this session: crossref_topostext.py/category_check.py only ever flag a `city` point when *that point's own* topostext phrase contains a coastal keyword - Sidon, Tyros and Byblos (fixed just above) have none; their own citations are bare names. The signal that they're coastal was never in their own phrase, it was in their *section*: sitting between already-correctly-classified points (a ""-Mündung"" river mouth, a ""Kap"" cape) that do carry a keyword. That's checkable without topostext at all - a section mixing coastal-family points (`coast`/`harbor`/`river_mouth`, keyword- detected from the German name) with plain `city` points, with no sea-word header of its own, is structurally suspicious on its own: Ptolemy's sections are narratively homogeneous (a coastal run OR an inland list, established as this project's whole classification premise), so a section doing both at once is far more likely to be one coastal run some of whose points merely lack their own keyword than a genuine mix.  Found 110 such sections catalogue-wide. Checked every one's full topostext text (not just the `city` points' own phrases) before adding it - looking for either confirming coastal language (promontory/harbor/river mouth/gulf/bay, a run of real coastal place-names) or a contradiction (an inland/interior framing, the same ""in the interior of Galatian Pontos"" shape that correctly ruled out a candidate earlier this session). 109 confirmed straightforwardly - a representative sample across the whole range: Lusitania's own coast continuing past the Durius fix above (Oliosipum/Lisbon, Obila - ""LUSITANIA...the mouth of the river, which flows into the Outer Sea""); the Basque/Catalan coast (`2.06.07`/`.10`/`.14`/`.15`/`.18`/`.19`/`.20` - ""Of the Autrigones: Nerva river mouth | Flaviobriga"", ""Of the Vascones: Oiasso city | Ocasso promontory of the Pyrenees""); Dalmatia (`2.16.02`/`.03`/`.05` - ""Ortopla...mouth of the Titos river...Skardona""); Macedonia and Thessaly (`3.13.05/06/12/14/15/16` - ""In Amphaxitis: Thessalonike | Echedoros river outlet"", ""In Pieria: ...Pydna | Haliakmon river outlet...Dion colonia...Peneios river outlet""); Boiotia and the Lokrians (`3.15.03/09/11` - ""In Boiotia: Aulis | Ismenos river outlet | Salganeus | Anthedon""); Messenia (`3.16.07` - ""Kyparissia city | Kyparission promontory...Pylos | Koryphasion headland | Mothone""); Crete's south coast (`3.17.03/04/07/08` - ""Description of the south side: Lissos | Tarrha...Phoinix city | Phoinikous harbor""); Mauretania/Numidia/Africa/Cyrenaica (`4.01`-`4.04`,`4.06`-`4.08`, a dozen sections - Icosium, Rusazus, Carthage's own harbor towns, ""In the Pentapolis, Berenike or Hesperides | mouth of the Lathon river""); Anatolia's Aeolis/Lykia/ Pontus coasts (`5.01`-`5.14`, another dozen - ""Patara | Antiphellos | Andriake...Olympos city | Phaselis""); the Levant's own continuation past the Phoenicia fix (`5.16.02` - Kaisareia, Apollonia, Ioppe/Jaffa, Azotos, Askalon, Anthedon, already-`harbor` Gaza/Iamnia ports between them); the Persian Gulf coast of Babylonia/Susiane/Persis (`5.20.05`,`6.02.02`-`6.04.02` - ""this coast is described as follows: the western mouth of the Tigris river...""); and India's own Malabar/Coromandel/Ganges-delta coasts (`7.01`/`7.02`/`7.03`/`7.04`, the largest single cluster - ""(Ariake) of the Pirates. Mandagara..."", ""Maisolia. Mouth of the River Maisolos..."", ""Mouths of the Ganges...""). One candidate, `3.05.14`, was excluded: its own `city` point (""Nördlicher Endpunkt"") is ""the southern limit of Sarmatia at the *sources* of the Tanais river"" - a river-source boundary marker at the opposite end from this section's real coastal points (the Tanais' two mouths), the same shape as the Durius/Anas fixes above, not a coastal gap - left as `city`, worth a closer individual look later if it turns out to need one."
75,3.13.19,force_mountain_section,,"The mountain-side counterpart of _ISLAND_APPENDIX_SECTIONS: a section that's purely a *list* of named mountains/peaks, each cited by its own proper name with no ""-Gebirge""/""-berg"" suffix of its own to catch by keyword (""Of the named mountains the center of Bertiskos lies at...Mt. Bermion...Mt. Olympos..."", ""Mountains in the Peloponnese Pholoe...and Stymphalos..."") - the same ""no shared pattern to regex on, so it has to be an explicit allow-list"" reasoning as the island appendix. Confirmed by topostext's own section headers; more such sections likely exist elsewhere in the catalogue, not yet found because their books haven't been cross-referenced yet. [Bertiskos/Bermion/Berketesios/Kitarion/Olympos/Ossa/Pelion/Othrys - Macedonia's named mountains, including Mt. Olympus itself]"
29,3.13.47,force_island_section,,"Sections manually verified (via the Modern_location column and known ancient geography) to be island enumerations rather than coastal walks, even though neither the section header nor the point names carry any island-specific keyword. A sea-headed section is structurally ambiguous between ""coastal points along this sea's shore"" (e.g. book.map ""3.01"" section ""14"": Hydruntum/Lupiae/Brundisium - real coastal cities, Otranto/ Lecce/Brindisi) and ""islands scattered across this sea"" (section ""79"" of that same book.map: Planasia/Pontia/.../Capreae - Pianosa/Ponza/.../Capri) - both look identical from the text alone, so this can't be a general regex rule without also breaking the former. Keyed by (book.map, section). [Saso/Skiathos/Peparethos/Skopelos (Sporades)]"
92,3.14.02,force_coastal_section,,"Epirus's own Ionian coast (book.map ""3.14""): section ""01"" is headed ""Ionisches Meer"" and correctly coastal, but sections ""02"" and ""04"" continue the same walk without repeating that header - topostext confirms an unbroken run (""Chaonia Orikon"" straight into ""Panormos harbor...Onchesmos harbor...Kassiope harbor"", then ""Bouthroton gulf...Pelodes harbor"" between the two already-coastal capes Kap Poseidion/Kap Thyamis). Orikon, Panormos, Onchesmos, Kassiope (section 02) and Buthroton, Schlammhafen (section 04) were sitting in `city`."
133,3.14.04,force_coastal_section,,"Epirus's own Ionian coast (book.map ""3.14""): section ""01"" is headed ""Ionisches Meer"" and correctly coastal, but sections ""02"" and ""04"" continue the same walk without repeating that header - topostext confirms an unbroken run (""Chaonia Orikon"" straight into ""Panormos harbor...Onchesmos harbor...Kassiope harbor"", then ""Bouthroton gulf...Pelodes harbor"" between the two already-coastal capes Kap Poseidion/Kap Thyamis). Orikon, Panormos, Onchesmos, Kassiope (section 02) and Buthroton, Schlammhafen (section 04) were sitting in `city`."
275,3.14.06,force_coastal_section,," A seventeenth-round, catalogue-wide sweep (2026-07-30), prompted by the user pointing out a structural blind spot in every check run so far this session: crossref_topostext.py/category_check.py only ever flag a `city` point when *that point's own* topostext phrase contains a coastal keyword - Sidon, Tyros and Byblos (fixed just above) have none; their own citations are bare names. The signal that they're coastal was never in their own phrase, it was in their *section*: sitting between already-correctly-classified points (a ""-Mündung"" river mouth, a ""Kap"" cape) that do carry a keyword. That's checkable without topostext at all - a section mixing coastal-family points (`coast`/`harbor`/`river_mouth`, keyword- detected from the German name) with plain `city` points, with no sea-word header of its own, is structurally suspicious on its own: Ptolemy's sections are narratively homogeneous (a coastal run OR an inland list, established as this project's whole classification premise), so a section doing both at once is far more likely to be one coastal run some of whose points merely lack their own keyword than a genuine mix.  Found 110 such sections catalogue-wide. Checked every one's full topostext text (not just the `city` points' own phrases) before adding it - looking for either confirming coastal language (promontory/harbor/river mouth/gulf/bay, a run of real coastal place-names) or a contradiction (an inland/interior framing, the same ""in the interior of Galatian Pontos"" shape that correctly ruled out a candidate earlier this session). 109 confirmed straightforwardly - a representative sample across the whole range: Lusitania's own coast continuing past the Durius fix above (Oliosipum/Lisbon, Obila - ""LUSITANIA...the mouth of the river, which flows into the Outer Sea""); the Basque/Catalan coast (`2.06.07`/`.10`/`.14`/`.15`/`.18`/`.19`/`.20` - ""Of the Autrigones: Nerva river mouth | Flaviobriga"", ""Of the Vascones: Oiasso city | Ocasso promontory of the Pyrenees""); Dalmatia (`2.16.02`/`.03`/`.05` - ""Ortopla...mouth of the Titos river...Skardona""); Macedonia and Thessaly (`3.13.05/06/12/14/15/16` - ""In Amphaxitis: Thessalonike | Echedoros river outlet"", ""In Pieria: ...Pydna | Haliakmon river outlet...Dion colonia...Peneios river outlet""); Boiotia and the Lokrians (`3.15.03/09/11` - ""In Boiotia: Aulis | Ismenos river outlet | Salganeus | Anthedon""); Messenia (`3.16.07` - ""Kyparissia city | Kyparission promontory...Pylos | Koryphasion headland | Mothone""); Crete's south coast (`3.17.03/04/07/08` - ""Description of the south side: Lissos | Tarrha...Phoinix city | Phoinikous harbor""); Mauretania/Numidia/Africa/Cyrenaica (`4.01`-`4.04`,`4.06`-`4.08`, a dozen sections - Icosium, Rusazus, Carthage's own harbor towns, ""In the Pentapolis, Berenike or Hesperides | mouth of the Lathon river""); Anatolia's Aeolis/Lykia/ Pontus coasts (`5.01`-`5.14`, another dozen - ""Patara | Antiphellos | Andriake...Olympos city | Phaselis""); the Levant's own continuation past the Phoenicia fix (`5.16.02` - Kaisareia, Apollonia, Ioppe/Jaffa, Azotos, Askalon, Anthedon, already-`harbor` Gaza/Iamnia ports between them); the Persian Gulf coast of Babylonia/Susiane/Persis (`5.20.05`,`6.02.02`-`6.04.02` - ""this coast is described as follows: the western mouth of the Tigris river...""); and India's own Malabar/Coromandel/Ganges-delta coasts (`7.01`/`7.02`/`7.03`/`7.04`, the largest single cluster - ""(Ariake) of the Pirates. Mandagara..."", ""Maisolia. Mouth of the River Maisolos..."", ""Mouths of the Ganges...""). One candidate, `3.05.14`, was excluded: its own `city` point (""Nördlicher Endpunkt"") is ""the southern limit of Sarmatia at the *sources* of the Tanais river"" - a river-source boundary marker at the opposite end from this section's real coastal points (the Tanais' two mouths), the same shape as the Durius/Anas fixes above, not a coastal gap - left as `city`, worth a closer individual look later if it turns out to need one."
60,3.14.11,force_island_section,,"Sections manually verified (via the Modern_location column and known ancient geography) to be island enumerations rather than coastal walks, even though neither the section header nor the point names carry any island-specific keyword. A sea-headed section is structurally ambiguous between ""coastal points along this sea's shore"" (e.g. book.map ""3.01"" section ""14"": Hydruntum/Lupiae/Brundisium - real coastal cities, Otranto/ Lecce/Brindisi) and ""islands scattered across this sea"" (section ""79"" of that same book.map: Planasia/Pontia/.../Capreae - Pianosa/Ponza/.../Capri) - both look identical from the text alone, so this can't be a general regex rule without also breaking the former. Keyed by (book.map, section). [Kassiope/Ptychia/Korkyra + Kap Leukimma/Amphipagos/Phalakron - Corfu]"
282,3.14.11,island_line_group,Corfu,"_ISLAND_APPENDIX_SECTIONS covers two structurally different things: a section that's one island's own detailed coastal walk (Corfu's section ""11"" - Kassiope, Ptychia, Korkyra, then three capes in catalogue order around the shore), and a section that's a *list* of several different islands (the Cyclades' section ""28"" - Ios, Polyaigos, Therasia, Delos... are seven different islands, not seven points on one island's coast). Connecting every point in an island-appendix section into one line would be right for the former and draw a nonsensical inter-island line for the latter - and gap size alone can't tell them apart, the same way it couldn't for loop-closing (see _NO_CLOSE_LOOP_TRAILS): Corfu's own capes sit 0.3-0.8 degrees apart, but so do plenty of *different* Cycladic islands in Ptolemy's own compressed coordinates. So island lines are opt-in, not automatic: only sections manually confirmed to be one island's own coastal walk are listed here, mapped to that island's name so sections describing the *same* island (Euboea's coast is told across three consecutive sections) merge into a single line. Everything else stays plotted as individual, unconnected island points."
47,3.14.12,force_island_section,,"Found by the systematic topostext-disagreement review (2026-07-30): the *other* Ionian islands, each cited once (not a coastal walk of any single one, so no _ISLAND_LINE_GROUPS entry - just the ""list of several different islands"" shape _ISLAND_APPENDIX_SECTIONS exists for). Section ""12"": Kephallenia (""Kephallenia island, with a city of the same name...its northernmost promontory"" / ""the southern promontory"" - both capes stay `island` too, the same as Corfu's own capes above), Erikusa, Skopelos, Leukas (""Leukas island""). Section ""13"": Echinaden (""the Echinades islands""), Ithake (""in which a city of that name""), Lotoa (""Letoa island""), Zakynthos (""in which a city of the same name""). All were sitting in `city`."
20,3.14.13,force_island_section,,"Found by the systematic topostext-disagreement review (2026-07-30): the *other* Ionian islands, each cited once (not a coastal walk of any single one, so no _ISLAND_LINE_GROUPS entry - just the ""list of several different islands"" shape _ISLAND_APPENDIX_SECTIONS exists for). Section ""12"": Kephallenia (""Kephallenia island, with a city of the same name...its northernmost promontory"" / ""the southern promontory"" - both capes stay `island` too, the same as Corfu's own capes above), Erikusa, Skopelos, Leukas (""Leukas island""). Section ""13"": Echinaden (""the Echinades islands""), Ithake (""in which a city of that name""), Lotoa (""Letoa island""), Zakynthos (""in which a city of the same name""). All were sitting in `city`."
245,3.15.03,force_coastal_section,," A seventeenth-round, catalogue-wide sweep (2026-07-30), prompted by the user pointing out a structural blind spot in every check run so far this session: crossref_topostext.py/category_check.py only ever flag a `city` point when *that point's own* topostext phrase contains a coastal keyword - Sidon, Tyros and Byblos (fixed just above) have none; their own citations are bare names. The signal that they're coastal was never in their own phrase, it was in their *section*: sitting between already-correctly-classified points (a ""-Mündung"" river mouth, a ""Kap"" cape) that do carry a keyword. That's checkable without topostext at all - a section mixing coastal-family points (`coast`/`harbor`/`river_mouth`, keyword- detected from the German name) with plain `city` points, with no sea-word header of its own, is structurally suspicious on its own: Ptolemy's sections are narratively homogeneous (a coastal run OR an inland list, established as this project's whole classification premise), so a section doing both at once is far more likely to be one coastal run some of whose points merely lack their own keyword than a genuine mix.  Found 110 such sections catalogue-wide. Checked every one's full topostext text (not just the `city` points' own phrases) before adding it - looking for either confirming coastal language (promontory/harbor/river mouth/gulf/bay, a run of real coastal place-names) or a contradiction (an inland/interior framing, the same ""in the interior of Galatian Pontos"" shape that correctly ruled out a candidate earlier this session). 109 confirmed straightforwardly - a representative sample across the whole range: Lusitania's own coast continuing past the Durius fix above (Oliosipum/Lisbon, Obila - ""LUSITANIA...the mouth of the river, which flows into the Outer Sea""); the Basque/Catalan coast (`2.06.07`/`.10`/`.14`/`.15`/`.18`/`.19`/`.20` - ""Of the Autrigones: Nerva river mouth | Flaviobriga"", ""Of the Vascones: Oiasso city | Ocasso promontory of the Pyrenees""); Dalmatia (`2.16.02`/`.03`/`.05` - ""Ortopla...mouth of the Titos river...Skardona""); Macedonia and Thessaly (`3.13.05/06/12/14/15/16` - ""In Amphaxitis: Thessalonike | Echedoros river outlet"", ""In Pieria: ...Pydna | Haliakmon river outlet...Dion colonia...Peneios river outlet""); Boiotia and the Lokrians (`3.15.03/09/11` - ""In Boiotia: Aulis | Ismenos river outlet | Salganeus | Anthedon""); Messenia (`3.16.07` - ""Kyparissia city | Kyparission promontory...Pylos | Koryphasion headland | Mothone""); Crete's south coast (`3.17.03/04/07/08` - ""Description of the south side: Lissos | Tarrha...Phoinix city | Phoinikous harbor""); Mauretania/Numidia/Africa/Cyrenaica (`4.01`-`4.04`,`4.06`-`4.08`, a dozen sections - Icosium, Rusazus, Carthage's own harbor towns, ""In the Pentapolis, Berenike or Hesperides | mouth of the Lathon river""); Anatolia's Aeolis/Lykia/ Pontus coasts (`5.01`-`5.14`, another dozen - ""Patara | Antiphellos | Andriake...Olympos city | Phaselis""); the Levant's own continuation past the Phoenicia fix (`5.16.02` - Kaisareia, Apollonia, Ioppe/Jaffa, Azotos, Askalon, Anthedon, already-`harbor` Gaza/Iamnia ports between them); the Persian Gulf coast of Babylonia/Susiane/Persis (`5.20.05`,`6.02.02`-`6.04.02` - ""this coast is described as follows: the western mouth of the Tigris river...""); and India's own Malabar/Coromandel/Ganges-delta coasts (`7.01`/`7.02`/`7.03`/`7.04`, the largest single cluster - ""(Ariake) of the Pirates. Mandagara..."", ""Maisolia. Mouth of the River Maisolos..."", ""Mouths of the Ganges...""). One candidate, `3.05.14`, was excluded: its own `city` point (""Nördlicher Endpunkt"") is ""the southern limit of Sarmatia at the *sources* of the Tanais river"" - a river-source boundary marker at the opposite end from this section's real coastal points (the Tanais' two mouths), the same shape as the Durius/Anas fixes above, not a coastal gap - left as `city`, worth a closer individual look later if it turns out to need one."
265,3.15.07,force_coastal_section,,"A wide batch found by the same systematic topostext-disagreement review, each independently confirmed the same way: a plain-named harbor town or headland sitting in `city`, whose section has no sea-word header of its own but whose topostext citation both names it a harbor/port *and* sits in an unbroken run of coastal citations (river mouths, capes, other harbors) either side of it in the same section - the same ""province/tribe name instead of sea name"" header gap already fixed many times this session, just not yet swept outside the regions checked so far: [Attica: ""Peiraieus...Ilissos river outlet...Mounychias harbor...Hyphormos harbor...Sounion promontory...""]"
246,3.15.09,force_coastal_section,," A seventeenth-round, catalogue-wide sweep (2026-07-30), prompted by the user pointing out a structural blind spot in every check run so far this session: crossref_topostext.py/category_check.py only ever flag a `city` point when *that point's own* topostext phrase contains a coastal keyword - Sidon, Tyros and Byblos (fixed just above) have none; their own citations are bare names. The signal that they're coastal was never in their own phrase, it was in their *section*: sitting between already-correctly-classified points (a ""-Mündung"" river mouth, a ""Kap"" cape) that do carry a keyword. That's checkable without topostext at all - a section mixing coastal-family points (`coast`/`harbor`/`river_mouth`, keyword- detected from the German name) with plain `city` points, with no sea-word header of its own, is structurally suspicious on its own: Ptolemy's sections are narratively homogeneous (a coastal run OR an inland list, established as this project's whole classification premise), so a section doing both at once is far more likely to be one coastal run some of whose points merely lack their own keyword than a genuine mix.  Found 110 such sections catalogue-wide. Checked every one's full topostext text (not just the `city` points' own phrases) before adding it - looking for either confirming coastal language (promontory/harbor/river mouth/gulf/bay, a run of real coastal place-names) or a contradiction (an inland/interior framing, the same ""in the interior of Galatian Pontos"" shape that correctly ruled out a candidate earlier this session). 109 confirmed straightforwardly - a representative sample across the whole range: Lusitania's own coast continuing past the Durius fix above (Oliosipum/Lisbon, Obila - ""LUSITANIA...the mouth of the river, which flows into the Outer Sea""); the Basque/Catalan coast (`2.06.07`/`.10`/`.14`/`.15`/`.18`/`.19`/`.20` - ""Of the Autrigones: Nerva river mouth | Flaviobriga"", ""Of the Vascones: Oiasso city | Ocasso promontory of the Pyrenees""); Dalmatia (`2.16.02`/`.03`/`.05` - ""Ortopla...mouth of the Titos river...Skardona""); Macedonia and Thessaly (`3.13.05/06/12/14/15/16` - ""In Amphaxitis: Thessalonike | Echedoros river outlet"", ""In Pieria: ...Pydna | Haliakmon river outlet...Dion colonia...Peneios river outlet""); Boiotia and the Lokrians (`3.15.03/09/11` - ""In Boiotia: Aulis | Ismenos river outlet | Salganeus | Anthedon""); Messenia (`3.16.07` - ""Kyparissia city | Kyparission promontory...Pylos | Koryphasion headland | Mothone""); Crete's south coast (`3.17.03/04/07/08` - ""Description of the south side: Lissos | Tarrha...Phoinix city | Phoinikous harbor""); Mauretania/Numidia/Africa/Cyrenaica (`4.01`-`4.04`,`4.06`-`4.08`, a dozen sections - Icosium, Rusazus, Carthage's own harbor towns, ""In the Pentapolis, Berenike or Hesperides | mouth of the Lathon river""); Anatolia's Aeolis/Lykia/ Pontus coasts (`5.01`-`5.14`, another dozen - ""Patara | Antiphellos | Andriake...Olympos city | Phaselis""); the Levant's own continuation past the Phoenicia fix (`5.16.02` - Kaisareia, Apollonia, Ioppe/Jaffa, Azotos, Askalon, Anthedon, already-`harbor` Gaza/Iamnia ports between them); the Persian Gulf coast of Babylonia/Susiane/Persis (`5.20.05`,`6.02.02`-`6.04.02` - ""this coast is described as follows: the western mouth of the Tigris river...""); and India's own Malabar/Coromandel/Ganges-delta coasts (`7.01`/`7.02`/`7.03`/`7.04`, the largest single cluster - ""(Ariake) of the Pirates. Mandagara..."", ""Maisolia. Mouth of the River Maisolos..."", ""Mouths of the Ganges...""). One candidate, `3.05.14`, was excluded: its own `city` point (""Nördlicher Endpunkt"") is ""the southern limit of Sarmatia at the *sources* of the Tanais river"" - a river-source boundary marker at the opposite end from this section's real coastal points (the Tanais' two mouths), the same shape as the Durius/Anas fixes above, not a coastal gap - left as `city`, worth a closer individual look later if it turns out to need one."
207,3.15.11,force_coastal_section,," A seventeenth-round, catalogue-wide sweep (2026-07-30), prompted by the user pointing out a structural blind spot in every check run so far this session: crossref_topostext.py/category_check.py only ever flag a `city` point when *that point's own* topostext phrase contains a coastal keyword - Sidon, Tyros and Byblos (fixed just above) have none; their own citations are bare names. The signal that they're coastal was never in their own phrase, it was in their *section*: sitting between already-correctly-classified points (a ""-Mündung"" river mouth, a ""Kap"" cape) that do carry a keyword. That's checkable without topostext at all - a section mixing coastal-family points (`coast`/`harbor`/`river_mouth`, keyword- detected from the German name) with plain `city` points, with no sea-word header of its own, is structurally suspicious on its own: Ptolemy's sections are narratively homogeneous (a coastal run OR an inland list, established as this project's whole classification premise), so a section doing both at once is far more likely to be one coastal run some of whose points merely lack their own keyword than a genuine mix.  Found 110 such sections catalogue-wide. Checked every one's full topostext text (not just the `city` points' own phrases) before adding it - looking for either confirming coastal language (promontory/harbor/river mouth/gulf/bay, a run of real coastal place-names) or a contradiction (an inland/interior framing, the same ""in the interior of Galatian Pontos"" shape that correctly ruled out a candidate earlier this session). 109 confirmed straightforwardly - a representative sample across the whole range: Lusitania's own coast continuing past the Durius fix above (Oliosipum/Lisbon, Obila - ""LUSITANIA...the mouth of the river, which flows into the Outer Sea""); the Basque/Catalan coast (`2.06.07`/`.10`/`.14`/`.15`/`.18`/`.19`/`.20` - ""Of the Autrigones: Nerva river mouth | Flaviobriga"", ""Of the Vascones: Oiasso city | Ocasso promontory of the Pyrenees""); Dalmatia (`2.16.02`/`.03`/`.05` - ""Ortopla...mouth of the Titos river...Skardona""); Macedonia and Thessaly (`3.13.05/06/12/14/15/16` - ""In Amphaxitis: Thessalonike | Echedoros river outlet"", ""In Pieria: ...Pydna | Haliakmon river outlet...Dion colonia...Peneios river outlet""); Boiotia and the Lokrians (`3.15.03/09/11` - ""In Boiotia: Aulis | Ismenos river outlet | Salganeus | Anthedon""); Messenia (`3.16.07` - ""Kyparissia city | Kyparission promontory...Pylos | Koryphasion headland | Mothone""); Crete's south coast (`3.17.03/04/07/08` - ""Description of the south side: Lissos | Tarrha...Phoinix city | Phoinikous harbor""); Mauretania/Numidia/Africa/Cyrenaica (`4.01`-`4.04`,`4.06`-`4.08`, a dozen sections - Icosium, Rusazus, Carthage's own harbor towns, ""In the Pentapolis, Berenike or Hesperides | mouth of the Lathon river""); Anatolia's Aeolis/Lykia/ Pontus coasts (`5.01`-`5.14`, another dozen - ""Patara | Antiphellos | Andriake...Olympos city | Phaselis""); the Levant's own continuation past the Phoenicia fix (`5.16.02` - Kaisareia, Apollonia, Ioppe/Jaffa, Azotos, Askalon, Anthedon, already-`harbor` Gaza/Iamnia ports between them); the Persian Gulf coast of Babylonia/Susiane/Persis (`5.20.05`,`6.02.02`-`6.04.02` - ""this coast is described as follows: the western mouth of the Tigris river...""); and India's own Malabar/Coromandel/Ganges-delta coasts (`7.01`/`7.02`/`7.03`/`7.04`, the largest single cluster - ""(Ariake) of the Pirates. Mandagara..."", ""Maisolia. Mouth of the River Maisolos..."", ""Mouths of the Ganges...""). One candidate, `3.05.14`, was excluded: its own `city` point (""Nördlicher Endpunkt"") is ""the southern limit of Sarmatia at the *sources* of the Tanais river"" - a river-source boundary marker at the opposite end from this section's real coastal points (the Tanais' two mouths), the same shape as the Durius/Anas fixes above, not a coastal gap - left as `city`, worth a closer individual look later if it turns out to need one."
42,3.15.23,force_island_section,,"Found by the systematic topostext-disagreement review (2026-07-30): the *other* Ionian islands, each cited once (not a coastal walk of any single one, so no _ISLAND_LINE_GROUPS entry - just the ""list of several different islands"" shape _ISLAND_APPENDIX_SECTIONS exists for). Section ""12"": Kephallenia (""Kephallenia island, with a city of the same name...its northernmost promontory"" / ""the southern promontory"" - both capes stay `island` too, the same as Corfu's own capes above), Erikusa, Skopelos, Leukas (""Leukas island""). Section ""13"": Echinaden (""the Echinades islands""), Ithake (""in which a city of that name""), Lotoa (""Letoa island""), Zakynthos (""in which a city of the same name""). All were sitting in `city`. [Kap Kenaion/Atalante/Aidepsos - Euboea (NW coast)]"
283,3.15.23,island_line_group,Euboea,"_ISLAND_APPENDIX_SECTIONS covers two structurally different things: a section that's one island's own detailed coastal walk (Corfu's section ""11"" - Kassiope, Ptychia, Korkyra, then three capes in catalogue order around the shore), and a section that's a *list* of several different islands (the Cyclades' section ""28"" - Ios, Polyaigos, Therasia, Delos... are seven different islands, not seven points on one island's coast). Connecting every point in an island-appendix section into one line would be right for the former and draw a nonsensical inter-island line for the latter - and gap size alone can't tell them apart, the same way it couldn't for loop-closing (see _NO_CLOSE_LOOP_TRAILS): Corfu's own capes sit 0.3-0.8 degrees apart, but so do plenty of *different* Cycladic islands in Ptolemy's own compressed coordinates. So island lines are opt-in, not automatic: only sections manually confirmed to be one island's own coastal walk are listed here, mapped to that island's name so sections describing the *same* island (Euboea's coast is told across three consecutive sections) merge into a single line. Everything else stays plotted as individual, unconnected island points."
34,3.15.24,force_island_section,,"Found by the systematic topostext-disagreement review (2026-07-30): the *other* Ionian islands, each cited once (not a coastal walk of any single one, so no _ISLAND_LINE_GROUPS entry - just the ""list of several different islands"" shape _ISLAND_APPENDIX_SECTIONS exists for). Section ""12"": Kephallenia (""Kephallenia island, with a city of the same name...its northernmost promontory"" / ""the southern promontory"" - both capes stay `island` too, the same as Corfu's own capes above), Erikusa, Skopelos, Leukas (""Leukas island""). Section ""13"": Echinaden (""the Echinades islands""), Ithake (""in which a city of that name""), Lotoa (""Letoa island""), Zakynthos (""in which a city of the same name""). All were sitting in `city`. [Chalkis/Eretria/Amarynthos/Karystos/Geraistos - Euboea (cities)]"
284,3.15.24,island_line_group,Euboea,"_ISLAND_APPENDIX_SECTIONS covers two structurally different things: a section that's one island's own detailed coastal walk (Corfu's section ""11"" - Kassiope, Ptychia, Korkyra, then three capes in catalogue order around the shore), and a section that's a *list* of several different islands (the Cyclades' section ""28"" - Ios, Polyaigos, Therasia, Delos... are seven different islands, not seven points on one island's coast). Connecting every point in an island-appendix section into one line would be right for the former and draw a nonsensical inter-island line for the latter - and gap size alone can't tell them apart, the same way it couldn't for loop-closing (see _NO_CLOSE_LOOP_TRAILS): Corfu's own capes sit 0.3-0.8 degrees apart, but so do plenty of *different* Cycladic islands in Ptolemy's own compressed coordinates. So island lines are opt-in, not automatic: only sections manually confirmed to be one island's own coastal walk are listed here, mapped to that island's name so sections describing the *same* island (Euboea's coast is told across three consecutive sections) merge into a single line. Everything else stays plotted as individual, unconnected island points."
58,3.15.25,force_island_section,,"Found by the systematic topostext-disagreement review (2026-07-30): the *other* Ionian islands, each cited once (not a coastal walk of any single one, so no _ISLAND_LINE_GROUPS entry - just the ""list of several different islands"" shape _ISLAND_APPENDIX_SECTIONS exists for). Section ""12"": Kephallenia (""Kephallenia island, with a city of the same name...its northernmost promontory"" / ""the southern promontory"" - both capes stay `island` too, the same as Corfu's own capes above), Erikusa, Skopelos, Leukas (""Leukas island""). Section ""13"": Echinaden (""the Echinades islands""), Ithake (""in which a city of that name""), Lotoa (""Letoa island""), Zakynthos (""in which a city of the same name""). All were sitting in `city`. [Kap Kaphereus/Budoros-Mündung/Kerinthos/Kap Phalassia/Kap Dion - Euboea (S/E coast)]"
285,3.15.25,island_line_group,Euboea,"_ISLAND_APPENDIX_SECTIONS covers two structurally different things: a section that's one island's own detailed coastal walk (Corfu's section ""11"" - Kassiope, Ptychia, Korkyra, then three capes in catalogue order around the shore), and a section that's a *list* of several different islands (the Cyclades' section ""28"" - Ios, Polyaigos, Therasia, Delos... are seven different islands, not seven points on one island's coast). Connecting every point in an island-appendix section into one line would be right for the former and draw a nonsensical inter-island line for the latter - and gap size alone can't tell them apart, the same way it couldn't for loop-closing (see _NO_CLOSE_LOOP_TRAILS): Corfu's own capes sit 0.3-0.8 degrees apart, but so do plenty of *different* Cycladic islands in Ptolemy's own compressed coordinates. So island lines are opt-in, not automatic: only sections manually confirmed to be one island's own coastal walk are listed here, mapped to that island's name so sections describing the *same* island (Euboea's coast is told across three consecutive sections) merge into a single line. Everything else stays plotted as individual, unconnected island points."
23,3.15.27,force_island_section,,"Found by the systematic topostext-disagreement review (2026-07-30): the *other* Ionian islands, each cited once (not a coastal walk of any single one, so no _ISLAND_LINE_GROUPS entry - just the ""list of several different islands"" shape _ISLAND_APPENDIX_SECTIONS exists for). Section ""12"": Kephallenia (""Kephallenia island, with a city of the same name...its northernmost promontory"" / ""the southern promontory"" - both capes stay `island` too, the same as Corfu's own capes above), Erikusa, Skopelos, Leukas (""Leukas island""). Section ""13"": Echinaden (""the Echinades islands""), Ithake (""in which a city of that name""), Lotoa (""Letoa island""), Zakynthos (""in which a city of the same name""). All were sitting in `city`. [Koressos/Iulis/Karthaia - Kea (Cyclades)]"
30,3.15.28,force_island_section,,"Found by the systematic topostext-disagreement review (2026-07-30): the *other* Ionian islands, each cited once (not a coastal walk of any single one, so no _ISLAND_LINE_GROUPS entry - just the ""list of several different islands"" shape _ISLAND_APPENDIX_SECTIONS exists for). Section ""12"": Kephallenia (""Kephallenia island, with a city of the same name...its northernmost promontory"" / ""the southern promontory"" - both capes stay `island` too, the same as Corfu's own capes above), Erikusa, Skopelos, Leukas (""Leukas island""). Section ""13"": Echinaden (""the Echinades islands""), Ithake (""in which a city of that name""), Lotoa (""Letoa island""), Zakynthos (""in which a city of the same name""). All were sitting in `city`. [Ios/Polyaigos/Therasia/Delos/Oliaros/Kythnos/Rhene (Cyclades)]"
11,3.15.29,force_island_section,,"Found by the systematic topostext-disagreement review (2026-07-30): the *other* Ionian islands, each cited once (not a coastal walk of any single one, so no _ISLAND_LINE_GROUPS entry - just the ""list of several different islands"" shape _ISLAND_APPENDIX_SECTIONS exists for). Section ""12"": Kephallenia (""Kephallenia island, with a city of the same name...its northernmost promontory"" / ""the southern promontory"" - both capes stay `island` too, the same as Corfu's own capes above), Erikusa, Skopelos, Leukas (""Leukas island""). Section ""13"": Echinaden (""the Echinades islands""), Ithake (""in which a city of that name""), Lotoa (""Letoa island""), Zakynthos (""in which a city of the same name""). All were sitting in `city`. [Kap Phorbia + Stadt auf Mykonos (Cyclades)]"
53,3.15.30,force_island_section,,"Found by the systematic topostext-disagreement review (2026-07-30): the *other* Ionian islands, each cited once (not a coastal walk of any single one, so no _ISLAND_LINE_GROUPS entry - just the ""list of several different islands"" shape _ISLAND_APPENDIX_SECTIONS exists for). Section ""12"": Kephallenia (""Kephallenia island, with a city of the same name...its northernmost promontory"" / ""the southern promontory"" - both capes stay `island` too, the same as Corfu's own capes above), Erikusa, Skopelos, Leukas (""Leukas island""). Section ""13"": Echinaden (""the Echinades islands""), Ithake (""in which a city of that name""), Lotoa (""Letoa island""), Zakynthos (""in which a city of the same name""). All were sitting in `city`. [Andros/Tenos/Syros/Naxos/Paros/Siphnos + a 2nd ""Kap Sunion"" citation (Cyclades)]"
4,3.15.31,force_island_section,,"Found by the systematic topostext-disagreement review (2026-07-30): the *other* Ionian islands, each cited once (not a coastal walk of any single one, so no _ISLAND_LINE_GROUPS entry - just the ""list of several different islands"" shape _ISLAND_APPENDIX_SECTIONS exists for). Section ""12"": Kephallenia (""Kephallenia island, with a city of the same name...its northernmost promontory"" / ""the southern promontory"" - both capes stay `island` too, the same as Corfu's own capes above), Erikusa, Skopelos, Leukas (""Leukas island""). Section ""13"": Echinaden (""the Echinades islands""), Ithake (""in which a city of that name""), Lotoa (""Letoa island""), Zakynthos (""in which a city of the same name""). All were sitting in `city`. [Seriphos/Pholegandros/Sikinos (Cyclades)]"
261,3.16.03,force_coastal_section,,"A wide batch found by the same systematic topostext-disagreement review, each independently confirmed the same way: a plain-named harbor town or headland sitting in `city`, whose section has no sea-word header of its own but whose topostext citation both names it a harbor/port *and* sits in an unbroken run of coastal citations (river mouths, capes, other harbors) either side of it in the same section - the same ""province/tribe name instead of sea name"" header gap already fixed many times this session, just not yet swept outside the regions checked so far: [Korinthia: ""Sanctuary of Hera of Corinth...Lechaion port...Asopos river outlet...""]"
186,3.16.05,force_coastal_section,,"A wide batch found by the same systematic topostext-disagreement review, each independently confirmed the same way: a plain-named harbor town or headland sitting in `city`, whose section has no sea-word header of its own but whose topostext citation both names it a harbor/port *and* sits in an unbroken run of coastal citations (river mouths, capes, other harbors) either side of it in the same section - the same ""province/tribe name instead of sea name"" header gap already fixed many times this session, just not yet swept outside the regions checked so far: [Achaia proper: ""Aigeira...Erineos harbor...Rhion promontory...""]"
273,3.16.06,force_coastal_section,,"A wide batch found by the same systematic topostext-disagreement review, each independently confirmed the same way: a plain-named harbor town or headland sitting in `city`, whose section has no sea-word header of its own but whose topostext citation both names it a harbor/port *and* sits in an unbroken run of coastal citations (river mouths, capes, other harbors) either side of it in the same section - the same ""province/tribe name instead of sea name"" header gap already fixed many times this session, just not yet swept outside the regions checked so far: [Elis: ""Kyllene port...Peneios river outlet...Chelonitis headland...""]"
89,3.16.07,force_coastal_section,," A seventeenth-round, catalogue-wide sweep (2026-07-30), prompted by the user pointing out a structural blind spot in every check run so far this session: crossref_topostext.py/category_check.py only ever flag a `city` point when *that point's own* topostext phrase contains a coastal keyword - Sidon, Tyros and Byblos (fixed just above) have none; their own citations are bare names. The signal that they're coastal was never in their own phrase, it was in their *section*: sitting between already-correctly-classified points (a ""-Mündung"" river mouth, a ""Kap"" cape) that do carry a keyword. That's checkable without topostext at all - a section mixing coastal-family points (`coast`/`harbor`/`river_mouth`, keyword- detected from the German name) with plain `city` points, with no sea-word header of its own, is structurally suspicious on its own: Ptolemy's sections are narratively homogeneous (a coastal run OR an inland list, established as this project's whole classification premise), so a section doing both at once is far more likely to be one coastal run some of whose points merely lack their own keyword than a genuine mix.  Found 110 such sections catalogue-wide. Checked every one's full topostext text (not just the `city` points' own phrases) before adding it - looking for either confirming coastal language (promontory/harbor/river mouth/gulf/bay, a run of real coastal place-names) or a contradiction (an inland/interior framing, the same ""in the interior of Galatian Pontos"" shape that correctly ruled out a candidate earlier this session). 109 confirmed straightforwardly - a representative sample across the whole range: Lusitania's own coast continuing past the Durius fix above (Oliosipum/Lisbon, Obila - ""LUSITANIA...the mouth of the river, which flows into the Outer Sea""); the Basque/Catalan coast (`2.06.07`/`.10`/`.14`/`.15`/`.18`/`.19`/`.20` - ""Of the Autrigones: Nerva river mouth | Flaviobriga"", ""Of the Vascones: Oiasso city | Ocasso promontory of the Pyrenees""); Dalmatia (`2.16.02`/`.03`/`.05` - ""Ortopla...mouth of the Titos river...Skardona""); Macedonia and Thessaly (`3.13.05/06/12/14/15/16` - ""In Amphaxitis: Thessalonike | Echedoros river outlet"", ""In Pieria: ...Pydna | Haliakmon river outlet...Dion colonia...Peneios river outlet""); Boiotia and the Lokrians (`3.15.03/09/11` - ""In Boiotia: Aulis | Ismenos river outlet | Salganeus | Anthedon""); Messenia (`3.16.07` - ""Kyparissia city | Kyparission promontory...Pylos | Koryphasion headland | Mothone""); Crete's south coast (`3.17.03/04/07/08` - ""Description of the south side: Lissos | Tarrha...Phoinix city | Phoinikous harbor""); Mauretania/Numidia/Africa/Cyrenaica (`4.01`-`4.04`,`4.06`-`4.08`, a dozen sections - Icosium, Rusazus, Carthage's own harbor towns, ""In the Pentapolis, Berenike or Hesperides | mouth of the Lathon river""); Anatolia's Aeolis/Lykia/ Pontus coasts (`5.01`-`5.14`, another dozen - ""Patara | Antiphellos | Andriake...Olympos city | Phaselis""); the Levant's own continuation past the Phoenicia fix (`5.16.02` - Kaisareia, Apollonia, Ioppe/Jaffa, Azotos, Askalon, Anthedon, already-`harbor` Gaza/Iamnia ports between them); the Persian Gulf coast of Babylonia/Susiane/Persis (`5.20.05`,`6.02.02`-`6.04.02` - ""this coast is described as follows: the western mouth of the Tigris river...""); and India's own Malabar/Coromandel/Ganges-delta coasts (`7.01`/`7.02`/`7.03`/`7.04`, the largest single cluster - ""(Ariake) of the Pirates. Mandagara..."", ""Maisolia. Mouth of the River Maisolos..."", ""Mouths of the Ganges...""). One candidate, `3.05.14`, was excluded: its own `city` point (""Nördlicher Endpunkt"") is ""the southern limit of Sarmatia at the *sources* of the Tanais river"" - a river-source boundary marker at the opposite end from this section's real coastal points (the Tanais' two mouths), the same shape as the Durius/Anas fixes above, not a coastal gap - left as `city`, worth a closer individual look later if it turns out to need one."
188,3.16.11,force_coastal_section,,"A wide batch found by the same systematic topostext-disagreement review, each independently confirmed the same way: a plain-named harbor town or headland sitting in `city`, whose section has no sea-word header of its own but whose topostext citation both names it a harbor/port *and* sits in an unbroken run of coastal citations (river mouths, capes, other harbors) either side of it in the same section - the same ""province/tribe name instead of sea name"" header gap already fixed many times this session, just not yet swept outside the regions checked so far: [Argolis: ""Astron...Inachos river outlet...Nauplia port...Skyllaion promontory...""]"
149,3.16.13,force_coastal_section,,"A wide batch found by the same systematic topostext-disagreement review, each independently confirmed the same way: a plain-named harbor town or headland sitting in `city`, whose section has no sea-word header of its own but whose topostext citation both names it a harbor/port *and* sits in an unbroken run of coastal citations (river mouths, capes, other harbors) either side of it in the same section - the same ""province/tribe name instead of sea name"" header gap already fixed many times this session, just not yet swept outside the regions checked so far: [Argolis/Korinthia continuation: ""...Speiraion promontory...Kenchreai port...Schoinous harbor""]"
73,3.16.14,force_mountain_section,,"The mountain-side counterpart of _ISLAND_APPENDIX_SECTIONS: a section that's purely a *list* of named mountains/peaks, each cited by its own proper name with no ""-Gebirge""/""-berg"" suffix of its own to catch by keyword (""Of the named mountains the center of Bertiskos lies at...Mt. Bermion...Mt. Olympos..."", ""Mountains in the Peloponnese Pholoe...and Stymphalos..."") - the same ""no shared pattern to regex on, so it has to be an explicit allow-list"" reasoning as the island appendix. Confirmed by topostext's own section headers; more such sections likely exist elsewhere in the catalogue, not yet found because their books haven't been cross-referenced yet. [Pholoe/Stymphalos/Minthe/Taygetos/Kronion/Zarex - the Peloponnese's named mountains]"
12,3.16.23,force_island_section,,"The following five were confirmed against topostext.org/work/209's English translation, which states outright ""the Ebuda islands..."", ""the islands which are near Albion island..."", etc. - independent of our own Modern_location-based guessing. [Strophaden/Prote/Sphagia/Theganusa/Kythera/Aigila/Salamis/Aigine - the islands adjoining the Peloponnese (topostext: ""Islands adjoining the Peloponnese: the Strophades..."")]"
196,3.17.02,force_coastal_section,,"A wide batch found by the same systematic topostext-disagreement review, each independently confirmed the same way: a plain-named harbor town or headland sitting in `city`, whose section has no sea-word header of its own but whose topostext citation both names it a harbor/port *and* sits in an unbroken run of coastal citations (river mouths, capes, other harbors) either side of it in the same section - the same ""province/tribe name instead of sea name"" header gap already fixed many times this session, just not yet swept outside the regions checked so far: [Crete, ""Description of the western side"": Korykos headland/city into Rhamnous harbor]"
170,3.17.03,force_coastal_section,," A seventeenth-round, catalogue-wide sweep (2026-07-30), prompted by the user pointing out a structural blind spot in every check run so far this session: crossref_topostext.py/category_check.py only ever flag a `city` point when *that point's own* topostext phrase contains a coastal keyword - Sidon, Tyros and Byblos (fixed just above) have none; their own citations are bare names. The signal that they're coastal was never in their own phrase, it was in their *section*: sitting between already-correctly-classified points (a ""-Mündung"" river mouth, a ""Kap"" cape) that do carry a keyword. That's checkable without topostext at all - a section mixing coastal-family points (`coast`/`harbor`/`river_mouth`, keyword- detected from the German name) with plain `city` points, with no sea-word header of its own, is structurally suspicious on its own: Ptolemy's sections are narratively homogeneous (a coastal run OR an inland list, established as this project's whole classification premise), so a section doing both at once is far more likely to be one coastal run some of whose points merely lack their own keyword than a genuine mix.  Found 110 such sections catalogue-wide. Checked every one's full topostext text (not just the `city` points' own phrases) before adding it - looking for either confirming coastal language (promontory/harbor/river mouth/gulf/bay, a run of real coastal place-names) or a contradiction (an inland/interior framing, the same ""in the interior of Galatian Pontos"" shape that correctly ruled out a candidate earlier this session). 109 confirmed straightforwardly - a representative sample across the whole range: Lusitania's own coast continuing past the Durius fix above (Oliosipum/Lisbon, Obila - ""LUSITANIA...the mouth of the river, which flows into the Outer Sea""); the Basque/Catalan coast (`2.06.07`/`.10`/`.14`/`.15`/`.18`/`.19`/`.20` - ""Of the Autrigones: Nerva river mouth | Flaviobriga"", ""Of the Vascones: Oiasso city | Ocasso promontory of the Pyrenees""); Dalmatia (`2.16.02`/`.03`/`.05` - ""Ortopla...mouth of the Titos river...Skardona""); Macedonia and Thessaly (`3.13.05/06/12/14/15/16` - ""In Amphaxitis: Thessalonike | Echedoros river outlet"", ""In Pieria: ...Pydna | Haliakmon river outlet...Dion colonia...Peneios river outlet""); Boiotia and the Lokrians (`3.15.03/09/11` - ""In Boiotia: Aulis | Ismenos river outlet | Salganeus | Anthedon""); Messenia (`3.16.07` - ""Kyparissia city | Kyparission promontory...Pylos | Koryphasion headland | Mothone""); Crete's south coast (`3.17.03/04/07/08` - ""Description of the south side: Lissos | Tarrha...Phoinix city | Phoinikous harbor""); Mauretania/Numidia/Africa/Cyrenaica (`4.01`-`4.04`,`4.06`-`4.08`, a dozen sections - Icosium, Rusazus, Carthage's own harbor towns, ""In the Pentapolis, Berenike or Hesperides | mouth of the Lathon river""); Anatolia's Aeolis/Lykia/ Pontus coasts (`5.01`-`5.14`, another dozen - ""Patara | Antiphellos | Andriake...Olympos city | Phaselis""); the Levant's own continuation past the Phoenicia fix (`5.16.02` - Kaisareia, Apollonia, Ioppe/Jaffa, Azotos, Askalon, Anthedon, already-`harbor` Gaza/Iamnia ports between them); the Persian Gulf coast of Babylonia/Susiane/Persis (`5.20.05`,`6.02.02`-`6.04.02` - ""this coast is described as follows: the western mouth of the Tigris river...""); and India's own Malabar/Coromandel/Ganges-delta coasts (`7.01`/`7.02`/`7.03`/`7.04`, the largest single cluster - ""(Ariake) of the Pirates. Mandagara..."", ""Maisolia. Mouth of the River Maisolos..."", ""Mouths of the Ganges...""). One candidate, `3.05.14`, was excluded: its own `city` point (""Nördlicher Endpunkt"") is ""the southern limit of Sarmatia at the *sources* of the Tanais river"" - a river-source boundary marker at the opposite end from this section's real coastal points (the Tanais' two mouths), the same shape as the Durius/Anas fixes above, not a coastal gap - left as `city`, worth a closer individual look later if it turns out to need one."
234,3.17.04,force_coastal_section,," A seventeenth-round, catalogue-wide sweep (2026-07-30), prompted by the user pointing out a structural blind spot in every check run so far this session: crossref_topostext.py/category_check.py only ever flag a `city` point when *that point's own* topostext phrase contains a coastal keyword - Sidon, Tyros and Byblos (fixed just above) have none; their own citations are bare names. The signal that they're coastal was never in their own phrase, it was in their *section*: sitting between already-correctly-classified points (a ""-Mündung"" river mouth, a ""Kap"" cape) that do carry a keyword. That's checkable without topostext at all - a section mixing coastal-family points (`coast`/`harbor`/`river_mouth`, keyword- detected from the German name) with plain `city` points, with no sea-word header of its own, is structurally suspicious on its own: Ptolemy's sections are narratively homogeneous (a coastal run OR an inland list, established as this project's whole classification premise), so a section doing both at once is far more likely to be one coastal run some of whose points merely lack their own keyword than a genuine mix.  Found 110 such sections catalogue-wide. Checked every one's full topostext text (not just the `city` points' own phrases) before adding it - looking for either confirming coastal language (promontory/harbor/river mouth/gulf/bay, a run of real coastal place-names) or a contradiction (an inland/interior framing, the same ""in the interior of Galatian Pontos"" shape that correctly ruled out a candidate earlier this session). 109 confirmed straightforwardly - a representative sample across the whole range: Lusitania's own coast continuing past the Durius fix above (Oliosipum/Lisbon, Obila - ""LUSITANIA...the mouth of the river, which flows into the Outer Sea""); the Basque/Catalan coast (`2.06.07`/`.10`/`.14`/`.15`/`.18`/`.19`/`.20` - ""Of the Autrigones: Nerva river mouth | Flaviobriga"", ""Of the Vascones: Oiasso city | Ocasso promontory of the Pyrenees""); Dalmatia (`2.16.02`/`.03`/`.05` - ""Ortopla...mouth of the Titos river...Skardona""); Macedonia and Thessaly (`3.13.05/06/12/14/15/16` - ""In Amphaxitis: Thessalonike | Echedoros river outlet"", ""In Pieria: ...Pydna | Haliakmon river outlet...Dion colonia...Peneios river outlet""); Boiotia and the Lokrians (`3.15.03/09/11` - ""In Boiotia: Aulis | Ismenos river outlet | Salganeus | Anthedon""); Messenia (`3.16.07` - ""Kyparissia city | Kyparission promontory...Pylos | Koryphasion headland | Mothone""); Crete's south coast (`3.17.03/04/07/08` - ""Description of the south side: Lissos | Tarrha...Phoinix city | Phoinikous harbor""); Mauretania/Numidia/Africa/Cyrenaica (`4.01`-`4.04`,`4.06`-`4.08`, a dozen sections - Icosium, Rusazus, Carthage's own harbor towns, ""In the Pentapolis, Berenike or Hesperides | mouth of the Lathon river""); Anatolia's Aeolis/Lykia/ Pontus coasts (`5.01`-`5.14`, another dozen - ""Patara | Antiphellos | Andriake...Olympos city | Phaselis""); the Levant's own continuation past the Phoenicia fix (`5.16.02` - Kaisareia, Apollonia, Ioppe/Jaffa, Azotos, Askalon, Anthedon, already-`harbor` Gaza/Iamnia ports between them); the Persian Gulf coast of Babylonia/Susiane/Persis (`5.20.05`,`6.02.02`-`6.04.02` - ""this coast is described as follows: the western mouth of the Tigris river...""); and India's own Malabar/Coromandel/Ganges-delta coasts (`7.01`/`7.02`/`7.03`/`7.04`, the largest single cluster - ""(Ariake) of the Pirates. Mandagara..."", ""Maisolia. Mouth of the River Maisolos..."", ""Mouths of the Ganges...""). One candidate, `3.05.14`, was excluded: its own `city` point (""Nördlicher Endpunkt"") is ""the southern limit of Sarmatia at the *sources* of the Tanais river"" - a river-source boundary marker at the opposite end from this section's real coastal points (the Tanais' two mouths), the same shape as the Durius/Anas fixes above, not a coastal gap - left as `city`, worth a closer individual look later if it turns out to need one."
267,3.17.05,force_coastal_section,,"A wide batch found by the same systematic topostext-disagreement review, each independently confirmed the same way: a plain-named harbor town or headland sitting in `city`, whose section has no sea-word header of its own but whose topostext citation both names it a harbor/port *and* sits in an unbroken run of coastal citations (river mouths, capes, other harbors) either side of it in the same section - the same ""province/tribe name instead of sea name"" header gap already fixed many times this session, just not yet swept outside the regions checked so far: [Crete, ""Description of the east side"": Sammonion promontory into Minoa harbor]"
195,3.17.07,force_coastal_section,," A seventeenth-round, catalogue-wide sweep (2026-07-30), prompted by the user pointing out a structural blind spot in every check run so far this session: crossref_topostext.py/category_check.py only ever flag a `city` point when *that point's own* topostext phrase contains a coastal keyword - Sidon, Tyros and Byblos (fixed just above) have none; their own citations are bare names. The signal that they're coastal was never in their own phrase, it was in their *section*: sitting between already-correctly-classified points (a ""-Mündung"" river mouth, a ""Kap"" cape) that do carry a keyword. That's checkable without topostext at all - a section mixing coastal-family points (`coast`/`harbor`/`river_mouth`, keyword- detected from the German name) with plain `city` points, with no sea-word header of its own, is structurally suspicious on its own: Ptolemy's sections are narratively homogeneous (a coastal run OR an inland list, established as this project's whole classification premise), so a section doing both at once is far more likely to be one coastal run some of whose points merely lack their own keyword than a genuine mix.  Found 110 such sections catalogue-wide. Checked every one's full topostext text (not just the `city` points' own phrases) before adding it - looking for either confirming coastal language (promontory/harbor/river mouth/gulf/bay, a run of real coastal place-names) or a contradiction (an inland/interior framing, the same ""in the interior of Galatian Pontos"" shape that correctly ruled out a candidate earlier this session). 109 confirmed straightforwardly - a representative sample across the whole range: Lusitania's own coast continuing past the Durius fix above (Oliosipum/Lisbon, Obila - ""LUSITANIA...the mouth of the river, which flows into the Outer Sea""); the Basque/Catalan coast (`2.06.07`/`.10`/`.14`/`.15`/`.18`/`.19`/`.20` - ""Of the Autrigones: Nerva river mouth | Flaviobriga"", ""Of the Vascones: Oiasso city | Ocasso promontory of the Pyrenees""); Dalmatia (`2.16.02`/`.03`/`.05` - ""Ortopla...mouth of the Titos river...Skardona""); Macedonia and Thessaly (`3.13.05/06/12/14/15/16` - ""In Amphaxitis: Thessalonike | Echedoros river outlet"", ""In Pieria: ...Pydna | Haliakmon river outlet...Dion colonia...Peneios river outlet""); Boiotia and the Lokrians (`3.15.03/09/11` - ""In Boiotia: Aulis | Ismenos river outlet | Salganeus | Anthedon""); Messenia (`3.16.07` - ""Kyparissia city | Kyparission promontory...Pylos | Koryphasion headland | Mothone""); Crete's south coast (`3.17.03/04/07/08` - ""Description of the south side: Lissos | Tarrha...Phoinix city | Phoinikous harbor""); Mauretania/Numidia/Africa/Cyrenaica (`4.01`-`4.04`,`4.06`-`4.08`, a dozen sections - Icosium, Rusazus, Carthage's own harbor towns, ""In the Pentapolis, Berenike or Hesperides | mouth of the Lathon river""); Anatolia's Aeolis/Lykia/ Pontus coasts (`5.01`-`5.14`, another dozen - ""Patara | Antiphellos | Andriake...Olympos city | Phaselis""); the Levant's own continuation past the Phoenicia fix (`5.16.02` - Kaisareia, Apollonia, Ioppe/Jaffa, Azotos, Askalon, Anthedon, already-`harbor` Gaza/Iamnia ports between them); the Persian Gulf coast of Babylonia/Susiane/Persis (`5.20.05`,`6.02.02`-`6.04.02` - ""this coast is described as follows: the western mouth of the Tigris river...""); and India's own Malabar/Coromandel/Ganges-delta coasts (`7.01`/`7.02`/`7.03`/`7.04`, the largest single cluster - ""(Ariake) of the Pirates. Mandagara..."", ""Maisolia. Mouth of the River Maisolos..."", ""Mouths of the Ganges...""). One candidate, `3.05.14`, was excluded: its own `city` point (""Nördlicher Endpunkt"") is ""the southern limit of Sarmatia at the *sources* of the Tanais river"" - a river-source boundary marker at the opposite end from this section's real coastal points (the Tanais' two mouths), the same shape as the Durius/Anas fixes above, not a coastal gap - left as `city`, worth a closer individual look later if it turns out to need one."
276,3.17.08,force_coastal_section,," A seventeenth-round, catalogue-wide sweep (2026-07-30), prompted by the user pointing out a structural blind spot in every check run so far this session: crossref_topostext.py/category_check.py only ever flag a `city` point when *that point's own* topostext phrase contains a coastal keyword - Sidon, Tyros and Byblos (fixed just above) have none; their own citations are bare names. The signal that they're coastal was never in their own phrase, it was in their *section*: sitting between already-correctly-classified points (a ""-Mündung"" river mouth, a ""Kap"" cape) that do carry a keyword. That's checkable without topostext at all - a section mixing coastal-family points (`coast`/`harbor`/`river_mouth`, keyword- detected from the German name) with plain `city` points, with no sea-word header of its own, is structurally suspicious on its own: Ptolemy's sections are narratively homogeneous (a coastal run OR an inland list, established as this project's whole classification premise), so a section doing both at once is far more likely to be one coastal run some of whose points merely lack their own keyword than a genuine mix.  Found 110 such sections catalogue-wide. Checked every one's full topostext text (not just the `city` points' own phrases) before adding it - looking for either confirming coastal language (promontory/harbor/river mouth/gulf/bay, a run of real coastal place-names) or a contradiction (an inland/interior framing, the same ""in the interior of Galatian Pontos"" shape that correctly ruled out a candidate earlier this session). 109 confirmed straightforwardly - a representative sample across the whole range: Lusitania's own coast continuing past the Durius fix above (Oliosipum/Lisbon, Obila - ""LUSITANIA...the mouth of the river, which flows into the Outer Sea""); the Basque/Catalan coast (`2.06.07`/`.10`/`.14`/`.15`/`.18`/`.19`/`.20` - ""Of the Autrigones: Nerva river mouth | Flaviobriga"", ""Of the Vascones: Oiasso city | Ocasso promontory of the Pyrenees""); Dalmatia (`2.16.02`/`.03`/`.05` - ""Ortopla...mouth of the Titos river...Skardona""); Macedonia and Thessaly (`3.13.05/06/12/14/15/16` - ""In Amphaxitis: Thessalonike | Echedoros river outlet"", ""In Pieria: ...Pydna | Haliakmon river outlet...Dion colonia...Peneios river outlet""); Boiotia and the Lokrians (`3.15.03/09/11` - ""In Boiotia: Aulis | Ismenos river outlet | Salganeus | Anthedon""); Messenia (`3.16.07` - ""Kyparissia city | Kyparission promontory...Pylos | Koryphasion headland | Mothone""); Crete's south coast (`3.17.03/04/07/08` - ""Description of the south side: Lissos | Tarrha...Phoinix city | Phoinikous harbor""); Mauretania/Numidia/Africa/Cyrenaica (`4.01`-`4.04`,`4.06`-`4.08`, a dozen sections - Icosium, Rusazus, Carthage's own harbor towns, ""In the Pentapolis, Berenike or Hesperides | mouth of the Lathon river""); Anatolia's Aeolis/Lykia/ Pontus coasts (`5.01`-`5.14`, another dozen - ""Patara | Antiphellos | Andriake...Olympos city | Phaselis""); the Levant's own continuation past the Phoenicia fix (`5.16.02` - Kaisareia, Apollonia, Ioppe/Jaffa, Azotos, Askalon, Anthedon, already-`harbor` Gaza/Iamnia ports between them); the Persian Gulf coast of Babylonia/Susiane/Persis (`5.20.05`,`6.02.02`-`6.04.02` - ""this coast is described as follows: the western mouth of the Tigris river...""); and India's own Malabar/Coromandel/Ganges-delta coasts (`7.01`/`7.02`/`7.03`/`7.04`, the largest single cluster - ""(Ariake) of the Pirates. Mandagara..."", ""Maisolia. Mouth of the River Maisolos..."", ""Mouths of the Ganges...""). One candidate, `3.05.14`, was excluded: its own `city` point (""Nördlicher Endpunkt"") is ""the southern limit of Sarmatia at the *sources* of the Tanais river"" - a river-source boundary marker at the opposite end from this section's real coastal points (the Tanais' two mouths), the same shape as the Durius/Anas fixes above, not a coastal gap - left as `city`, worth a closer individual look later if it turns out to need one."
51,3.17.11,force_island_section,,"The following five were confirmed against topostext.org/work/209's English translation, which states outright ""the Ebuda islands..."", ""the islands which are near Albion island..."", etc. - independent of our own Modern_location-based guessing. [Kaudos/Letoa/Dia/Kimolos/Melos - the islands adjacent to Crete (topostext: ""Islands adjacent to Crete Klaudos island..."")]"
109,4.01.02,force_coastal_section,,"A wide batch found by the same systematic topostext-disagreement review, each independently confirmed the same way: a plain-named harbor town or headland sitting in `city`, whose section has no sea-word header of its own but whose topostext citation both names it a harbor/port *and* sits in an unbroken run of coastal citations (river mouths, capes, other harbors) either side of it in the same section - the same ""province/tribe name instead of sea name"" header gap already fixed many times this session, just not yet swept outside the regions checked so far: [Mauretania Tingitana: a run of river mouths ending at Rusibis harbor]"
274,4.01.03,force_coastal_section,,"A wide batch found by the same systematic topostext-disagreement review, each independently confirmed the same way: a plain-named harbor town or headland sitting in `city`, whose section has no sea-word header of its own but whose topostext citation both names it a harbor/port *and* sits in an unbroken run of coastal citations (river mouths, capes, other harbors) either side of it in the same section - the same ""province/tribe name instead of sea name"" header gap already fixed many times this session, just not yet swept outside the regions checked so far: [Mauretania Tingitana continuation: river mouths and capes around Mysokaras harbor]"
148,4.01.04,force_coastal_section,," A seventeenth-round, catalogue-wide sweep (2026-07-30), prompted by the user pointing out a structural blind spot in every check run so far this session: crossref_topostext.py/category_check.py only ever flag a `city` point when *that point's own* topostext phrase contains a coastal keyword - Sidon, Tyros and Byblos (fixed just above) have none; their own citations are bare names. The signal that they're coastal was never in their own phrase, it was in their *section*: sitting between already-correctly-classified points (a ""-Mündung"" river mouth, a ""Kap"" cape) that do carry a keyword. That's checkable without topostext at all - a section mixing coastal-family points (`coast`/`harbor`/`river_mouth`, keyword- detected from the German name) with plain `city` points, with no sea-word header of its own, is structurally suspicious on its own: Ptolemy's sections are narratively homogeneous (a coastal run OR an inland list, established as this project's whole classification premise), so a section doing both at once is far more likely to be one coastal run some of whose points merely lack their own keyword than a genuine mix.  Found 110 such sections catalogue-wide. Checked every one's full topostext text (not just the `city` points' own phrases) before adding it - looking for either confirming coastal language (promontory/harbor/river mouth/gulf/bay, a run of real coastal place-names) or a contradiction (an inland/interior framing, the same ""in the interior of Galatian Pontos"" shape that correctly ruled out a candidate earlier this session). 109 confirmed straightforwardly - a representative sample across the whole range: Lusitania's own coast continuing past the Durius fix above (Oliosipum/Lisbon, Obila - ""LUSITANIA...the mouth of the river, which flows into the Outer Sea""); the Basque/Catalan coast (`2.06.07`/`.10`/`.14`/`.15`/`.18`/`.19`/`.20` - ""Of the Autrigones: Nerva river mouth | Flaviobriga"", ""Of the Vascones: Oiasso city | Ocasso promontory of the Pyrenees""); Dalmatia (`2.16.02`/`.03`/`.05` - ""Ortopla...mouth of the Titos river...Skardona""); Macedonia and Thessaly (`3.13.05/06/12/14/15/16` - ""In Amphaxitis: Thessalonike | Echedoros river outlet"", ""In Pieria: ...Pydna | Haliakmon river outlet...Dion colonia...Peneios river outlet""); Boiotia and the Lokrians (`3.15.03/09/11` - ""In Boiotia: Aulis | Ismenos river outlet | Salganeus | Anthedon""); Messenia (`3.16.07` - ""Kyparissia city | Kyparission promontory...Pylos | Koryphasion headland | Mothone""); Crete's south coast (`3.17.03/04/07/08` - ""Description of the south side: Lissos | Tarrha...Phoinix city | Phoinikous harbor""); Mauretania/Numidia/Africa/Cyrenaica (`4.01`-`4.04`,`4.06`-`4.08`, a dozen sections - Icosium, Rusazus, Carthage's own harbor towns, ""In the Pentapolis, Berenike or Hesperides | mouth of the Lathon river""); Anatolia's Aeolis/Lykia/ Pontus coasts (`5.01`-`5.14`, another dozen - ""Patara | Antiphellos | Andriake...Olympos city | Phaselis""); the Levant's own continuation past the Phoenicia fix (`5.16.02` - Kaisareia, Apollonia, Ioppe/Jaffa, Azotos, Askalon, Anthedon, already-`harbor` Gaza/Iamnia ports between them); the Persian Gulf coast of Babylonia/Susiane/Persis (`5.20.05`,`6.02.02`-`6.04.02` - ""this coast is described as follows: the western mouth of the Tigris river...""); and India's own Malabar/Coromandel/Ganges-delta coasts (`7.01`/`7.02`/`7.03`/`7.04`, the largest single cluster - ""(Ariake) of the Pirates. Mandagara..."", ""Maisolia. Mouth of the River Maisolos..."", ""Mouths of the Ganges...""). One candidate, `3.05.14`, was excluded: its own `city` point (""Nördlicher Endpunkt"") is ""the southern limit of Sarmatia at the *sources* of the Tanais river"" - a river-source boundary marker at the opposite end from this section's real coastal points (the Tanais' two mouths), the same shape as the Durius/Anas fixes above, not a coastal gap - left as `city`, worth a closer individual look later if it turns out to need one."
108,4.01.07,force_coastal_section,," A seventeenth-round, catalogue-wide sweep (2026-07-30), prompted by the user pointing out a structural blind spot in every check run so far this session: crossref_topostext.py/category_check.py only ever flag a `city` point when *that point's own* topostext phrase contains a coastal keyword - Sidon, Tyros and Byblos (fixed just above) have none; their own citations are bare names. The signal that they're coastal was never in their own phrase, it was in their *section*: sitting between already-correctly-classified points (a ""-Mündung"" river mouth, a ""Kap"" cape) that do carry a keyword. That's checkable without topostext at all - a section mixing coastal-family points (`coast`/`harbor`/`river_mouth`, keyword- detected from the German name) with plain `city` points, with no sea-word header of its own, is structurally suspicious on its own: Ptolemy's sections are narratively homogeneous (a coastal run OR an inland list, established as this project's whole classification premise), so a section doing both at once is far more likely to be one coastal run some of whose points merely lack their own keyword than a genuine mix.  Found 110 such sections catalogue-wide. Checked every one's full topostext text (not just the `city` points' own phrases) before adding it - looking for either confirming coastal language (promontory/harbor/river mouth/gulf/bay, a run of real coastal place-names) or a contradiction (an inland/interior framing, the same ""in the interior of Galatian Pontos"" shape that correctly ruled out a candidate earlier this session). 109 confirmed straightforwardly - a representative sample across the whole range: Lusitania's own coast continuing past the Durius fix above (Oliosipum/Lisbon, Obila - ""LUSITANIA...the mouth of the river, which flows into the Outer Sea""); the Basque/Catalan coast (`2.06.07`/`.10`/`.14`/`.15`/`.18`/`.19`/`.20` - ""Of the Autrigones: Nerva river mouth | Flaviobriga"", ""Of the Vascones: Oiasso city | Ocasso promontory of the Pyrenees""); Dalmatia (`2.16.02`/`.03`/`.05` - ""Ortopla...mouth of the Titos river...Skardona""); Macedonia and Thessaly (`3.13.05/06/12/14/15/16` - ""In Amphaxitis: Thessalonike | Echedoros river outlet"", ""In Pieria: ...Pydna | Haliakmon river outlet...Dion colonia...Peneios river outlet""); Boiotia and the Lokrians (`3.15.03/09/11` - ""In Boiotia: Aulis | Ismenos river outlet | Salganeus | Anthedon""); Messenia (`3.16.07` - ""Kyparissia city | Kyparission promontory...Pylos | Koryphasion headland | Mothone""); Crete's south coast (`3.17.03/04/07/08` - ""Description of the south side: Lissos | Tarrha...Phoinix city | Phoinikous harbor""); Mauretania/Numidia/Africa/Cyrenaica (`4.01`-`4.04`,`4.06`-`4.08`, a dozen sections - Icosium, Rusazus, Carthage's own harbor towns, ""In the Pentapolis, Berenike or Hesperides | mouth of the Lathon river""); Anatolia's Aeolis/Lykia/ Pontus coasts (`5.01`-`5.14`, another dozen - ""Patara | Antiphellos | Andriake...Olympos city | Phaselis""); the Levant's own continuation past the Phoenicia fix (`5.16.02` - Kaisareia, Apollonia, Ioppe/Jaffa, Azotos, Askalon, Anthedon, already-`harbor` Gaza/Iamnia ports between them); the Persian Gulf coast of Babylonia/Susiane/Persis (`5.20.05`,`6.02.02`-`6.04.02` - ""this coast is described as follows: the western mouth of the Tigris river...""); and India's own Malabar/Coromandel/Ganges-delta coasts (`7.01`/`7.02`/`7.03`/`7.04`, the largest single cluster - ""(Ariake) of the Pirates. Mandagara..."", ""Maisolia. Mouth of the River Maisolos..."", ""Mouths of the Ganges...""). One candidate, `3.05.14`, was excluded: its own `city` point (""Nördlicher Endpunkt"") is ""the southern limit of Sarmatia at the *sources* of the Tanais river"" - a river-source boundary marker at the opposite end from this section's real coastal points (the Tanais' two mouths), the same shape as the Durius/Anas fixes above, not a coastal gap - left as `city`, worth a closer individual look later if it turns out to need one."
68,4.01.10,force_noncoastal_section,,"The mirror-image problem: sections manually verified to be inland cities despite a coastal-sounding section header, so the section-level fallback must NOT apply to them. ""2.03"" section ""17"" is headed ""Hafenreicher Golf"" (""harbor-rich gulf"") but its actual points - Eboracum (York), Camulodunum (Colchester), Petuaria (Brough-on-Humber) - are inland Roman-Britain towns/legion camps, not capes or mouths. Spliced into the England coastline as ""coastal"" points, they connected East Anglia straight to Kent via a detour up to York and back. [Pyrrhon-Ebene - an inland plain embedded in a tribal-boundary description (topostext: ""...below whom are the Nectiberes; and next is the Pyrrhon Plain...Below these are the Zegrenses...""), not a coastal point]"
79,4.01.12,force_mountain_section,,"The mountain-side counterpart of _ISLAND_APPENDIX_SECTIONS: a section that's purely a *list* of named mountains/peaks, each cited by its own proper name with no ""-Gebirge""/""-berg"" suffix of its own to catch by keyword (""Of the named mountains the center of Bertiskos lies at...Mt. Bermion...Mt. Olympos..."", ""Mountains in the Peloponnese Pholoe...and Stymphalos..."") - the same ""no shared pattern to regex on, so it has to be an explicit allow-list"" reasoning as the island appendix. Confirmed by topostext's own section headers; more such sections likely exist elsewhere in the catalogue, not yet found because their books haven't been cross-referenced yet. [Diur (+ the already-""-Gebirge"" Durdon-Gebirge W/O-Ende) - Mauritania Tingitana's named mountains (topostext: ""The noteworthy mountains in this land are the so-called Diur..."")]"
39,4.01.16,force_island_section,,"The following five were confirmed against topostext.org/work/209's English translation, which states outright ""the Ebuda islands..."", ""the islands which are near Albion island..."", etc. - independent of our own Modern_location-based guessing. [Paina/Erytheia - islands off Mauritania Tingitana in the Outer Ocean]"
113,4.02.02,force_coastal_section,,"A wide batch found by the same systematic topostext-disagreement review, each independently confirmed the same way: a plain-named harbor town or headland sitting in `city`, whose section has no sea-word header of its own but whose topostext citation both names it a harbor/port *and* sits in an unbroken run of coastal citations (river mouths, capes, other harbors) either side of it in the same section - the same ""province/tribe name instead of sea name"" header gap already fixed many times this session, just not yet swept outside the regions checked so far: [Mauretania Caesariensis: ""Malva river mouth, Great promontory...Gypsaria harbor...""]"
281,4.02.03,force_coastal_section,," A seventeenth-round, catalogue-wide sweep (2026-07-30), prompted by the user pointing out a structural blind spot in every check run so far this session: crossref_topostext.py/category_check.py only ever flag a `city` point when *that point's own* topostext phrase contains a coastal keyword - Sidon, Tyros and Byblos (fixed just above) have none; their own citations are bare names. The signal that they're coastal was never in their own phrase, it was in their *section*: sitting between already-correctly-classified points (a ""-Mündung"" river mouth, a ""Kap"" cape) that do carry a keyword. That's checkable without topostext at all - a section mixing coastal-family points (`coast`/`harbor`/`river_mouth`, keyword- detected from the German name) with plain `city` points, with no sea-word header of its own, is structurally suspicious on its own: Ptolemy's sections are narratively homogeneous (a coastal run OR an inland list, established as this project's whole classification premise), so a section doing both at once is far more likely to be one coastal run some of whose points merely lack their own keyword than a genuine mix.  Found 110 such sections catalogue-wide. Checked every one's full topostext text (not just the `city` points' own phrases) before adding it - looking for either confirming coastal language (promontory/harbor/river mouth/gulf/bay, a run of real coastal place-names) or a contradiction (an inland/interior framing, the same ""in the interior of Galatian Pontos"" shape that correctly ruled out a candidate earlier this session). 109 confirmed straightforwardly - a representative sample across the whole range: Lusitania's own coast continuing past the Durius fix above (Oliosipum/Lisbon, Obila - ""LUSITANIA...the mouth of the river, which flows into the Outer Sea""); the Basque/Catalan coast (`2.06.07`/`.10`/`.14`/`.15`/`.18`/`.19`/`.20` - ""Of the Autrigones: Nerva river mouth | Flaviobriga"", ""Of the Vascones: Oiasso city | Ocasso promontory of the Pyrenees""); Dalmatia (`2.16.02`/`.03`/`.05` - ""Ortopla...mouth of the Titos river...Skardona""); Macedonia and Thessaly (`3.13.05/06/12/14/15/16` - ""In Amphaxitis: Thessalonike | Echedoros river outlet"", ""In Pieria: ...Pydna | Haliakmon river outlet...Dion colonia...Peneios river outlet""); Boiotia and the Lokrians (`3.15.03/09/11` - ""In Boiotia: Aulis | Ismenos river outlet | Salganeus | Anthedon""); Messenia (`3.16.07` - ""Kyparissia city | Kyparission promontory...Pylos | Koryphasion headland | Mothone""); Crete's south coast (`3.17.03/04/07/08` - ""Description of the south side: Lissos | Tarrha...Phoinix city | Phoinikous harbor""); Mauretania/Numidia/Africa/Cyrenaica (`4.01`-`4.04`,`4.06`-`4.08`, a dozen sections - Icosium, Rusazus, Carthage's own harbor towns, ""In the Pentapolis, Berenike or Hesperides | mouth of the Lathon river""); Anatolia's Aeolis/Lykia/ Pontus coasts (`5.01`-`5.14`, another dozen - ""Patara | Antiphellos | Andriake...Olympos city | Phaselis""); the Levant's own continuation past the Phoenicia fix (`5.16.02` - Kaisareia, Apollonia, Ioppe/Jaffa, Azotos, Askalon, Anthedon, already-`harbor` Gaza/Iamnia ports between them); the Persian Gulf coast of Babylonia/Susiane/Persis (`5.20.05`,`6.02.02`-`6.04.02` - ""this coast is described as follows: the western mouth of the Tigris river...""); and India's own Malabar/Coromandel/Ganges-delta coasts (`7.01`/`7.02`/`7.03`/`7.04`, the largest single cluster - ""(Ariake) of the Pirates. Mandagara..."", ""Maisolia. Mouth of the River Maisolos..."", ""Mouths of the Ganges...""). One candidate, `3.05.14`, was excluded: its own `city` point (""Nördlicher Endpunkt"") is ""the southern limit of Sarmatia at the *sources* of the Tanais river"" - a river-source boundary marker at the opposite end from this section's real coastal points (the Tanais' two mouths), the same shape as the Durius/Anas fixes above, not a coastal gap - left as `city`, worth a closer individual look later if it turns out to need one."
159,4.02.04,force_coastal_section,," A seventeenth-round, catalogue-wide sweep (2026-07-30), prompted by the user pointing out a structural blind spot in every check run so far this session: crossref_topostext.py/category_check.py only ever flag a `city` point when *that point's own* topostext phrase contains a coastal keyword - Sidon, Tyros and Byblos (fixed just above) have none; their own citations are bare names. The signal that they're coastal was never in their own phrase, it was in their *section*: sitting between already-correctly-classified points (a ""-Mündung"" river mouth, a ""Kap"" cape) that do carry a keyword. That's checkable without topostext at all - a section mixing coastal-family points (`coast`/`harbor`/`river_mouth`, keyword- detected from the German name) with plain `city` points, with no sea-word header of its own, is structurally suspicious on its own: Ptolemy's sections are narratively homogeneous (a coastal run OR an inland list, established as this project's whole classification premise), so a section doing both at once is far more likely to be one coastal run some of whose points merely lack their own keyword than a genuine mix.  Found 110 such sections catalogue-wide. Checked every one's full topostext text (not just the `city` points' own phrases) before adding it - looking for either confirming coastal language (promontory/harbor/river mouth/gulf/bay, a run of real coastal place-names) or a contradiction (an inland/interior framing, the same ""in the interior of Galatian Pontos"" shape that correctly ruled out a candidate earlier this session). 109 confirmed straightforwardly - a representative sample across the whole range: Lusitania's own coast continuing past the Durius fix above (Oliosipum/Lisbon, Obila - ""LUSITANIA...the mouth of the river, which flows into the Outer Sea""); the Basque/Catalan coast (`2.06.07`/`.10`/`.14`/`.15`/`.18`/`.19`/`.20` - ""Of the Autrigones: Nerva river mouth | Flaviobriga"", ""Of the Vascones: Oiasso city | Ocasso promontory of the Pyrenees""); Dalmatia (`2.16.02`/`.03`/`.05` - ""Ortopla...mouth of the Titos river...Skardona""); Macedonia and Thessaly (`3.13.05/06/12/14/15/16` - ""In Amphaxitis: Thessalonike | Echedoros river outlet"", ""In Pieria: ...Pydna | Haliakmon river outlet...Dion colonia...Peneios river outlet""); Boiotia and the Lokrians (`3.15.03/09/11` - ""In Boiotia: Aulis | Ismenos river outlet | Salganeus | Anthedon""); Messenia (`3.16.07` - ""Kyparissia city | Kyparission promontory...Pylos | Koryphasion headland | Mothone""); Crete's south coast (`3.17.03/04/07/08` - ""Description of the south side: Lissos | Tarrha...Phoinix city | Phoinikous harbor""); Mauretania/Numidia/Africa/Cyrenaica (`4.01`-`4.04`,`4.06`-`4.08`, a dozen sections - Icosium, Rusazus, Carthage's own harbor towns, ""In the Pentapolis, Berenike or Hesperides | mouth of the Lathon river""); Anatolia's Aeolis/Lykia/ Pontus coasts (`5.01`-`5.14`, another dozen - ""Patara | Antiphellos | Andriake...Olympos city | Phaselis""); the Levant's own continuation past the Phoenicia fix (`5.16.02` - Kaisareia, Apollonia, Ioppe/Jaffa, Azotos, Askalon, Anthedon, already-`harbor` Gaza/Iamnia ports between them); the Persian Gulf coast of Babylonia/Susiane/Persis (`5.20.05`,`6.02.02`-`6.04.02` - ""this coast is described as follows: the western mouth of the Tigris river...""); and India's own Malabar/Coromandel/Ganges-delta coasts (`7.01`/`7.02`/`7.03`/`7.04`, the largest single cluster - ""(Ariake) of the Pirates. Mandagara..."", ""Maisolia. Mouth of the River Maisolos..."", ""Mouths of the Ganges...""). One candidate, `3.05.14`, was excluded: its own `city` point (""Nördlicher Endpunkt"") is ""the southern limit of Sarmatia at the *sources* of the Tanais river"" - a river-source boundary marker at the opposite end from this section's real coastal points (the Tanais' two mouths), the same shape as the Durius/Anas fixes above, not a coastal gap - left as `city`, worth a closer individual look later if it turns out to need one."
199,4.02.05,force_coastal_section,," A seventeenth-round, catalogue-wide sweep (2026-07-30), prompted by the user pointing out a structural blind spot in every check run so far this session: crossref_topostext.py/category_check.py only ever flag a `city` point when *that point's own* topostext phrase contains a coastal keyword - Sidon, Tyros and Byblos (fixed just above) have none; their own citations are bare names. The signal that they're coastal was never in their own phrase, it was in their *section*: sitting between already-correctly-classified points (a ""-Mündung"" river mouth, a ""Kap"" cape) that do carry a keyword. That's checkable without topostext at all - a section mixing coastal-family points (`coast`/`harbor`/`river_mouth`, keyword- detected from the German name) with plain `city` points, with no sea-word header of its own, is structurally suspicious on its own: Ptolemy's sections are narratively homogeneous (a coastal run OR an inland list, established as this project's whole classification premise), so a section doing both at once is far more likely to be one coastal run some of whose points merely lack their own keyword than a genuine mix.  Found 110 such sections catalogue-wide. Checked every one's full topostext text (not just the `city` points' own phrases) before adding it - looking for either confirming coastal language (promontory/harbor/river mouth/gulf/bay, a run of real coastal place-names) or a contradiction (an inland/interior framing, the same ""in the interior of Galatian Pontos"" shape that correctly ruled out a candidate earlier this session). 109 confirmed straightforwardly - a representative sample across the whole range: Lusitania's own coast continuing past the Durius fix above (Oliosipum/Lisbon, Obila - ""LUSITANIA...the mouth of the river, which flows into the Outer Sea""); the Basque/Catalan coast (`2.06.07`/`.10`/`.14`/`.15`/`.18`/`.19`/`.20` - ""Of the Autrigones: Nerva river mouth | Flaviobriga"", ""Of the Vascones: Oiasso city | Ocasso promontory of the Pyrenees""); Dalmatia (`2.16.02`/`.03`/`.05` - ""Ortopla...mouth of the Titos river...Skardona""); Macedonia and Thessaly (`3.13.05/06/12/14/15/16` - ""In Amphaxitis: Thessalonike | Echedoros river outlet"", ""In Pieria: ...Pydna | Haliakmon river outlet...Dion colonia...Peneios river outlet""); Boiotia and the Lokrians (`3.15.03/09/11` - ""In Boiotia: Aulis | Ismenos river outlet | Salganeus | Anthedon""); Messenia (`3.16.07` - ""Kyparissia city | Kyparission promontory...Pylos | Koryphasion headland | Mothone""); Crete's south coast (`3.17.03/04/07/08` - ""Description of the south side: Lissos | Tarrha...Phoinix city | Phoinikous harbor""); Mauretania/Numidia/Africa/Cyrenaica (`4.01`-`4.04`,`4.06`-`4.08`, a dozen sections - Icosium, Rusazus, Carthage's own harbor towns, ""In the Pentapolis, Berenike or Hesperides | mouth of the Lathon river""); Anatolia's Aeolis/Lykia/ Pontus coasts (`5.01`-`5.14`, another dozen - ""Patara | Antiphellos | Andriake...Olympos city | Phaselis""); the Levant's own continuation past the Phoenicia fix (`5.16.02` - Kaisareia, Apollonia, Ioppe/Jaffa, Azotos, Askalon, Anthedon, already-`harbor` Gaza/Iamnia ports between them); the Persian Gulf coast of Babylonia/Susiane/Persis (`5.20.05`,`6.02.02`-`6.04.02` - ""this coast is described as follows: the western mouth of the Tigris river...""); and India's own Malabar/Coromandel/Ganges-delta coasts (`7.01`/`7.02`/`7.03`/`7.04`, the largest single cluster - ""(Ariake) of the Pirates. Mandagara..."", ""Maisolia. Mouth of the River Maisolos..."", ""Mouths of the Ganges...""). One candidate, `3.05.14`, was excluded: its own `city` point (""Nördlicher Endpunkt"") is ""the southern limit of Sarmatia at the *sources* of the Tanais river"" - a river-source boundary marker at the opposite end from this section's real coastal points (the Tanais' two mouths), the same shape as the Durius/Anas fixes above, not a coastal gap - left as `city`, worth a closer individual look later if it turns out to need one."
88,4.02.06,force_coastal_section,," A seventeenth-round, catalogue-wide sweep (2026-07-30), prompted by the user pointing out a structural blind spot in every check run so far this session: crossref_topostext.py/category_check.py only ever flag a `city` point when *that point's own* topostext phrase contains a coastal keyword - Sidon, Tyros and Byblos (fixed just above) have none; their own citations are bare names. The signal that they're coastal was never in their own phrase, it was in their *section*: sitting between already-correctly-classified points (a ""-Mündung"" river mouth, a ""Kap"" cape) that do carry a keyword. That's checkable without topostext at all - a section mixing coastal-family points (`coast`/`harbor`/`river_mouth`, keyword- detected from the German name) with plain `city` points, with no sea-word header of its own, is structurally suspicious on its own: Ptolemy's sections are narratively homogeneous (a coastal run OR an inland list, established as this project's whole classification premise), so a section doing both at once is far more likely to be one coastal run some of whose points merely lack their own keyword than a genuine mix.  Found 110 such sections catalogue-wide. Checked every one's full topostext text (not just the `city` points' own phrases) before adding it - looking for either confirming coastal language (promontory/harbor/river mouth/gulf/bay, a run of real coastal place-names) or a contradiction (an inland/interior framing, the same ""in the interior of Galatian Pontos"" shape that correctly ruled out a candidate earlier this session). 109 confirmed straightforwardly - a representative sample across the whole range: Lusitania's own coast continuing past the Durius fix above (Oliosipum/Lisbon, Obila - ""LUSITANIA...the mouth of the river, which flows into the Outer Sea""); the Basque/Catalan coast (`2.06.07`/`.10`/`.14`/`.15`/`.18`/`.19`/`.20` - ""Of the Autrigones: Nerva river mouth | Flaviobriga"", ""Of the Vascones: Oiasso city | Ocasso promontory of the Pyrenees""); Dalmatia (`2.16.02`/`.03`/`.05` - ""Ortopla...mouth of the Titos river...Skardona""); Macedonia and Thessaly (`3.13.05/06/12/14/15/16` - ""In Amphaxitis: Thessalonike | Echedoros river outlet"", ""In Pieria: ...Pydna | Haliakmon river outlet...Dion colonia...Peneios river outlet""); Boiotia and the Lokrians (`3.15.03/09/11` - ""In Boiotia: Aulis | Ismenos river outlet | Salganeus | Anthedon""); Messenia (`3.16.07` - ""Kyparissia city | Kyparission promontory...Pylos | Koryphasion headland | Mothone""); Crete's south coast (`3.17.03/04/07/08` - ""Description of the south side: Lissos | Tarrha...Phoinix city | Phoinikous harbor""); Mauretania/Numidia/Africa/Cyrenaica (`4.01`-`4.04`,`4.06`-`4.08`, a dozen sections - Icosium, Rusazus, Carthage's own harbor towns, ""In the Pentapolis, Berenike or Hesperides | mouth of the Lathon river""); Anatolia's Aeolis/Lykia/ Pontus coasts (`5.01`-`5.14`, another dozen - ""Patara | Antiphellos | Andriake...Olympos city | Phaselis""); the Levant's own continuation past the Phoenicia fix (`5.16.02` - Kaisareia, Apollonia, Ioppe/Jaffa, Azotos, Askalon, Anthedon, already-`harbor` Gaza/Iamnia ports between them); the Persian Gulf coast of Babylonia/Susiane/Persis (`5.20.05`,`6.02.02`-`6.04.02` - ""this coast is described as follows: the western mouth of the Tigris river...""); and India's own Malabar/Coromandel/Ganges-delta coasts (`7.01`/`7.02`/`7.03`/`7.04`, the largest single cluster - ""(Ariake) of the Pirates. Mandagara..."", ""Maisolia. Mouth of the River Maisolos..."", ""Mouths of the Ganges...""). One candidate, `3.05.14`, was excluded: its own `city` point (""Nördlicher Endpunkt"") is ""the southern limit of Sarmatia at the *sources* of the Tanais river"" - a river-source boundary marker at the opposite end from this section's real coastal points (the Tanais' two mouths), the same shape as the Durius/Anas fixes above, not a coastal gap - left as `city`, worth a closer individual look later if it turns out to need one."
112,4.02.07,force_coastal_section,," A seventeenth-round, catalogue-wide sweep (2026-07-30), prompted by the user pointing out a structural blind spot in every check run so far this session: crossref_topostext.py/category_check.py only ever flag a `city` point when *that point's own* topostext phrase contains a coastal keyword - Sidon, Tyros and Byblos (fixed just above) have none; their own citations are bare names. The signal that they're coastal was never in their own phrase, it was in their *section*: sitting between already-correctly-classified points (a ""-Mündung"" river mouth, a ""Kap"" cape) that do carry a keyword. That's checkable without topostext at all - a section mixing coastal-family points (`coast`/`harbor`/`river_mouth`, keyword- detected from the German name) with plain `city` points, with no sea-word header of its own, is structurally suspicious on its own: Ptolemy's sections are narratively homogeneous (a coastal run OR an inland list, established as this project's whole classification premise), so a section doing both at once is far more likely to be one coastal run some of whose points merely lack their own keyword than a genuine mix.  Found 110 such sections catalogue-wide. Checked every one's full topostext text (not just the `city` points' own phrases) before adding it - looking for either confirming coastal language (promontory/harbor/river mouth/gulf/bay, a run of real coastal place-names) or a contradiction (an inland/interior framing, the same ""in the interior of Galatian Pontos"" shape that correctly ruled out a candidate earlier this session). 109 confirmed straightforwardly - a representative sample across the whole range: Lusitania's own coast continuing past the Durius fix above (Oliosipum/Lisbon, Obila - ""LUSITANIA...the mouth of the river, which flows into the Outer Sea""); the Basque/Catalan coast (`2.06.07`/`.10`/`.14`/`.15`/`.18`/`.19`/`.20` - ""Of the Autrigones: Nerva river mouth | Flaviobriga"", ""Of the Vascones: Oiasso city | Ocasso promontory of the Pyrenees""); Dalmatia (`2.16.02`/`.03`/`.05` - ""Ortopla...mouth of the Titos river...Skardona""); Macedonia and Thessaly (`3.13.05/06/12/14/15/16` - ""In Amphaxitis: Thessalonike | Echedoros river outlet"", ""In Pieria: ...Pydna | Haliakmon river outlet...Dion colonia...Peneios river outlet""); Boiotia and the Lokrians (`3.15.03/09/11` - ""In Boiotia: Aulis | Ismenos river outlet | Salganeus | Anthedon""); Messenia (`3.16.07` - ""Kyparissia city | Kyparission promontory...Pylos | Koryphasion headland | Mothone""); Crete's south coast (`3.17.03/04/07/08` - ""Description of the south side: Lissos | Tarrha...Phoinix city | Phoinikous harbor""); Mauretania/Numidia/Africa/Cyrenaica (`4.01`-`4.04`,`4.06`-`4.08`, a dozen sections - Icosium, Rusazus, Carthage's own harbor towns, ""In the Pentapolis, Berenike or Hesperides | mouth of the Lathon river""); Anatolia's Aeolis/Lykia/ Pontus coasts (`5.01`-`5.14`, another dozen - ""Patara | Antiphellos | Andriake...Olympos city | Phaselis""); the Levant's own continuation past the Phoenicia fix (`5.16.02` - Kaisareia, Apollonia, Ioppe/Jaffa, Azotos, Askalon, Anthedon, already-`harbor` Gaza/Iamnia ports between them); the Persian Gulf coast of Babylonia/Susiane/Persis (`5.20.05`,`6.02.02`-`6.04.02` - ""this coast is described as follows: the western mouth of the Tigris river...""); and India's own Malabar/Coromandel/Ganges-delta coasts (`7.01`/`7.02`/`7.03`/`7.04`, the largest single cluster - ""(Ariake) of the Pirates. Mandagara..."", ""Maisolia. Mouth of the River Maisolos..."", ""Mouths of the Ganges...""). One candidate, `3.05.14`, was excluded: its own `city` point (""Nördlicher Endpunkt"") is ""the southern limit of Sarmatia at the *sources* of the Tanais river"" - a river-source boundary marker at the opposite end from this section's real coastal points (the Tanais' two mouths), the same shape as the Durius/Anas fixes above, not a coastal gap - left as `city`, worth a closer individual look later if it turns out to need one."
221,4.02.09,force_coastal_section,," A seventeenth-round, catalogue-wide sweep (2026-07-30), prompted by the user pointing out a structural blind spot in every check run so far this session: crossref_topostext.py/category_check.py only ever flag a `city` point when *that point's own* topostext phrase contains a coastal keyword - Sidon, Tyros and Byblos (fixed just above) have none; their own citations are bare names. The signal that they're coastal was never in their own phrase, it was in their *section*: sitting between already-correctly-classified points (a ""-Mündung"" river mouth, a ""Kap"" cape) that do carry a keyword. That's checkable without topostext at all - a section mixing coastal-family points (`coast`/`harbor`/`river_mouth`, keyword- detected from the German name) with plain `city` points, with no sea-word header of its own, is structurally suspicious on its own: Ptolemy's sections are narratively homogeneous (a coastal run OR an inland list, established as this project's whole classification premise), so a section doing both at once is far more likely to be one coastal run some of whose points merely lack their own keyword than a genuine mix.  Found 110 such sections catalogue-wide. Checked every one's full topostext text (not just the `city` points' own phrases) before adding it - looking for either confirming coastal language (promontory/harbor/river mouth/gulf/bay, a run of real coastal place-names) or a contradiction (an inland/interior framing, the same ""in the interior of Galatian Pontos"" shape that correctly ruled out a candidate earlier this session). 109 confirmed straightforwardly - a representative sample across the whole range: Lusitania's own coast continuing past the Durius fix above (Oliosipum/Lisbon, Obila - ""LUSITANIA...the mouth of the river, which flows into the Outer Sea""); the Basque/Catalan coast (`2.06.07`/`.10`/`.14`/`.15`/`.18`/`.19`/`.20` - ""Of the Autrigones: Nerva river mouth | Flaviobriga"", ""Of the Vascones: Oiasso city | Ocasso promontory of the Pyrenees""); Dalmatia (`2.16.02`/`.03`/`.05` - ""Ortopla...mouth of the Titos river...Skardona""); Macedonia and Thessaly (`3.13.05/06/12/14/15/16` - ""In Amphaxitis: Thessalonike | Echedoros river outlet"", ""In Pieria: ...Pydna | Haliakmon river outlet...Dion colonia...Peneios river outlet""); Boiotia and the Lokrians (`3.15.03/09/11` - ""In Boiotia: Aulis | Ismenos river outlet | Salganeus | Anthedon""); Messenia (`3.16.07` - ""Kyparissia city | Kyparission promontory...Pylos | Koryphasion headland | Mothone""); Crete's south coast (`3.17.03/04/07/08` - ""Description of the south side: Lissos | Tarrha...Phoinix city | Phoinikous harbor""); Mauretania/Numidia/Africa/Cyrenaica (`4.01`-`4.04`,`4.06`-`4.08`, a dozen sections - Icosium, Rusazus, Carthage's own harbor towns, ""In the Pentapolis, Berenike or Hesperides | mouth of the Lathon river""); Anatolia's Aeolis/Lykia/ Pontus coasts (`5.01`-`5.14`, another dozen - ""Patara | Antiphellos | Andriake...Olympos city | Phaselis""); the Levant's own continuation past the Phoenicia fix (`5.16.02` - Kaisareia, Apollonia, Ioppe/Jaffa, Azotos, Askalon, Anthedon, already-`harbor` Gaza/Iamnia ports between them); the Persian Gulf coast of Babylonia/Susiane/Persis (`5.20.05`,`6.02.02`-`6.04.02` - ""this coast is described as follows: the western mouth of the Tigris river...""); and India's own Malabar/Coromandel/Ganges-delta coasts (`7.01`/`7.02`/`7.03`/`7.04`, the largest single cluster - ""(Ariake) of the Pirates. Mandagara..."", ""Maisolia. Mouth of the River Maisolos..."", ""Mouths of the Ganges...""). One candidate, `3.05.14`, was excluded: its own `city` point (""Nördlicher Endpunkt"") is ""the southern limit of Sarmatia at the *sources* of the Tanais river"" - a river-source boundary marker at the opposite end from this section's real coastal points (the Tanais' two mouths), the same shape as the Durius/Anas fixes above, not a coastal gap - left as `city`, worth a closer individual look later if it turns out to need one."
90,4.02.10,force_coastal_section,," A seventeenth-round, catalogue-wide sweep (2026-07-30), prompted by the user pointing out a structural blind spot in every check run so far this session: crossref_topostext.py/category_check.py only ever flag a `city` point when *that point's own* topostext phrase contains a coastal keyword - Sidon, Tyros and Byblos (fixed just above) have none; their own citations are bare names. The signal that they're coastal was never in their own phrase, it was in their *section*: sitting between already-correctly-classified points (a ""-Mündung"" river mouth, a ""Kap"" cape) that do carry a keyword. That's checkable without topostext at all - a section mixing coastal-family points (`coast`/`harbor`/`river_mouth`, keyword- detected from the German name) with plain `city` points, with no sea-word header of its own, is structurally suspicious on its own: Ptolemy's sections are narratively homogeneous (a coastal run OR an inland list, established as this project's whole classification premise), so a section doing both at once is far more likely to be one coastal run some of whose points merely lack their own keyword than a genuine mix.  Found 110 such sections catalogue-wide. Checked every one's full topostext text (not just the `city` points' own phrases) before adding it - looking for either confirming coastal language (promontory/harbor/river mouth/gulf/bay, a run of real coastal place-names) or a contradiction (an inland/interior framing, the same ""in the interior of Galatian Pontos"" shape that correctly ruled out a candidate earlier this session). 109 confirmed straightforwardly - a representative sample across the whole range: Lusitania's own coast continuing past the Durius fix above (Oliosipum/Lisbon, Obila - ""LUSITANIA...the mouth of the river, which flows into the Outer Sea""); the Basque/Catalan coast (`2.06.07`/`.10`/`.14`/`.15`/`.18`/`.19`/`.20` - ""Of the Autrigones: Nerva river mouth | Flaviobriga"", ""Of the Vascones: Oiasso city | Ocasso promontory of the Pyrenees""); Dalmatia (`2.16.02`/`.03`/`.05` - ""Ortopla...mouth of the Titos river...Skardona""); Macedonia and Thessaly (`3.13.05/06/12/14/15/16` - ""In Amphaxitis: Thessalonike | Echedoros river outlet"", ""In Pieria: ...Pydna | Haliakmon river outlet...Dion colonia...Peneios river outlet""); Boiotia and the Lokrians (`3.15.03/09/11` - ""In Boiotia: Aulis | Ismenos river outlet | Salganeus | Anthedon""); Messenia (`3.16.07` - ""Kyparissia city | Kyparission promontory...Pylos | Koryphasion headland | Mothone""); Crete's south coast (`3.17.03/04/07/08` - ""Description of the south side: Lissos | Tarrha...Phoinix city | Phoinikous harbor""); Mauretania/Numidia/Africa/Cyrenaica (`4.01`-`4.04`,`4.06`-`4.08`, a dozen sections - Icosium, Rusazus, Carthage's own harbor towns, ""In the Pentapolis, Berenike or Hesperides | mouth of the Lathon river""); Anatolia's Aeolis/Lykia/ Pontus coasts (`5.01`-`5.14`, another dozen - ""Patara | Antiphellos | Andriake...Olympos city | Phaselis""); the Levant's own continuation past the Phoenicia fix (`5.16.02` - Kaisareia, Apollonia, Ioppe/Jaffa, Azotos, Askalon, Anthedon, already-`harbor` Gaza/Iamnia ports between them); the Persian Gulf coast of Babylonia/Susiane/Persis (`5.20.05`,`6.02.02`-`6.04.02` - ""this coast is described as follows: the western mouth of the Tigris river...""); and India's own Malabar/Coromandel/Ganges-delta coasts (`7.01`/`7.02`/`7.03`/`7.04`, the largest single cluster - ""(Ariake) of the Pirates. Mandagara..."", ""Maisolia. Mouth of the River Maisolos..."", ""Mouths of the Ganges...""). One candidate, `3.05.14`, was excluded: its own `city` point (""Nördlicher Endpunkt"") is ""the southern limit of Sarmatia at the *sources* of the Tanais river"" - a river-source boundary marker at the opposite end from this section's real coastal points (the Tanais' two mouths), the same shape as the Durius/Anas fixes above, not a coastal gap - left as `city`, worth a closer individual look later if it turns out to need one."
145,4.03.03,force_coastal_section,," A seventeenth-round, catalogue-wide sweep (2026-07-30), prompted by the user pointing out a structural blind spot in every check run so far this session: crossref_topostext.py/category_check.py only ever flag a `city` point when *that point's own* topostext phrase contains a coastal keyword - Sidon, Tyros and Byblos (fixed just above) have none; their own citations are bare names. The signal that they're coastal was never in their own phrase, it was in their *section*: sitting between already-correctly-classified points (a ""-Mündung"" river mouth, a ""Kap"" cape) that do carry a keyword. That's checkable without topostext at all - a section mixing coastal-family points (`coast`/`harbor`/`river_mouth`, keyword- detected from the German name) with plain `city` points, with no sea-word header of its own, is structurally suspicious on its own: Ptolemy's sections are narratively homogeneous (a coastal run OR an inland list, established as this project's whole classification premise), so a section doing both at once is far more likely to be one coastal run some of whose points merely lack their own keyword than a genuine mix.  Found 110 such sections catalogue-wide. Checked every one's full topostext text (not just the `city` points' own phrases) before adding it - looking for either confirming coastal language (promontory/harbor/river mouth/gulf/bay, a run of real coastal place-names) or a contradiction (an inland/interior framing, the same ""in the interior of Galatian Pontos"" shape that correctly ruled out a candidate earlier this session). 109 confirmed straightforwardly - a representative sample across the whole range: Lusitania's own coast continuing past the Durius fix above (Oliosipum/Lisbon, Obila - ""LUSITANIA...the mouth of the river, which flows into the Outer Sea""); the Basque/Catalan coast (`2.06.07`/`.10`/`.14`/`.15`/`.18`/`.19`/`.20` - ""Of the Autrigones: Nerva river mouth | Flaviobriga"", ""Of the Vascones: Oiasso city | Ocasso promontory of the Pyrenees""); Dalmatia (`2.16.02`/`.03`/`.05` - ""Ortopla...mouth of the Titos river...Skardona""); Macedonia and Thessaly (`3.13.05/06/12/14/15/16` - ""In Amphaxitis: Thessalonike | Echedoros river outlet"", ""In Pieria: ...Pydna | Haliakmon river outlet...Dion colonia...Peneios river outlet""); Boiotia and the Lokrians (`3.15.03/09/11` - ""In Boiotia: Aulis | Ismenos river outlet | Salganeus | Anthedon""); Messenia (`3.16.07` - ""Kyparissia city | Kyparission promontory...Pylos | Koryphasion headland | Mothone""); Crete's south coast (`3.17.03/04/07/08` - ""Description of the south side: Lissos | Tarrha...Phoinix city | Phoinikous harbor""); Mauretania/Numidia/Africa/Cyrenaica (`4.01`-`4.04`,`4.06`-`4.08`, a dozen sections - Icosium, Rusazus, Carthage's own harbor towns, ""In the Pentapolis, Berenike or Hesperides | mouth of the Lathon river""); Anatolia's Aeolis/Lykia/ Pontus coasts (`5.01`-`5.14`, another dozen - ""Patara | Antiphellos | Andriake...Olympos city | Phaselis""); the Levant's own continuation past the Phoenicia fix (`5.16.02` - Kaisareia, Apollonia, Ioppe/Jaffa, Azotos, Askalon, Anthedon, already-`harbor` Gaza/Iamnia ports between them); the Persian Gulf coast of Babylonia/Susiane/Persis (`5.20.05`,`6.02.02`-`6.04.02` - ""this coast is described as follows: the western mouth of the Tigris river...""); and India's own Malabar/Coromandel/Ganges-delta coasts (`7.01`/`7.02`/`7.03`/`7.04`, the largest single cluster - ""(Ariake) of the Pirates. Mandagara..."", ""Maisolia. Mouth of the River Maisolos..."", ""Mouths of the Ganges...""). One candidate, `3.05.14`, was excluded: its own `city` point (""Nördlicher Endpunkt"") is ""the southern limit of Sarmatia at the *sources* of the Tanais river"" - a river-source boundary marker at the opposite end from this section's real coastal points (the Tanais' two mouths), the same shape as the Durius/Anas fixes above, not a coastal gap - left as `city`, worth a closer individual look later if it turns out to need one."
219,4.03.04,force_coastal_section,,"A wide batch found by the same systematic topostext-disagreement review, each independently confirmed the same way: a plain-named harbor town or headland sitting in `city`, whose section has no sea-word header of its own but whose topostext citation both names it a harbor/port *and* sits in an unbroken run of coastal citations (river mouths, capes, other harbors) either side of it in the same section - the same ""province/tribe name instead of sea name"" header gap already fixed many times this session, just not yet swept outside the regions checked so far: [Africa: ""Holcachites gulf...Tacatye...Lesser Collops...Siur port""]"
256,4.03.05,force_coastal_section,,"Found by an independent second pass: building a standalone category guess purely from topostext's own wording (category_check.py, no access to the catalogue's category, name, or any exception list) and comparing it to the catalogue's category surfaced a few more instances of the same gap the batch above missed: [Numidia/Africa coast at Cape Bon: ""Hippo promontory...Stoborrum promontory...Aphrodisium...Hippo Regius...Rubricatus river mouth...Thabraca""]"
163,4.03.06,force_coastal_section,," A seventeenth-round, catalogue-wide sweep (2026-07-30), prompted by the user pointing out a structural blind spot in every check run so far this session: crossref_topostext.py/category_check.py only ever flag a `city` point when *that point's own* topostext phrase contains a coastal keyword - Sidon, Tyros and Byblos (fixed just above) have none; their own citations are bare names. The signal that they're coastal was never in their own phrase, it was in their *section*: sitting between already-correctly-classified points (a ""-Mündung"" river mouth, a ""Kap"" cape) that do carry a keyword. That's checkable without topostext at all - a section mixing coastal-family points (`coast`/`harbor`/`river_mouth`, keyword- detected from the German name) with plain `city` points, with no sea-word header of its own, is structurally suspicious on its own: Ptolemy's sections are narratively homogeneous (a coastal run OR an inland list, established as this project's whole classification premise), so a section doing both at once is far more likely to be one coastal run some of whose points merely lack their own keyword than a genuine mix.  Found 110 such sections catalogue-wide. Checked every one's full topostext text (not just the `city` points' own phrases) before adding it - looking for either confirming coastal language (promontory/harbor/river mouth/gulf/bay, a run of real coastal place-names) or a contradiction (an inland/interior framing, the same ""in the interior of Galatian Pontos"" shape that correctly ruled out a candidate earlier this session). 109 confirmed straightforwardly - a representative sample across the whole range: Lusitania's own coast continuing past the Durius fix above (Oliosipum/Lisbon, Obila - ""LUSITANIA...the mouth of the river, which flows into the Outer Sea""); the Basque/Catalan coast (`2.06.07`/`.10`/`.14`/`.15`/`.18`/`.19`/`.20` - ""Of the Autrigones: Nerva river mouth | Flaviobriga"", ""Of the Vascones: Oiasso city | Ocasso promontory of the Pyrenees""); Dalmatia (`2.16.02`/`.03`/`.05` - ""Ortopla...mouth of the Titos river...Skardona""); Macedonia and Thessaly (`3.13.05/06/12/14/15/16` - ""In Amphaxitis: Thessalonike | Echedoros river outlet"", ""In Pieria: ...Pydna | Haliakmon river outlet...Dion colonia...Peneios river outlet""); Boiotia and the Lokrians (`3.15.03/09/11` - ""In Boiotia: Aulis | Ismenos river outlet | Salganeus | Anthedon""); Messenia (`3.16.07` - ""Kyparissia city | Kyparission promontory...Pylos | Koryphasion headland | Mothone""); Crete's south coast (`3.17.03/04/07/08` - ""Description of the south side: Lissos | Tarrha...Phoinix city | Phoinikous harbor""); Mauretania/Numidia/Africa/Cyrenaica (`4.01`-`4.04`,`4.06`-`4.08`, a dozen sections - Icosium, Rusazus, Carthage's own harbor towns, ""In the Pentapolis, Berenike or Hesperides | mouth of the Lathon river""); Anatolia's Aeolis/Lykia/ Pontus coasts (`5.01`-`5.14`, another dozen - ""Patara | Antiphellos | Andriake...Olympos city | Phaselis""); the Levant's own continuation past the Phoenicia fix (`5.16.02` - Kaisareia, Apollonia, Ioppe/Jaffa, Azotos, Askalon, Anthedon, already-`harbor` Gaza/Iamnia ports between them); the Persian Gulf coast of Babylonia/Susiane/Persis (`5.20.05`,`6.02.02`-`6.04.02` - ""this coast is described as follows: the western mouth of the Tigris river...""); and India's own Malabar/Coromandel/Ganges-delta coasts (`7.01`/`7.02`/`7.03`/`7.04`, the largest single cluster - ""(Ariake) of the Pirates. Mandagara..."", ""Maisolia. Mouth of the River Maisolos..."", ""Mouths of the Ganges...""). One candidate, `3.05.14`, was excluded: its own `city` point (""Nördlicher Endpunkt"") is ""the southern limit of Sarmatia at the *sources* of the Tanais river"" - a river-source boundary marker at the opposite end from this section's real coastal points (the Tanais' two mouths), the same shape as the Durius/Anas fixes above, not a coastal gap - left as `city`, worth a closer individual look later if it turns out to need one."
183,4.03.07,force_coastal_section,," A seventeenth-round, catalogue-wide sweep (2026-07-30), prompted by the user pointing out a structural blind spot in every check run so far this session: crossref_topostext.py/category_check.py only ever flag a `city` point when *that point's own* topostext phrase contains a coastal keyword - Sidon, Tyros and Byblos (fixed just above) have none; their own citations are bare names. The signal that they're coastal was never in their own phrase, it was in their *section*: sitting between already-correctly-classified points (a ""-Mündung"" river mouth, a ""Kap"" cape) that do carry a keyword. That's checkable without topostext at all - a section mixing coastal-family points (`coast`/`harbor`/`river_mouth`, keyword- detected from the German name) with plain `city` points, with no sea-word header of its own, is structurally suspicious on its own: Ptolemy's sections are narratively homogeneous (a coastal run OR an inland list, established as this project's whole classification premise), so a section doing both at once is far more likely to be one coastal run some of whose points merely lack their own keyword than a genuine mix.  Found 110 such sections catalogue-wide. Checked every one's full topostext text (not just the `city` points' own phrases) before adding it - looking for either confirming coastal language (promontory/harbor/river mouth/gulf/bay, a run of real coastal place-names) or a contradiction (an inland/interior framing, the same ""in the interior of Galatian Pontos"" shape that correctly ruled out a candidate earlier this session). 109 confirmed straightforwardly - a representative sample across the whole range: Lusitania's own coast continuing past the Durius fix above (Oliosipum/Lisbon, Obila - ""LUSITANIA...the mouth of the river, which flows into the Outer Sea""); the Basque/Catalan coast (`2.06.07`/`.10`/`.14`/`.15`/`.18`/`.19`/`.20` - ""Of the Autrigones: Nerva river mouth | Flaviobriga"", ""Of the Vascones: Oiasso city | Ocasso promontory of the Pyrenees""); Dalmatia (`2.16.02`/`.03`/`.05` - ""Ortopla...mouth of the Titos river...Skardona""); Macedonia and Thessaly (`3.13.05/06/12/14/15/16` - ""In Amphaxitis: Thessalonike | Echedoros river outlet"", ""In Pieria: ...Pydna | Haliakmon river outlet...Dion colonia...Peneios river outlet""); Boiotia and the Lokrians (`3.15.03/09/11` - ""In Boiotia: Aulis | Ismenos river outlet | Salganeus | Anthedon""); Messenia (`3.16.07` - ""Kyparissia city | Kyparission promontory...Pylos | Koryphasion headland | Mothone""); Crete's south coast (`3.17.03/04/07/08` - ""Description of the south side: Lissos | Tarrha...Phoinix city | Phoinikous harbor""); Mauretania/Numidia/Africa/Cyrenaica (`4.01`-`4.04`,`4.06`-`4.08`, a dozen sections - Icosium, Rusazus, Carthage's own harbor towns, ""In the Pentapolis, Berenike or Hesperides | mouth of the Lathon river""); Anatolia's Aeolis/Lykia/ Pontus coasts (`5.01`-`5.14`, another dozen - ""Patara | Antiphellos | Andriake...Olympos city | Phaselis""); the Levant's own continuation past the Phoenicia fix (`5.16.02` - Kaisareia, Apollonia, Ioppe/Jaffa, Azotos, Askalon, Anthedon, already-`harbor` Gaza/Iamnia ports between them); the Persian Gulf coast of Babylonia/Susiane/Persis (`5.20.05`,`6.02.02`-`6.04.02` - ""this coast is described as follows: the western mouth of the Tigris river...""); and India's own Malabar/Coromandel/Ganges-delta coasts (`7.01`/`7.02`/`7.03`/`7.04`, the largest single cluster - ""(Ariake) of the Pirates. Mandagara..."", ""Maisolia. Mouth of the River Maisolos..."", ""Mouths of the Ganges...""). One candidate, `3.05.14`, was excluded: its own `city` point (""Nördlicher Endpunkt"") is ""the southern limit of Sarmatia at the *sources* of the Tanais river"" - a river-source boundary marker at the opposite end from this section's real coastal points (the Tanais' two mouths), the same shape as the Durius/Anas fixes above, not a coastal gap - left as `city`, worth a closer individual look later if it turns out to need one."
258,4.03.08,force_coastal_section,," A seventeenth-round, catalogue-wide sweep (2026-07-30), prompted by the user pointing out a structural blind spot in every check run so far this session: crossref_topostext.py/category_check.py only ever flag a `city` point when *that point's own* topostext phrase contains a coastal keyword - Sidon, Tyros and Byblos (fixed just above) have none; their own citations are bare names. The signal that they're coastal was never in their own phrase, it was in their *section*: sitting between already-correctly-classified points (a ""-Mündung"" river mouth, a ""Kap"" cape) that do carry a keyword. That's checkable without topostext at all - a section mixing coastal-family points (`coast`/`harbor`/`river_mouth`, keyword- detected from the German name) with plain `city` points, with no sea-word header of its own, is structurally suspicious on its own: Ptolemy's sections are narratively homogeneous (a coastal run OR an inland list, established as this project's whole classification premise), so a section doing both at once is far more likely to be one coastal run some of whose points merely lack their own keyword than a genuine mix.  Found 110 such sections catalogue-wide. Checked every one's full topostext text (not just the `city` points' own phrases) before adding it - looking for either confirming coastal language (promontory/harbor/river mouth/gulf/bay, a run of real coastal place-names) or a contradiction (an inland/interior framing, the same ""in the interior of Galatian Pontos"" shape that correctly ruled out a candidate earlier this session). 109 confirmed straightforwardly - a representative sample across the whole range: Lusitania's own coast continuing past the Durius fix above (Oliosipum/Lisbon, Obila - ""LUSITANIA...the mouth of the river, which flows into the Outer Sea""); the Basque/Catalan coast (`2.06.07`/`.10`/`.14`/`.15`/`.18`/`.19`/`.20` - ""Of the Autrigones: Nerva river mouth | Flaviobriga"", ""Of the Vascones: Oiasso city | Ocasso promontory of the Pyrenees""); Dalmatia (`2.16.02`/`.03`/`.05` - ""Ortopla...mouth of the Titos river...Skardona""); Macedonia and Thessaly (`3.13.05/06/12/14/15/16` - ""In Amphaxitis: Thessalonike | Echedoros river outlet"", ""In Pieria: ...Pydna | Haliakmon river outlet...Dion colonia...Peneios river outlet""); Boiotia and the Lokrians (`3.15.03/09/11` - ""In Boiotia: Aulis | Ismenos river outlet | Salganeus | Anthedon""); Messenia (`3.16.07` - ""Kyparissia city | Kyparission promontory...Pylos | Koryphasion headland | Mothone""); Crete's south coast (`3.17.03/04/07/08` - ""Description of the south side: Lissos | Tarrha...Phoinix city | Phoinikous harbor""); Mauretania/Numidia/Africa/Cyrenaica (`4.01`-`4.04`,`4.06`-`4.08`, a dozen sections - Icosium, Rusazus, Carthage's own harbor towns, ""In the Pentapolis, Berenike or Hesperides | mouth of the Lathon river""); Anatolia's Aeolis/Lykia/ Pontus coasts (`5.01`-`5.14`, another dozen - ""Patara | Antiphellos | Andriake...Olympos city | Phaselis""); the Levant's own continuation past the Phoenicia fix (`5.16.02` - Kaisareia, Apollonia, Ioppe/Jaffa, Azotos, Askalon, Anthedon, already-`harbor` Gaza/Iamnia ports between them); the Persian Gulf coast of Babylonia/Susiane/Persis (`5.20.05`,`6.02.02`-`6.04.02` - ""this coast is described as follows: the western mouth of the Tigris river...""); and India's own Malabar/Coromandel/Ganges-delta coasts (`7.01`/`7.02`/`7.03`/`7.04`, the largest single cluster - ""(Ariake) of the Pirates. Mandagara..."", ""Maisolia. Mouth of the River Maisolos..."", ""Mouths of the Ganges...""). One candidate, `3.05.14`, was excluded: its own `city` point (""Nördlicher Endpunkt"") is ""the southern limit of Sarmatia at the *sources* of the Tanais river"" - a river-source boundary marker at the opposite end from this section's real coastal points (the Tanais' two mouths), the same shape as the Durius/Anas fixes above, not a coastal gap - left as `city`, worth a closer individual look later if it turns out to need one."
165,4.03.10,force_coastal_section,," A seventeenth-round, catalogue-wide sweep (2026-07-30), prompted by the user pointing out a structural blind spot in every check run so far this session: crossref_topostext.py/category_check.py only ever flag a `city` point when *that point's own* topostext phrase contains a coastal keyword - Sidon, Tyros and Byblos (fixed just above) have none; their own citations are bare names. The signal that they're coastal was never in their own phrase, it was in their *section*: sitting between already-correctly-classified points (a ""-Mündung"" river mouth, a ""Kap"" cape) that do carry a keyword. That's checkable without topostext at all - a section mixing coastal-family points (`coast`/`harbor`/`river_mouth`, keyword- detected from the German name) with plain `city` points, with no sea-word header of its own, is structurally suspicious on its own: Ptolemy's sections are narratively homogeneous (a coastal run OR an inland list, established as this project's whole classification premise), so a section doing both at once is far more likely to be one coastal run some of whose points merely lack their own keyword than a genuine mix.  Found 110 such sections catalogue-wide. Checked every one's full topostext text (not just the `city` points' own phrases) before adding it - looking for either confirming coastal language (promontory/harbor/river mouth/gulf/bay, a run of real coastal place-names) or a contradiction (an inland/interior framing, the same ""in the interior of Galatian Pontos"" shape that correctly ruled out a candidate earlier this session). 109 confirmed straightforwardly - a representative sample across the whole range: Lusitania's own coast continuing past the Durius fix above (Oliosipum/Lisbon, Obila - ""LUSITANIA...the mouth of the river, which flows into the Outer Sea""); the Basque/Catalan coast (`2.06.07`/`.10`/`.14`/`.15`/`.18`/`.19`/`.20` - ""Of the Autrigones: Nerva river mouth | Flaviobriga"", ""Of the Vascones: Oiasso city | Ocasso promontory of the Pyrenees""); Dalmatia (`2.16.02`/`.03`/`.05` - ""Ortopla...mouth of the Titos river...Skardona""); Macedonia and Thessaly (`3.13.05/06/12/14/15/16` - ""In Amphaxitis: Thessalonike | Echedoros river outlet"", ""In Pieria: ...Pydna | Haliakmon river outlet...Dion colonia...Peneios river outlet""); Boiotia and the Lokrians (`3.15.03/09/11` - ""In Boiotia: Aulis | Ismenos river outlet | Salganeus | Anthedon""); Messenia (`3.16.07` - ""Kyparissia city | Kyparission promontory...Pylos | Koryphasion headland | Mothone""); Crete's south coast (`3.17.03/04/07/08` - ""Description of the south side: Lissos | Tarrha...Phoinix city | Phoinikous harbor""); Mauretania/Numidia/Africa/Cyrenaica (`4.01`-`4.04`,`4.06`-`4.08`, a dozen sections - Icosium, Rusazus, Carthage's own harbor towns, ""In the Pentapolis, Berenike or Hesperides | mouth of the Lathon river""); Anatolia's Aeolis/Lykia/ Pontus coasts (`5.01`-`5.14`, another dozen - ""Patara | Antiphellos | Andriake...Olympos city | Phaselis""); the Levant's own continuation past the Phoenicia fix (`5.16.02` - Kaisareia, Apollonia, Ioppe/Jaffa, Azotos, Askalon, Anthedon, already-`harbor` Gaza/Iamnia ports between them); the Persian Gulf coast of Babylonia/Susiane/Persis (`5.20.05`,`6.02.02`-`6.04.02` - ""this coast is described as follows: the western mouth of the Tigris river...""); and India's own Malabar/Coromandel/Ganges-delta coasts (`7.01`/`7.02`/`7.03`/`7.04`, the largest single cluster - ""(Ariake) of the Pirates. Mandagara..."", ""Maisolia. Mouth of the River Maisolos..."", ""Mouths of the Ganges...""). One candidate, `3.05.14`, was excluded: its own `city` point (""Nördlicher Endpunkt"") is ""the southern limit of Sarmatia at the *sources* of the Tanais river"" - a river-source boundary marker at the opposite end from this section's real coastal points (the Tanais' two mouths), the same shape as the Durius/Anas fixes above, not a coastal gap - left as `city`, worth a closer individual look later if it turns out to need one."
111,4.03.11,force_coastal_section,," A seventeenth-round, catalogue-wide sweep (2026-07-30), prompted by the user pointing out a structural blind spot in every check run so far this session: crossref_topostext.py/category_check.py only ever flag a `city` point when *that point's own* topostext phrase contains a coastal keyword - Sidon, Tyros and Byblos (fixed just above) have none; their own citations are bare names. The signal that they're coastal was never in their own phrase, it was in their *section*: sitting between already-correctly-classified points (a ""-Mündung"" river mouth, a ""Kap"" cape) that do carry a keyword. That's checkable without topostext at all - a section mixing coastal-family points (`coast`/`harbor`/`river_mouth`, keyword- detected from the German name) with plain `city` points, with no sea-word header of its own, is structurally suspicious on its own: Ptolemy's sections are narratively homogeneous (a coastal run OR an inland list, established as this project's whole classification premise), so a section doing both at once is far more likely to be one coastal run some of whose points merely lack their own keyword than a genuine mix.  Found 110 such sections catalogue-wide. Checked every one's full topostext text (not just the `city` points' own phrases) before adding it - looking for either confirming coastal language (promontory/harbor/river mouth/gulf/bay, a run of real coastal place-names) or a contradiction (an inland/interior framing, the same ""in the interior of Galatian Pontos"" shape that correctly ruled out a candidate earlier this session). 109 confirmed straightforwardly - a representative sample across the whole range: Lusitania's own coast continuing past the Durius fix above (Oliosipum/Lisbon, Obila - ""LUSITANIA...the mouth of the river, which flows into the Outer Sea""); the Basque/Catalan coast (`2.06.07`/`.10`/`.14`/`.15`/`.18`/`.19`/`.20` - ""Of the Autrigones: Nerva river mouth | Flaviobriga"", ""Of the Vascones: Oiasso city | Ocasso promontory of the Pyrenees""); Dalmatia (`2.16.02`/`.03`/`.05` - ""Ortopla...mouth of the Titos river...Skardona""); Macedonia and Thessaly (`3.13.05/06/12/14/15/16` - ""In Amphaxitis: Thessalonike | Echedoros river outlet"", ""In Pieria: ...Pydna | Haliakmon river outlet...Dion colonia...Peneios river outlet""); Boiotia and the Lokrians (`3.15.03/09/11` - ""In Boiotia: Aulis | Ismenos river outlet | Salganeus | Anthedon""); Messenia (`3.16.07` - ""Kyparissia city | Kyparission promontory...Pylos | Koryphasion headland | Mothone""); Crete's south coast (`3.17.03/04/07/08` - ""Description of the south side: Lissos | Tarrha...Phoinix city | Phoinikous harbor""); Mauretania/Numidia/Africa/Cyrenaica (`4.01`-`4.04`,`4.06`-`4.08`, a dozen sections - Icosium, Rusazus, Carthage's own harbor towns, ""In the Pentapolis, Berenike or Hesperides | mouth of the Lathon river""); Anatolia's Aeolis/Lykia/ Pontus coasts (`5.01`-`5.14`, another dozen - ""Patara | Antiphellos | Andriake...Olympos city | Phaselis""); the Levant's own continuation past the Phoenicia fix (`5.16.02` - Kaisareia, Apollonia, Ioppe/Jaffa, Azotos, Askalon, Anthedon, already-`harbor` Gaza/Iamnia ports between them); the Persian Gulf coast of Babylonia/Susiane/Persis (`5.20.05`,`6.02.02`-`6.04.02` - ""this coast is described as follows: the western mouth of the Tigris river...""); and India's own Malabar/Coromandel/Ganges-delta coasts (`7.01`/`7.02`/`7.03`/`7.04`, the largest single cluster - ""(Ariake) of the Pirates. Mandagara..."", ""Maisolia. Mouth of the River Maisolos..."", ""Mouths of the Ganges...""). One candidate, `3.05.14`, was excluded: its own `city` point (""Nördlicher Endpunkt"") is ""the southern limit of Sarmatia at the *sources* of the Tanais river"" - a river-source boundary marker at the opposite end from this section's real coastal points (the Tanais' two mouths), the same shape as the Durius/Anas fixes above, not a coastal gap - left as `city`, worth a closer individual look later if it turns out to need one."
98,4.03.12,force_coastal_section,,"A wide batch found by the same systematic topostext-disagreement review, each independently confirmed the same way: a plain-named harbor town or headland sitting in `city`, whose section has no sea-word header of its own but whose topostext citation both names it a harbor/port *and* sits in an unbroken run of coastal citations (river mouths, capes, other harbors) either side of it in the same section - the same ""province/tribe name instead of sea name"" header gap already fixed many times this session, just not yet swept outside the regions checked so far: [Africa: a city-at-the-limit/promontory run including Pisidon and Garapha harbors]"
226,4.03.13,force_coastal_section,," A seventeenth-round, catalogue-wide sweep (2026-07-30), prompted by the user pointing out a structural blind spot in every check run so far this session: crossref_topostext.py/category_check.py only ever flag a `city` point when *that point's own* topostext phrase contains a coastal keyword - Sidon, Tyros and Byblos (fixed just above) have none; their own citations are bare names. The signal that they're coastal was never in their own phrase, it was in their *section*: sitting between already-correctly-classified points (a ""-Mündung"" river mouth, a ""Kap"" cape) that do carry a keyword. That's checkable without topostext at all - a section mixing coastal-family points (`coast`/`harbor`/`river_mouth`, keyword- detected from the German name) with plain `city` points, with no sea-word header of its own, is structurally suspicious on its own: Ptolemy's sections are narratively homogeneous (a coastal run OR an inland list, established as this project's whole classification premise), so a section doing both at once is far more likely to be one coastal run some of whose points merely lack their own keyword than a genuine mix.  Found 110 such sections catalogue-wide. Checked every one's full topostext text (not just the `city` points' own phrases) before adding it - looking for either confirming coastal language (promontory/harbor/river mouth/gulf/bay, a run of real coastal place-names) or a contradiction (an inland/interior framing, the same ""in the interior of Galatian Pontos"" shape that correctly ruled out a candidate earlier this session). 109 confirmed straightforwardly - a representative sample across the whole range: Lusitania's own coast continuing past the Durius fix above (Oliosipum/Lisbon, Obila - ""LUSITANIA...the mouth of the river, which flows into the Outer Sea""); the Basque/Catalan coast (`2.06.07`/`.10`/`.14`/`.15`/`.18`/`.19`/`.20` - ""Of the Autrigones: Nerva river mouth | Flaviobriga"", ""Of the Vascones: Oiasso city | Ocasso promontory of the Pyrenees""); Dalmatia (`2.16.02`/`.03`/`.05` - ""Ortopla...mouth of the Titos river...Skardona""); Macedonia and Thessaly (`3.13.05/06/12/14/15/16` - ""In Amphaxitis: Thessalonike | Echedoros river outlet"", ""In Pieria: ...Pydna | Haliakmon river outlet...Dion colonia...Peneios river outlet""); Boiotia and the Lokrians (`3.15.03/09/11` - ""In Boiotia: Aulis | Ismenos river outlet | Salganeus | Anthedon""); Messenia (`3.16.07` - ""Kyparissia city | Kyparission promontory...Pylos | Koryphasion headland | Mothone""); Crete's south coast (`3.17.03/04/07/08` - ""Description of the south side: Lissos | Tarrha...Phoinix city | Phoinikous harbor""); Mauretania/Numidia/Africa/Cyrenaica (`4.01`-`4.04`,`4.06`-`4.08`, a dozen sections - Icosium, Rusazus, Carthage's own harbor towns, ""In the Pentapolis, Berenike or Hesperides | mouth of the Lathon river""); Anatolia's Aeolis/Lykia/ Pontus coasts (`5.01`-`5.14`, another dozen - ""Patara | Antiphellos | Andriake...Olympos city | Phaselis""); the Levant's own continuation past the Phoenicia fix (`5.16.02` - Kaisareia, Apollonia, Ioppe/Jaffa, Azotos, Askalon, Anthedon, already-`harbor` Gaza/Iamnia ports between them); the Persian Gulf coast of Babylonia/Susiane/Persis (`5.20.05`,`6.02.02`-`6.04.02` - ""this coast is described as follows: the western mouth of the Tigris river...""); and India's own Malabar/Coromandel/Ganges-delta coasts (`7.01`/`7.02`/`7.03`/`7.04`, the largest single cluster - ""(Ariake) of the Pirates. Mandagara..."", ""Maisolia. Mouth of the River Maisolos..."", ""Mouths of the Ganges...""). One candidate, `3.05.14`, was excluded: its own `city` point (""Nördlicher Endpunkt"") is ""the southern limit of Sarmatia at the *sources* of the Tanais river"" - a river-source boundary marker at the opposite end from this section's real coastal points (the Tanais' two mouths), the same shape as the Durius/Anas fixes above, not a coastal gap - left as `city`, worth a closer individual look later if it turns out to need one."
222,4.03.14,force_coastal_section,,"Found by the user directly in a rendered map: a visible gap in the North African coast, orange `city` dots sitting where the dark-blue coastline should run, west of Cyrenaica. Section 4.03.14 is headed ""Grosse Syrte"" (the Gulf of Sidra/Great Syrtis) - topostext's own first citation confirms it explicitly: ""Of Syrtis Major: Makomala or Kaloumakouma village"" - but ""Syrte""/""Syrtis"" isn't one of _COASTAL_HDR_RE's recognized German sea-words, so the section defaulted to `city`. The point names confirm it independently: ""Ras Bergavad"" (ras = cape), ""Hippu Akra"" (akra = headland - a second, different point of this exact name already sits correctly `coast` elsewhere in book.map 4.03), and ""Arae Philaenorum"" (the historically-attested altar marking the Africa/Cyrenaica border, on the Gulf of Sidra shore itself). Not broadened into _COASTAL_HDR_RE itself: ""Syrte"" also appears in 4.03.41's own header (""Grosse Syrte | Kleine Syrte""), a section of genuinely inland Tripolitanian cities merely labelled with the region's name, not a coastal walk - broadening the regex would have wrongly swept that in too. 4.03.15 (""Grosse Syrte (Winkel)""), checked at the same time, is a single land-boundary tripoint (""inmost point of the Syrtis by the line running south...to the end point at"") and correctly stays `city`."
31,4.03.44,force_island_section,,"The following five were confirmed against topostext.org/work/209's English translation, which states outright ""the Ebuda islands..."", ""the islands which are near Albion island..."", etc. - independent of our own Modern_location-based guessing. [Hydras/Galata/Drakontios/Aigimoros/Larunesen/Anemussa/Lopadusa/Aithusa - islands along the coast of Africa (topostext: ""Islands along the coast of Africa, which are near the coast: Hydras..."")]"
37,4.03.46,force_island_section,,"The following five were confirmed against topostext.org/work/209's English translation, which states outright ""the Ebuda islands..."", ""the islands which are near Albion island..."", etc. - independent of our own Modern_location-based guessing. [Misynos/Pontia/Gaia - three more islands off Africa]"
255,4.04.03,force_coastal_section,,"A wide batch found by the same systematic topostext-disagreement review, each independently confirmed the same way: a plain-named harbor town or headland sitting in `city`, whose section has no sea-word header of its own but whose topostext citation both names it a harbor/port *and* sits in an unbroken run of coastal citations (river mouths, capes, other harbors) either side of it in the same section - the same ""province/tribe name instead of sea name"" header gap already fixed many times this session, just not yet swept outside the regions checked so far: [Cyrenaica (Syrtis): ""Automalax fort...Drepanon promontory...Diarroia harbor...Tower of Herakles...""]"
122,4.04.04,force_coastal_section,,"Found the same way again, this time by the user directly (asked for a side-by-side table of book.map ""5.05.02""/""5.05.03""/""5.08.02"" to see why they weren't coastal): Kilikia Tracheia's own western coast, between Side (the Eurasian arc's own long-unconfirmed loose end) and Anemurion. Section ""5.05.03"" is headed ""Coast of Kilikia Tracheia"" (topostext §5.5.3) - literally ""coast"", just naming a district instead of a sea. Section ""5.08.02"" is headed ""In Selinitis of Kilikia Tracheia"" (topostext §5.8.2), a sub-district within the same coast - confirmed by §5.8.1's own transition line: ""with the following description: from Syedra, a city of Pamphylia, along the *coast*:"". Longitude rises monotonically the whole way - Side 63.42 -> Korakesion 63.58 -> Syedra 63.83 -> Iotape 64.00 -> Selinus 64.33 -> Antiocheia 64.67 -> Nephelis 64.83 -> Anemurion 65.17 - a real coastal walk, not a coincidence. This closes the Side<->Anemurion gap with genuine data instead of the dashed schematic bridge used since the twenty-eighth round (see static_map.py's own now-removed _ANEMURION bridge logic)."
175,4.04.05,force_coastal_section,,"A wide batch found by the same systematic topostext-disagreement review, each independently confirmed the same way: a plain-named harbor town or headland sitting in `city`, whose section has no sea-word header of its own but whose topostext citation both names it a harbor/port *and* sits in an unbroken run of coastal citations (river mouths, capes, other harbors) either side of it in the same section - the same ""province/tribe name instead of sea name"" header gap already fixed many times this session, just not yet swept outside the regions checked so far: [Cyrenaica: ""Phykous promontory...Apollonia [naval station]...Naustathmon harbor...Zephyrion promontory...""]"
57,4.04.14,force_island_section,,"The following five were confirmed against topostext.org/work/209's English translation, which states outright ""the Ebuda islands..."", ""the islands which are near Albion island..."", etc. - independent of our own Modern_location-based guessing. [Myrmex + Aphrodite-Insel bzw. Laia - the two islands off Cyrenaica (topostext: ""The islands by this country are: Myrmex island...Laia or Aphrodite island"")]"
262,4.05.03,force_coastal_section,,"Found by the systematic topostext-disagreement review (2026-07-30): Marmarica/Cyrenaica's own Mediterranean coast (book.map ""4.05"", sections ""03"" through ""07"") continues directly from section ""02""'s own coastal declaration (""on the north by the Egyptian sea. This seacoast is thus described: In the nomes of Marmarike are: Aziris village..."") without repeating a sea-word header of its own - topostext confirms one continuous run of harbor/promontory/village citations straight through (""Antipyrgos harbor...Big Petras harbor...Panormos harbor...Ainesisphyra harbor...Selinous harbor...Graias Gony, harbor...Gyzis or Zygis harbor...Phoinikos harbor...Leukaspis harbor...""), matching the catalogue's own item order. The ""Kap""-named capes in this stretch were already correctly `coast`; the plain-named harbor towns between them (Antipyrgos, Skythranios, Petra Megale, Panormos, Ainesisphyra, Zygris, Chettaia, Zagylis, Selinus, Graias Gony, Zygis, Leuke Akte, Antiphrai, Leukaspis) fell through to `city` for lack of a keyword of their own."
132,4.05.04,force_coastal_section,,"Found by the systematic topostext-disagreement review (2026-07-30): Marmarica/Cyrenaica's own Mediterranean coast (book.map ""4.05"", sections ""03"" through ""07"") continues directly from section ""02""'s own coastal declaration (""on the north by the Egyptian sea. This seacoast is thus described: In the nomes of Marmarike are: Aziris village..."") without repeating a sea-word header of its own - topostext confirms one continuous run of harbor/promontory/village citations straight through (""Antipyrgos harbor...Big Petras harbor...Panormos harbor...Ainesisphyra harbor...Selinous harbor...Graias Gony, harbor...Gyzis or Zygis harbor...Phoinikos harbor...Leukaspis harbor...""), matching the catalogue's own item order. The ""Kap""-named capes in this stretch were already correctly `coast`; the plain-named harbor towns between them (Antipyrgos, Skythranios, Petra Megale, Panormos, Ainesisphyra, Zygris, Chettaia, Zagylis, Selinus, Graias Gony, Zygis, Leuke Akte, Antiphrai, Leukaspis) fell through to `city` for lack of a keyword of their own."
187,4.05.05,force_coastal_section,,"Found by the systematic topostext-disagreement review (2026-07-30): Marmarica/Cyrenaica's own Mediterranean coast (book.map ""4.05"", sections ""03"" through ""07"") continues directly from section ""02""'s own coastal declaration (""on the north by the Egyptian sea. This seacoast is thus described: In the nomes of Marmarike are: Aziris village..."") without repeating a sea-word header of its own - topostext confirms one continuous run of harbor/promontory/village citations straight through (""Antipyrgos harbor...Big Petras harbor...Panormos harbor...Ainesisphyra harbor...Selinous harbor...Graias Gony, harbor...Gyzis or Zygis harbor...Phoinikos harbor...Leukaspis harbor...""), matching the catalogue's own item order. The ""Kap""-named capes in this stretch were already correctly `coast`; the plain-named harbor towns between them (Antipyrgos, Skythranios, Petra Megale, Panormos, Ainesisphyra, Zygris, Chettaia, Zagylis, Selinus, Graias Gony, Zygis, Leuke Akte, Antiphrai, Leukaspis) fell through to `city` for lack of a keyword of their own."
125,4.05.06,force_coastal_section,,"Found by the systematic topostext-disagreement review (2026-07-30): Marmarica/Cyrenaica's own Mediterranean coast (book.map ""4.05"", sections ""03"" through ""07"") continues directly from section ""02""'s own coastal declaration (""on the north by the Egyptian sea. This seacoast is thus described: In the nomes of Marmarike are: Aziris village..."") without repeating a sea-word header of its own - topostext confirms one continuous run of harbor/promontory/village citations straight through (""Antipyrgos harbor...Big Petras harbor...Panormos harbor...Ainesisphyra harbor...Selinous harbor...Graias Gony, harbor...Gyzis or Zygis harbor...Phoinikos harbor...Leukaspis harbor...""), matching the catalogue's own item order. The ""Kap""-named capes in this stretch were already correctly `coast`; the plain-named harbor towns between them (Antipyrgos, Skythranios, Petra Megale, Panormos, Ainesisphyra, Zygris, Chettaia, Zagylis, Selinus, Graias Gony, Zygis, Leuke Akte, Antiphrai, Leukaspis) fell through to `city` for lack of a keyword of their own."
151,4.05.07,force_coastal_section,,"Found by the systematic topostext-disagreement review (2026-07-30): Marmarica/Cyrenaica's own Mediterranean coast (book.map ""4.05"", sections ""03"" through ""07"") continues directly from section ""02""'s own coastal declaration (""on the north by the Egyptian sea. This seacoast is thus described: In the nomes of Marmarike are: Aziris village..."") without repeating a sea-word header of its own - topostext confirms one continuous run of harbor/promontory/village citations straight through (""Antipyrgos harbor...Big Petras harbor...Panormos harbor...Ainesisphyra harbor...Selinous harbor...Graias Gony, harbor...Gyzis or Zygis harbor...Phoinikos harbor...Leukaspis harbor...""), matching the catalogue's own item order. The ""Kap""-named capes in this stretch were already correctly `coast`; the plain-named harbor towns between them (Antipyrgos, Skythranios, Petra Megale, Panormos, Ainesisphyra, Zygris, Chettaia, Zagylis, Selinus, Graias Gony, Zygis, Leuke Akte, Antiphrai, Leukaspis) fell through to `city` for lack of a keyword of their own."
235,4.05.11,force_coastal_section,,"Found the same way (user-reported ""cities in the water"" on a rendered map): the Kasiotis coast, between the Nile delta and Gaza (book.map ""4.05"", sections ""11""/""12""). Headed ""In Kassiotis"" (a district name, not a sea-word) - topostext (4.5.11/4.5.12) confirms it's a coastal walk regardless: ""Gerron *border*"" (Kasiotis's own end marker), then Kassion (Mt. Kasios, the coastal dune/promontory on the Egypt-Judaea road), the outlet of Lake Sirbonis (already `lake` via _LAKE_RE, unaffected), Ostrakine, Rhinokoroura, ending at Anthedon - the same real place, same coordinates, as Judaea's own ""Anthedon"" (5.16.02.11, the end of that book's own coastal walk - see _ANTHEDON in static_map.py). Left as `city`, this whole stretch fell between Egypt's own coastline (which jumped straight from the Nile delta to the Sinai/Suez turning point) and Judaea's, leaving five real coastal towns stranded north of the rendered shore. Egypt's own ""Anthedon"" citation (4.05.12.06) is a bit-identical duplicate of Judaea's - skipped via _COASTLINE_SKIP_REF_IDS so this section's edges still run straight through to the Grenzpunkt/Zipfel des Arabischen Golfes continuation instead of stopping a point early."
269,4.05.12,force_coastal_section,,"Found the same way (user-reported ""cities in the water"" on a rendered map): the Kasiotis coast, between the Nile delta and Gaza (book.map ""4.05"", sections ""11""/""12""). Headed ""In Kassiotis"" (a district name, not a sea-word) - topostext (4.5.11/4.5.12) confirms it's a coastal walk regardless: ""Gerron *border*"" (Kasiotis's own end marker), then Kassion (Mt. Kasios, the coastal dune/promontory on the Egypt-Judaea road), the outlet of Lake Sirbonis (already `lake` via _LAKE_RE, unaffected), Ostrakine, Rhinokoroura, ending at Anthedon - the same real place, same coordinates, as Judaea's own ""Anthedon"" (5.16.02.11, the end of that book's own coastal walk - see _ANTHEDON in static_map.py). Left as `city`, this whole stretch fell between Egypt's own coastline (which jumped straight from the Nile delta to the Sinai/Suez turning point) and Judaea's, leaving five real coastal towns stranded north of the rendered shore. Egypt's own ""Anthedon"" citation (4.05.12.06) is a bit-identical duplicate of Judaea's - skipped via _COASTLINE_SKIP_REF_IDS so this section's edges still run straight through to the Grenzpunkt/Zipfel des Arabischen Golfes continuation instead of stopping a point early."
140,4.05.14,force_coastal_section,,"The same gap recurs on Egypt's Red Sea coast: section ""13"" is headed ""Arabischer Golf"" (""Arabian Gulf"", the Red Sea) and correctly coastal, but sections ""14"" and ""15"" continue the same walk south without repeating that header - topostext confirms an unbroken run (""above-mentioned inmost point of the gulf...Arsinoe, Klysma castle, Drepanon promontory, Myos hormos, Philoteras harbor, Mt. Aias"" straight into ""Leukos harbor, Mt. Akabe, Nechesia, Mt. Samaragdos, Lepte akra, Berenike, Mt. Pentadaktylon, Bazion promontory"" - the same mountains-ending-at-the-shore shape already established for Mt. Athos/Akrokeraunia, correctly staying coastal here too rather than being reclassified). Arsinoe, Klysma, Myos Hormos and Philoteras (section 14) were sitting in `city`."
198,4.05.15,force_coastal_section,,"The same gap recurs on Egypt's Red Sea coast: section ""13"" is headed ""Arabischer Golf"" (""Arabian Gulf"", the Red Sea) and correctly coastal, but sections ""14"" and ""15"" continue the same walk south without repeating that header - topostext confirms an unbroken run (""above-mentioned inmost point of the gulf...Arsinoe, Klysma castle, Drepanon promontory, Myos hormos, Philoteras harbor, Mt. Aias"" straight into ""Leukos harbor, Mt. Akabe, Nechesia, Mt. Samaragdos, Lepte akra, Berenike, Mt. Pentadaktylon, Bazion promontory"" - the same mountains-ending-at-the-shore shape already established for Mt. Athos/Akrokeraunia, correctly staying coastal here too rather than being reclassified). Arsinoe, Klysma, Myos Hormos and Philoteras (section 14) were sitting in `city`."
45,4.05.75,force_island_section,,"Found by the systematic topostext-disagreement review (2026-07-30): the *other* Ionian islands, each cited once (not a coastal walk of any single one, so no _ISLAND_LINE_GROUPS entry - just the ""list of several different islands"" shape _ISLAND_APPENDIX_SECTIONS exists for). Section ""12"": Kephallenia (""Kephallenia island, with a city of the same name...its northernmost promontory"" / ""the southern promontory"" - both capes stay `island` too, the same as Corfu's own capes above), Erikusa, Skopelos, Leukas (""Leukas island""). Section ""13"": Echinaden (""the Echinades islands""), Ithake (""in which a city of that name""), Lotoa (""Letoa island""), Zakynthos (""in which a city of the same name""). All were sitting in `city`. [Aedonis/Tyndarische Klippen/Ainesippa/Phokussai/Pedonia - small islands/reefs off the Marmarica coast, Egypt]"
35,4.05.77,force_island_section,,"The following five were confirmed against topostext.org/work/209's English translation, which states outright ""the Ebuda islands..."", ""the islands which are near Albion island..."", etc. - independent of our own Modern_location-based guessing. [Saspeirene/Aphrodite-Insel/Agathon-Insel - the islands in the Arabian bay (topostext: ""In the Arabian bay are these islands: Sappeirene..."")]"
189,4.06.05,force_coastal_section,,"Found the same way again, this time by the user directly (asked for a side-by-side table of book.map ""5.05.02""/""5.05.03""/""5.08.02"" to see why they weren't coastal): Kilikia Tracheia's own western coast, between Side (the Eurasian arc's own long-unconfirmed loose end) and Anemurion. Section ""5.05.03"" is headed ""Coast of Kilikia Tracheia"" (topostext §5.5.3) - literally ""coast"", just naming a district instead of a sea. Section ""5.08.02"" is headed ""In Selinitis of Kilikia Tracheia"" (topostext §5.8.2), a sub-district within the same coast - confirmed by §5.8.1's own transition line: ""with the following description: from Syedra, a city of Pamphylia, along the *coast*:"". Longitude rises monotonically the whole way - Side 63.42 -> Korakesion 63.58 -> Syedra 63.83 -> Iotape 64.00 -> Selinus 64.33 -> Antiocheia 64.67 -> Nephelis 64.83 -> Anemurion 65.17 - a real coastal walk, not a coincidence. This closes the Side<->Anemurion gap with genuine data instead of the dashed schematic bridge used since the twenty-eighth round (see static_map.py's own now-removed _ANEMURION bridge logic)."
277,4.06.06,force_coastal_section,,"Found the same way again, this time by the user directly (asked for a side-by-side table of book.map ""5.05.02""/""5.05.03""/""5.08.02"" to see why they weren't coastal): Kilikia Tracheia's own western coast, between Side (the Eurasian arc's own long-unconfirmed loose end) and Anemurion. Section ""5.05.03"" is headed ""Coast of Kilikia Tracheia"" (topostext §5.5.3) - literally ""coast"", just naming a district instead of a sea. Section ""5.08.02"" is headed ""In Selinitis of Kilikia Tracheia"" (topostext §5.8.2), a sub-district within the same coast - confirmed by §5.8.1's own transition line: ""with the following description: from Syedra, a city of Pamphylia, along the *coast*:"". Longitude rises monotonically the whole way - Side 63.42 -> Korakesion 63.58 -> Syedra 63.83 -> Iotape 64.00 -> Selinus 64.33 -> Antiocheia 64.67 -> Nephelis 64.83 -> Anemurion 65.17 - a real coastal walk, not a coincidence. This closes the Side<->Anemurion gap with genuine data instead of the dashed schematic bridge used since the twenty-eighth round (see static_map.py's own now-removed _ANEMURION bridge logic)."
25,4.06.33,force_island_section,,"The following five were confirmed against topostext.org/work/209's English translation, which states outright ""the Ebuda islands..."", ""the islands which are near Albion island..."", etc. - independent of our own Modern_location-based guessing. [Kerne + Hera-/Autolala-Insel - islands off Libya in the Western Ocean]"
203,4.07.05,force_coastal_section,,"Found by an independent second pass: building a standalone category guess purely from topostext's own wording (category_check.py, no access to the catalogue's category, name, or any exception list) and comparing it to the catalogue's category surfaced a few more instances of the same gap the batch above missed: [Barbaria/Cape Guardafui coast: ""Bazion promontory...Chersonesos...Deep harbor...Dioskoroi harbor...Lookout of Demeter promontory""]"
117,4.07.07,force_coastal_section,,"Found the same way again, this time by the user directly (asked for a side-by-side table of book.map ""5.05.02""/""5.05.03""/""5.08.02"" to see why they weren't coastal): Kilikia Tracheia's own western coast, between Side (the Eurasian arc's own long-unconfirmed loose end) and Anemurion. Section ""5.05.03"" is headed ""Coast of Kilikia Tracheia"" (topostext §5.5.3) - literally ""coast"", just naming a district instead of a sea. Section ""5.08.02"" is headed ""In Selinitis of Kilikia Tracheia"" (topostext §5.8.2), a sub-district within the same coast - confirmed by §5.8.1's own transition line: ""with the following description: from Syedra, a city of Pamphylia, along the *coast*:"". Longitude rises monotonically the whole way - Side 63.42 -> Korakesion 63.58 -> Syedra 63.83 -> Iotape 64.00 -> Selinus 64.33 -> Antiocheia 64.67 -> Nephelis 64.83 -> Anemurion 65.17 - a real coastal walk, not a coincidence. This closes the Side<->Anemurion gap with genuine data instead of the dashed schematic bridge used since the twenty-eighth round (see static_map.py's own now-removed _ANEMURION bridge logic)."
250,4.07.12,force_coastal_section,,"Found the same way again, this time by the user directly (asked for a side-by-side table of book.map ""5.05.02""/""5.05.03""/""5.08.02"" to see why they weren't coastal): Kilikia Tracheia's own western coast, between Side (the Eurasian arc's own long-unconfirmed loose end) and Anemurion. Section ""5.05.03"" is headed ""Coast of Kilikia Tracheia"" (topostext §5.5.3) - literally ""coast"", just naming a district instead of a sea. Section ""5.08.02"" is headed ""In Selinitis of Kilikia Tracheia"" (topostext §5.8.2), a sub-district within the same coast - confirmed by §5.8.1's own transition line: ""with the following description: from Syedra, a city of Pamphylia, along the *coast*:"". Longitude rises monotonically the whole way - Side 63.42 -> Korakesion 63.58 -> Syedra 63.83 -> Iotape 64.00 -> Selinus 64.33 -> Antiocheia 64.67 -> Nephelis 64.83 -> Anemurion 65.17 - a real coastal walk, not a coincidence. This closes the Side<->Anemurion gap with genuine data instead of the dashed schematic bridge used since the twenty-eighth round (see static_map.py's own now-removed _ANEMURION bridge logic)."
52,4.07.36,force_island_section,,"The following five were confirmed against topostext.org/work/209's English translation, which states outright ""the Ebuda islands..."", ""the islands which are near Albion island..."", etc. - independent of our own Modern_location-based guessing. [Astarte/Altar der Athene/Gypsites/Myron (+ already-island Gomadeon) - islands ""near Ethiopia below Egypt in the Arabian Gulf"". Four of these (33-36) had been wrongly strung onto the end of coastline_025_AF04 by the coastline graph, the same spurious-tail pattern as Paena/Erythia earlier - reclassifying correctly truncates that coastline back to its real endpoint, Kap Bazion (4.07.28.06)]"
6,4.07.37,force_island_section,,"The following five were confirmed against topostext.org/work/209's English translation, which states outright ""the Ebuda islands..."", ""the islands which are near Albion island..."", etc. - independent of our own Modern_location-based guessing. [Thrisitides/Magon/Daphnine/Akanthine/Makaria/Orneon (+ already-island Kathathrai/Chelonitides) - more of the same Arabian Gulf island list, continuing 4.07.36]"
1,4.07.39,force_island_section,,"The following five were confirmed against topostext.org/work/209's English translation, which states outright ""the Ebuda islands..."", ""the islands which are near Albion island..."", etc. - independent of our own Modern_location-based guessing. [Mondu - the island in the Bay of Avalites]"
5,4.07.40,force_island_section,,"The following five were confirmed against topostext.org/work/209's English translation, which states outright ""the Ebuda islands..."", ""the islands which are near Albion island..."", etc. - independent of our own Modern_location-based guessing. [Amiku/Myrsiake (+ already-island Menan) - the islands next to Aromata]"
156,4.08.02,force_coastal_section,,"Found the same way again, this time by the user directly (asked for a side-by-side table of book.map ""5.05.02""/""5.05.03""/""5.08.02"" to see why they weren't coastal): Kilikia Tracheia's own western coast, between Side (the Eurasian arc's own long-unconfirmed loose end) and Anemurion. Section ""5.05.03"" is headed ""Coast of Kilikia Tracheia"" (topostext §5.5.3) - literally ""coast"", just naming a district instead of a sea. Section ""5.08.02"" is headed ""In Selinitis of Kilikia Tracheia"" (topostext §5.8.2), a sub-district within the same coast - confirmed by §5.8.1's own transition line: ""with the following description: from Syedra, a city of Pamphylia, along the *coast*:"". Longitude rises monotonically the whole way - Side 63.42 -> Korakesion 63.58 -> Syedra 63.83 -> Iotape 64.00 -> Selinus 64.33 -> Antiocheia 64.67 -> Nephelis 64.83 -> Anemurion 65.17 - a real coastal walk, not a coincidence. This closes the Side<->Anemurion gap with genuine data instead of the dashed schematic bridge used since the twenty-eighth round (see static_map.py's own now-removed _ANEMURION bridge logic)."
206,5.01.02,force_coastal_section,,"The root cause behind all three Black Sea fixes above, generalized: `_COASTAL_HDR_RE` only recognizes *German* sea words (""Meer""/""Golf""/ ""Ozean""/...), but this catalogue routinely heads a Pontic-region section with the *Greek* proper noun instead (""Pontos Euxeinos"", ""Propontis"", ""Kimmerischer Bosporos"") - which never matches. Reported by the user as points ""hopping and dancing"" around the Black Sea, Bosphorus and Thrace/Bithynia - not a classification problem exactly (each point's own coordinate was always right), but a *connectivity* one: with real waypoints along the shore sitting in `city` instead of `coast`, the graph had nothing to connect but the few points that did happen to match some other keyword, forcing long, geographically senseless edges between them instead of the short, orderly hops a complete coastal walk would draw. Checked every section headed by a Greek Pontic sea-name across the whole catalogue (via a regex on the header text) and triaged each one individually - most were already fine (either already `coast`, or genuinely inland, like `5.06.09`- `11`'s ""Pontos"" *province* name, Amaseia and neighbours, nowhere near the shore) or too low-impact/uncertain to act on without further verification (single boundary-point sections). These sections had a real, topostext-confirmed gap: [Bithynia's Bosphorus-mouth coast - Chalkedon (Kadıköy) and Trarion]"
182,5.01.03,force_coastal_section,,"Bithynia's own coast (book.map ""5.01""): section ""03"" (Astakos, Olbia, Nikomedeia, on the Gulf of Astakos/Izmit) sits directly between two promontory citations (section ""02""'s Akritas cape, section ""04""'s Posideion cape) with no sea-header of its own - a bay indentation in the same shape as Arabia's Adulitic Bay detour, not the genuinely inland cities of section ""13"" (which topostext itself introduces as ""The following are the inland cities"" - correctly left as `city`, not added here)."
247,5.01.04,force_coastal_section,,"The root cause behind all three Black Sea fixes above, generalized: `_COASTAL_HDR_RE` only recognizes *German* sea words (""Meer""/""Golf""/ ""Ozean""/...), but this catalogue routinely heads a Pontic-region section with the *Greek* proper noun instead (""Pontos Euxeinos"", ""Propontis"", ""Kimmerischer Bosporos"") - which never matches. Reported by the user as points ""hopping and dancing"" around the Black Sea, Bosphorus and Thrace/Bithynia - not a classification problem exactly (each point's own coordinate was always right), but a *connectivity* one: with real waypoints along the shore sitting in `city` instead of `coast`, the graph had nothing to connect but the few points that did happen to match some other keyword, forcing long, geographically senseless edges between them instead of the short, orderly hops a complete coastal walk would draw. Checked every section headed by a Greek Pontic sea-name across the whole catalogue (via a regex on the header text) and triaged each one individually - most were already fine (either already `coast`, or genuinely inland, like `5.06.09`- `11`'s ""Pontos"" *province* name, Amaseia and neighbours, nowhere near the shore) or too low-impact/uncertain to act on without further verification (single boundary-point sections). These sections had a real, topostext-confirmed gap: [Bithynia's coast continuing past the Gulf of Astakos - Prusias (Modern_location: Gemlik) and Apameia (Modern_location: Mudanya), both real Marmara Sea ports; Askania-See stays `lake` regardless (matched by _LAKE_RE before the section-level fallback ever gets a turn)]"
239,5.01.05,force_coastal_section,,"The root cause behind all three Black Sea fixes above, generalized: `_COASTAL_HDR_RE` only recognizes *German* sea words (""Meer""/""Golf""/ ""Ozean""/...), but this catalogue routinely heads a Pontic-region section with the *Greek* proper noun instead (""Pontos Euxeinos"", ""Propontis"", ""Kimmerischer Bosporos"") - which never matches. Reported by the user as points ""hopping and dancing"" around the Black Sea, Bosphorus and Thrace/Bithynia - not a classification problem exactly (each point's own coordinate was always right), but a *connectivity* one: with real waypoints along the shore sitting in `city` instead of `coast`, the graph had nothing to connect but the few points that did happen to match some other keyword, forcing long, geographically senseless edges between them instead of the short, orderly hops a complete coastal walk would draw. Checked every section headed by a Greek Pontic sea-name across the whole catalogue (via a regex on the header text) and triaged each one individually - most were already fine (either already `coast`, or genuinely inland, like `5.06.09`- `11`'s ""Pontos"" *province* name, Amaseia and neighbours, nowhere near the shore) or too low-impact/uncertain to act on without further verification (single boundary-point sections). These sections had a real, topostext-confirmed gap: [Bithynia's own coast continuing east - Artake (topostext: ""Artake kome"")]"
192,5.01.06,force_coastal_section,,"Found the same way again, this time by the user directly (asked for a side-by-side table of book.map ""5.05.02""/""5.05.03""/""5.08.02"" to see why they weren't coastal): Kilikia Tracheia's own western coast, between Side (the Eurasian arc's own long-unconfirmed loose end) and Anemurion. Section ""5.05.03"" is headed ""Coast of Kilikia Tracheia"" (topostext §5.5.3) - literally ""coast"", just naming a district instead of a sea. Section ""5.08.02"" is headed ""In Selinitis of Kilikia Tracheia"" (topostext §5.8.2), a sub-district within the same coast - confirmed by §5.8.1's own transition line: ""with the following description: from Syedra, a city of Pamphylia, along the *coast*:"". Longitude rises monotonically the whole way - Side 63.42 -> Korakesion 63.58 -> Syedra 63.83 -> Iotape 64.00 -> Selinus 64.33 -> Antiocheia 64.67 -> Nephelis 64.83 -> Anemurion 65.17 - a real coastal walk, not a coincidence. This closes the Side<->Anemurion gap with genuine data instead of the dashed schematic bridge used since the twenty-eighth round (see static_map.py's own now-removed _ANEMURION bridge logic)."
205,5.01.07,force_coastal_section,,"Found the same way again, this time by the user directly (asked for a side-by-side table of book.map ""5.05.02""/""5.05.03""/""5.08.02"" to see why they weren't coastal): Kilikia Tracheia's own western coast, between Side (the Eurasian arc's own long-unconfirmed loose end) and Anemurion. Section ""5.05.03"" is headed ""Coast of Kilikia Tracheia"" (topostext §5.5.3) - literally ""coast"", just naming a district instead of a sea. Section ""5.08.02"" is headed ""In Selinitis of Kilikia Tracheia"" (topostext §5.8.2), a sub-district within the same coast - confirmed by §5.8.1's own transition line: ""with the following description: from Syedra, a city of Pamphylia, along the *coast*:"". Longitude rises monotonically the whole way - Side 63.42 -> Korakesion 63.58 -> Syedra 63.83 -> Iotape 64.00 -> Selinus 64.33 -> Antiocheia 64.67 -> Nephelis 64.83 -> Anemurion 65.17 - a real coastal walk, not a coincidence. This closes the Side<->Anemurion gap with genuine data instead of the dashed schematic bridge used since the twenty-eighth round (see static_map.py's own now-removed _ANEMURION bridge logic)."
70,5.01.10,force_mountain_section,,"The mountain-side counterpart of _ISLAND_APPENDIX_SECTIONS: a section that's purely a *list* of named mountains/peaks, each cited by its own proper name with no ""-Gebirge""/""-berg"" suffix of its own to catch by keyword (""Of the named mountains the center of Bertiskos lies at...Mt. Bermion...Mt. Olympos..."", ""Mountains in the Peloponnese Pholoe...and Stymphalos..."") - the same ""no shared pattern to regex on, so it has to be an explicit allow-list"" reasoning as the island appendix. Confirmed by topostext's own section headers; more such sections likely exist elsewhere in the catalogue, not yet found because their books haven't been cross-referenced yet. [Orminios/Mysischer Olymp - Bithynia's named mountains]"
27,5.01.15,force_island_section,,"The following five were confirmed against topostext.org/work/209's English translation, which states outright ""the Ebuda islands..."", ""the islands which are near Albion island..."", etc. - independent of our own Modern_location-based guessing. [Thynias bzw. Daphnusa/Klippen Erythinoi (+ already-island Kyaneen) - islands off Bithynia]"
119,5.02.02,force_coastal_section,,"The root cause behind all three Black Sea fixes above, generalized: `_COASTAL_HDR_RE` only recognizes *German* sea words (""Meer""/""Golf""/ ""Ozean""/...), but this catalogue routinely heads a Pontic-region section with the *Greek* proper noun instead (""Pontos Euxeinos"", ""Propontis"", ""Kimmerischer Bosporos"") - which never matches. Reported by the user as points ""hopping and dancing"" around the Black Sea, Bosphorus and Thrace/Bithynia - not a classification problem exactly (each point's own coordinate was always right), but a *connectivity* one: with real waypoints along the shore sitting in `city` instead of `coast`, the graph had nothing to connect but the few points that did happen to match some other keyword, forcing long, geographically senseless edges between them instead of the short, orderly hops a complete coastal walk would draw. Checked every section headed by a Greek Pontic sea-name across the whole catalogue (via a regex on the header text) and triaged each one individually - most were already fine (either already `coast`, or genuinely inland, like `5.06.09`- `11`'s ""Pontos"" *province* name, Amaseia and neighbours, nowhere near the shore) or too low-impact/uncertain to act on without further verification (single boundary-point sections). These sections had a real, topostext-confirmed gap: [Mysia/Troad's Propontis coast (topostext: ""In the Propontis...Kyzikos...Parion..."") - two more well-attested ancient ports]"
85,5.02.03,force_coastal_section,,"Found by the systematic catalogue-wide header scan (2026-07-30): the Troad's own Hellespont shore (book.map ""5.02"" section ""03"") is the same ""Hellespont"" (Greek, not `_COASTAL_HDR_RE`'s German sea words) gap as the Thracian Chersonese case above, just on the opposite shore of the strait - topostext confirms a clean coastal run: ""on the Hellespont: Abydos / mouth of the Simoeis river / Dardanon / mouth of the Skamander river / Sigeion promontory"". Abydos and Dardanon were sitting in `city`; the two river mouths and Kap Sigeion were already correctly `river_mouth`/`coast` via their own name keywords."
204,5.02.05,force_coastal_section,,"Found the same way again, this time by the user directly (asked for a side-by-side table of book.map ""5.05.02""/""5.05.03""/""5.08.02"" to see why they weren't coastal): Kilikia Tracheia's own western coast, between Side (the Eurasian arc's own long-unconfirmed loose end) and Anemurion. Section ""5.05.03"" is headed ""Coast of Kilikia Tracheia"" (topostext §5.5.3) - literally ""coast"", just naming a district instead of a sea. Section ""5.08.02"" is headed ""In Selinitis of Kilikia Tracheia"" (topostext §5.8.2), a sub-district within the same coast - confirmed by §5.8.1's own transition line: ""with the following description: from Syedra, a city of Pamphylia, along the *coast*:"". Longitude rises monotonically the whole way - Side 63.42 -> Korakesion 63.58 -> Syedra 63.83 -> Iotape 64.00 -> Selinus 64.33 -> Antiocheia 64.67 -> Nephelis 64.83 -> Anemurion 65.17 - a real coastal walk, not a coincidence. This closes the Side<->Anemurion gap with genuine data instead of the dashed schematic bridge used since the twenty-eighth round (see static_map.py's own now-removed _ANEMURION bridge logic)."
100,5.02.06,force_coastal_section,,"Found by an independent second pass: building a standalone category guess purely from topostext's own wording (category_check.py, no access to the catalogue's category, name, or any exception list) and comparing it to the catalogue's category surfaced a few more instances of the same gap the batch above missed: [Aiolis' own coast: ""Kaine promontory...Elaia...Myrina...Hydra promontory...Kyme...Phokaia...mouth of the Hermos river""]"
209,5.02.08,force_coastal_section,,"Found the same way again, this time by the user directly (asked for a side-by-side table of book.map ""5.05.02""/""5.05.03""/""5.08.02"" to see why they weren't coastal): Kilikia Tracheia's own western coast, between Side (the Eurasian arc's own long-unconfirmed loose end) and Anemurion. Section ""5.05.03"" is headed ""Coast of Kilikia Tracheia"" (topostext §5.5.3) - literally ""coast"", just naming a district instead of a sea. Section ""5.08.02"" is headed ""In Selinitis of Kilikia Tracheia"" (topostext §5.8.2), a sub-district within the same coast - confirmed by §5.8.1's own transition line: ""with the following description: from Syedra, a city of Pamphylia, along the *coast*:"". Longitude rises monotonically the whole way - Side 63.42 -> Korakesion 63.58 -> Syedra 63.83 -> Iotape 64.00 -> Selinus 64.33 -> Antiocheia 64.67 -> Nephelis 64.83 -> Anemurion 65.17 - a real coastal walk, not a coincidence. This closes the Side<->Anemurion gap with genuine data instead of the dashed schematic bridge used since the twenty-eighth round (see static_map.py's own now-removed _ANEMURION bridge logic)."
101,5.02.10,force_coastal_section,,"Found by an independent second pass: building a standalone category guess purely from topostext's own wording (category_check.py, no access to the catalogue's category, name, or any exception list) and comparing it to the catalogue's category surfaced a few more instances of the same gap the batch above missed: [Doris/Caria: ""Skopia promontory...Halikarnassos...Keramos...Knidos city and promontory""]"
71,5.02.13,force_mountain_section,,"The mountain-side counterpart of _ISLAND_APPENDIX_SECTIONS: a section that's purely a *list* of named mountains/peaks, each cited by its own proper name with no ""-Gebirge""/""-berg"" suffix of its own to catch by keyword (""Of the named mountains the center of Bertiskos lies at...Mt. Bermion...Mt. Olympos..."", ""Mountains in the Peloponnese Pholoe...and Stymphalos..."") - the same ""no shared pattern to regex on, so it has to be an explicit allow-list"" reasoning as the island appendix. Confirmed by topostext's own section headers; more such sections likely exist elsewhere in the catalogue, not yet found because their books haven't been cross-referenced yet. [Ida/Killaion/Temnon/Dindymos(W-Ende)/Sipylos/Tmolos/Mesogis/Mykale/Kadmos/Mimas/Phoinix - ""the named mountains in Asia"" (topostext: ""These are the named mountains in Asia, of which the central points are: Mt. Ida..."")]"
16,5.02.29,force_island_section,,"Found by the systematic topostext-disagreement review (2026-07-30): the *other* Ionian islands, each cited once (not a coastal walk of any single one, so no _ISLAND_LINE_GROUPS entry - just the ""list of several different islands"" shape _ISLAND_APPENDIX_SECTIONS exists for). Section ""12"": Kephallenia (""Kephallenia island, with a city of the same name...its northernmost promontory"" / ""the southern promontory"" - both capes stay `island` too, the same as Corfu's own capes above), Erikusa, Skopelos, Leukas (""Leukas island""). Section ""13"": Echinaden (""the Echinades islands""), Ithake (""in which a city of that name""), Lotoa (""Letoa island""), Zakynthos (""in which a city of the same name""). All were sitting in `city`. [Kap Sigrion/Pyrra/Eresos/Mytilene/Methymna/Antissa - Lesbos]"
286,5.02.29,island_line_group,Lesbos,"_ISLAND_APPENDIX_SECTIONS covers two structurally different things: a section that's one island's own detailed coastal walk (Corfu's section ""11"" - Kassiope, Ptychia, Korkyra, then three capes in catalogue order around the shore), and a section that's a *list* of several different islands (the Cyclades' section ""28"" - Ios, Polyaigos, Therasia, Delos... are seven different islands, not seven points on one island's coast). Connecting every point in an island-appendix section into one line would be right for the former and draw a nonsensical inter-island line for the latter - and gap size alone can't tell them apart, the same way it couldn't for loop-closing (see _NO_CLOSE_LOOP_TRAILS): Corfu's own capes sit 0.3-0.8 degrees apart, but so do plenty of *different* Cycladic islands in Ptolemy's own compressed coordinates. So island lines are opt-in, not automatic: only sections manually confirmed to be one island's own coastal walk are listed here, mapped to that island's name so sections describing the *same* island (Euboea's coast is told across three consecutive sections) merge into a single line. Everything else stays plotted as individual, unconnected island points."
54,5.02.30,force_island_section,,"Found by the systematic topostext-disagreement review (2026-07-30): the *other* Ionian islands, each cited once (not a coastal walk of any single one, so no _ISLAND_LINE_GROUPS entry - just the ""list of several different islands"" shape _ISLAND_APPENDIX_SECTIONS exists for). Section ""12"": Kephallenia (""Kephallenia island, with a city of the same name...its northernmost promontory"" / ""the southern promontory"" - both capes stay `island` too, the same as Corfu's own capes above), Erikusa, Skopelos, Leukas (""Leukas island""). Section ""13"": Echinaden (""the Echinades islands""), Ithake (""in which a city of that name""), Lotoa (""Letoa island""), Zakynthos (""in which a city of the same name""). All were sitting in `city`. [Ikaria + Kap Histoi/Chios/Kap Phanaia/Samos/Kap Ampelos - Ikaria/Chios/Samos (+ a 2nd ""Myndos"" citation)]"
8,5.02.31,force_island_section,,"Found by the systematic topostext-disagreement review (2026-07-30): the *other* Ionian islands, each cited once (not a coastal walk of any single one, so no _ISLAND_LINE_GROUPS entry - just the ""list of several different islands"" shape _ISLAND_APPENDIX_SECTIONS exists for). Section ""12"": Kephallenia (""Kephallenia island, with a city of the same name...its northernmost promontory"" / ""the southern promontory"" - both capes stay `island` too, the same as Corfu's own capes above), Erikusa, Skopelos, Leukas (""Leukas island""). Section ""13"": Echinaden (""the Echinades islands""), Ithake (""in which a city of that name""), Lotoa (""Letoa island""), Zakynthos (""in which a city of the same name""). All were sitting in `city`. [Arkesine/Kos/Astypalaia (Cyclades/Dodecanese)]"
43,5.02.32,force_island_section,,"Found by the systematic topostext-disagreement review (2026-07-30): the *other* Ionian islands, each cited once (not a coastal walk of any single one, so no _ISLAND_LINE_GROUPS entry - just the ""list of several different islands"" shape _ISLAND_APPENDIX_SECTIONS exists for). Section ""12"": Kephallenia (""Kephallenia island, with a city of the same name...its northernmost promontory"" / ""the southern promontory"" - both capes stay `island` too, the same as Corfu's own capes above), Erikusa, Skopelos, Leukas (""Leukas island""). Section ""13"": Echinaden (""the Echinades islands""), Ithake (""in which a city of that name""), Lotoa (""Letoa island""), Zakynthos (""in which a city of the same name""). All were sitting in `city`. [Syme/Kasos (Dodecanese)]"
56,5.02.33,force_island_section,,"Found by the systematic topostext-disagreement review (2026-07-30): the *other* Ionian islands, each cited once (not a coastal walk of any single one, so no _ISLAND_LINE_GROUPS entry - just the ""list of several different islands"" shape _ISLAND_APPENDIX_SECTIONS exists for). Section ""12"": Kephallenia (""Kephallenia island, with a city of the same name...its northernmost promontory"" / ""the southern promontory"" - both capes stay `island` too, the same as Corfu's own capes above), Erikusa, Skopelos, Leukas (""Leukas island""). Section ""13"": Echinaden (""the Echinades islands""), Ithake (""in which a city of that name""), Lotoa (""Letoa island""), Zakynthos (""in which a city of the same name""). All were sitting in `city`. [Kap Thoanteion/Kap Ephialtion/Potidaion - Karpathos]"
287,5.02.33,island_line_group,Karpathos,"_ISLAND_APPENDIX_SECTIONS covers two structurally different things: a section that's one island's own detailed coastal walk (Corfu's section ""11"" - Kassiope, Ptychia, Korkyra, then three capes in catalogue order around the shore), and a section that's a *list* of several different islands (the Cyclades' section ""28"" - Ios, Polyaigos, Therasia, Delos... are seven different islands, not seven points on one island's coast). Connecting every point in an island-appendix section into one line would be right for the former and draw a nonsensical inter-island line for the latter - and gap size alone can't tell them apart, the same way it couldn't for loop-closing (see _NO_CLOSE_LOOP_TRAILS): Corfu's own capes sit 0.3-0.8 degrees apart, but so do plenty of *different* Cycladic islands in Ptolemy's own compressed coordinates. So island lines are opt-in, not automatic: only sections manually confirmed to be one island's own coastal walk are listed here, mapped to that island's name so sections describing the *same* island (Euboea's coast is told across three consecutive sections) merge into a single line. Everything else stays plotted as individual, unconnected island points."
41,5.02.34,force_island_section,,"Found by the systematic topostext-disagreement review (2026-07-30): the *other* Ionian islands, each cited once (not a coastal walk of any single one, so no _ISLAND_LINE_GROUPS entry - just the ""list of several different islands"" shape _ISLAND_APPENDIX_SECTIONS exists for). Section ""12"": Kephallenia (""Kephallenia island, with a city of the same name...its northernmost promontory"" / ""the southern promontory"" - both capes stay `island` too, the same as Corfu's own capes above), Erikusa, Skopelos, Leukas (""Leukas island""). Section ""13"": Echinaden (""the Echinades islands""), Ithake (""in which a city of that name""), Lotoa (""Letoa island""), Zakynthos (""in which a city of the same name""). All were sitting in `city`. [Kap des Pan/Kameiros/Lindos/Rhodos/Ielyssos - Rhodes]"
288,5.02.34,island_line_group,Rhodes,"_ISLAND_APPENDIX_SECTIONS covers two structurally different things: a section that's one island's own detailed coastal walk (Corfu's section ""11"" - Kassiope, Ptychia, Korkyra, then three capes in catalogue order around the shore), and a section that's a *list* of several different islands (the Cyclades' section ""28"" - Ios, Polyaigos, Therasia, Delos... are seven different islands, not seven points on one island's coast). Connecting every point in an island-appendix section into one line would be right for the former and draw a nonsensical inter-island line for the latter - and gap size alone can't tell them apart, the same way it couldn't for loop-closing (see _NO_CLOSE_LOOP_TRAILS): Corfu's own capes sit 0.3-0.8 degrees apart, but so do plenty of *different* Cycladic islands in Ptolemy's own compressed coordinates. So island lines are opt-in, not automatic: only sections manually confirmed to be one island's own coastal walk are listed here, mapped to that island's name so sections describing the *same* island (Euboea's coast is told across three consecutive sections) merge into a single line. Everything else stays plotted as individual, unconnected island points."
253,5.03.02,force_coastal_section,,"Found the same way again, this time by the user directly (asked for a side-by-side table of book.map ""5.05.02""/""5.05.03""/""5.08.02"" to see why they weren't coastal): Kilikia Tracheia's own western coast, between Side (the Eurasian arc's own long-unconfirmed loose end) and Anemurion. Section ""5.05.03"" is headed ""Coast of Kilikia Tracheia"" (topostext §5.5.3) - literally ""coast"", just naming a district instead of a sea. Section ""5.08.02"" is headed ""In Selinitis of Kilikia Tracheia"" (topostext §5.8.2), a sub-district within the same coast - confirmed by §5.8.1's own transition line: ""with the following description: from Syedra, a city of Pamphylia, along the *coast*:"". Longitude rises monotonically the whole way - Side 63.42 -> Korakesion 63.58 -> Syedra 63.83 -> Iotape 64.00 -> Selinus 64.33 -> Antiocheia 64.67 -> Nephelis 64.83 -> Anemurion 65.17 - a real coastal walk, not a coincidence. This closes the Side<->Anemurion gap with genuine data instead of the dashed schematic bridge used since the twenty-eighth round (see static_map.py's own now-removed _ANEMURION bridge logic)."
178,5.03.03,force_coastal_section,,"Found the same way again, this time by the user directly (asked for a side-by-side table of book.map ""5.05.02""/""5.05.03""/""5.08.02"" to see why they weren't coastal): Kilikia Tracheia's own western coast, between Side (the Eurasian arc's own long-unconfirmed loose end) and Anemurion. Section ""5.05.03"" is headed ""Coast of Kilikia Tracheia"" (topostext §5.5.3) - literally ""coast"", just naming a district instead of a sea. Section ""5.08.02"" is headed ""In Selinitis of Kilikia Tracheia"" (topostext §5.8.2), a sub-district within the same coast - confirmed by §5.8.1's own transition line: ""with the following description: from Syedra, a city of Pamphylia, along the *coast*:"". Longitude rises monotonically the whole way - Side 63.42 -> Korakesion 63.58 -> Syedra 63.83 -> Iotape 64.00 -> Selinus 64.33 -> Antiocheia 64.67 -> Nephelis 64.83 -> Anemurion 65.17 - a real coastal walk, not a coincidence. This closes the Side<->Anemurion gap with genuine data instead of the dashed schematic bridge used since the twenty-eighth round (see static_map.py's own now-removed _ANEMURION bridge logic)."
72,5.03.04,force_mountain_section,,"The mountain-side counterpart of _ISLAND_APPENDIX_SECTIONS: a section that's purely a *list* of named mountains/peaks, each cited by its own proper name with no ""-Gebirge""/""-berg"" suffix of its own to catch by keyword (""Of the named mountains the center of Bertiskos lies at...Mt. Bermion...Mt. Olympos..."", ""Mountains in the Peloponnese Pholoe...and Stymphalos..."") - the same ""no shared pattern to regex on, so it has to be an explicit allow-list"" reasoning as the island appendix. Confirmed by topostext's own section headers; more such sections likely exist elsewhere in the catalogue, not yet found because their books haven't been cross-referenced yet. [Kragos - Lykia's named mountain]"
180,5.04.02,force_coastal_section,,"Same pattern, found the same way (user-reported gap in a rendered map), on the Black Sea: Paphlagonia/Pontus's own coast (book.map ""5.04"") is headed by ""Pontos Euxeinos"" (Greek for ""Black Sea"") only once, at the very start of the book.map (section ""01"") - every section actually enumerating the coast is headed by a place name instead (""Kytoros"", section ""02""'s own header), so almost every plain-named point fell through to `city`, including two of antiquity's best-known Black Sea ports, Sinope and Amisos (Sinop/Samsun today). The real cape ""Kap Karambis"" and the two river mouths already caught via `_MOUTH_RE` were the only survivors."
139,5.04.03,force_coastal_section,,"Same pattern, found the same way (user-reported gap in a rendered map), on the Black Sea: Paphlagonia/Pontus's own coast (book.map ""5.04"") is headed by ""Pontos Euxeinos"" (Greek for ""Black Sea"") only once, at the very start of the book.map (section ""01"") - every section actually enumerating the coast is headed by a place name instead (""Kytoros"", section ""02""'s own header), so almost every plain-named point fell through to `city`, including two of antiquity's best-known Black Sea ports, Sinope and Amisos (Sinop/Samsun today). The real cape ""Kap Karambis"" and the two river mouths already caught via `_MOUTH_RE` were the only survivors."
69,5.04.04,force_mountain_section,,"The mountain-side counterpart of _ISLAND_APPENDIX_SECTIONS: a section that's purely a *list* of named mountains/peaks, each cited by its own proper name with no ""-Gebirge""/""-berg"" suffix of its own to catch by keyword (""Of the named mountains the center of Bertiskos lies at...Mt. Bermion...Mt. Olympos..."", ""Mountains in the Peloponnese Pholoe...and Stymphalos..."") - the same ""no shared pattern to regex on, so it has to be an explicit allow-list"" reasoning as the island appendix. Confirmed by topostext's own section headers; more such sections likely exist elsewhere in the catalogue, not yet found because their books haven't been cross-referenced yet. [Oligas(Gigas)/Dindymos(O-Ende)/Huegel von Kelainai - Galatia's named mountains, including Dindymos' other end (see 5.02.13 above - same range, re-cited across the book.map boundary)]"
157,5.05.02,force_coastal_section,,"Found the same way again, this time by the user directly (asked for a side-by-side table of book.map ""5.05.02""/""5.05.03""/""5.08.02"" to see why they weren't coastal): Kilikia Tracheia's own western coast, between Side (the Eurasian arc's own long-unconfirmed loose end) and Anemurion. Section ""5.05.03"" is headed ""Coast of Kilikia Tracheia"" (topostext §5.5.3) - literally ""coast"", just naming a district instead of a sea. Section ""5.08.02"" is headed ""In Selinitis of Kilikia Tracheia"" (topostext §5.8.2), a sub-district within the same coast - confirmed by §5.8.1's own transition line: ""with the following description: from Syedra, a city of Pamphylia, along the *coast*:"". Longitude rises monotonically the whole way - Side 63.42 -> Korakesion 63.58 -> Syedra 63.83 -> Iotape 64.00 -> Selinus 64.33 -> Antiocheia 64.67 -> Nephelis 64.83 -> Anemurion 65.17 - a real coastal walk, not a coincidence. This closes the Side<->Anemurion gap with genuine data instead of the dashed schematic bridge used since the twenty-eighth round (see static_map.py's own now-removed _ANEMURION bridge logic)."
118,5.05.03,force_coastal_section,,"Found the same way again, this time by the user directly (asked for a side-by-side table of book.map ""5.05.02""/""5.05.03""/""5.08.02"" to see why they weren't coastal): Kilikia Tracheia's own western coast, between Side (the Eurasian arc's own long-unconfirmed loose end) and Anemurion. Section ""5.05.03"" is headed ""Coast of Kilikia Tracheia"" (topostext §5.5.3) - literally ""coast"", just naming a district instead of a sea. Section ""5.08.02"" is headed ""In Selinitis of Kilikia Tracheia"" (topostext §5.8.2), a sub-district within the same coast - confirmed by §5.8.1's own transition line: ""with the following description: from Syedra, a city of Pamphylia, along the *coast*:"". Longitude rises monotonically the whole way - Side 63.42 -> Korakesion 63.58 -> Syedra 63.83 -> Iotape 64.00 -> Selinus 64.33 -> Antiocheia 64.67 -> Nephelis 64.83 -> Anemurion 65.17 - a real coastal walk, not a coincidence. This closes the Side<->Anemurion gap with genuine data instead of the dashed schematic bridge used since the twenty-eighth round (see static_map.py's own now-removed _ANEMURION bridge logic)."
55,5.05.10,force_island_section,,"The following five were confirmed against topostext.org/work/209's English translation, which states outright ""the Ebuda islands..."", ""the islands which are near Albion island..."", etc. - independent of our own Modern_location-based guessing. [Krambusa/Attelebusa - the two islands lying off Pamphylia]"
216,5.06.02,force_coastal_section,,"Found the same way again, this time by the user directly (asked for a side-by-side table of book.map ""5.05.02""/""5.05.03""/""5.08.02"" to see why they weren't coastal): Kilikia Tracheia's own western coast, between Side (the Eurasian arc's own long-unconfirmed loose end) and Anemurion. Section ""5.05.03"" is headed ""Coast of Kilikia Tracheia"" (topostext §5.5.3) - literally ""coast"", just naming a district instead of a sea. Section ""5.08.02"" is headed ""In Selinitis of Kilikia Tracheia"" (topostext §5.8.2), a sub-district within the same coast - confirmed by §5.8.1's own transition line: ""with the following description: from Syedra, a city of Pamphylia, along the *coast*:"". Longitude rises monotonically the whole way - Side 63.42 -> Korakesion 63.58 -> Syedra 63.83 -> Iotape 64.00 -> Selinus 64.33 -> Antiocheia 64.67 -> Nephelis 64.83 -> Anemurion 65.17 - a real coastal walk, not a coincidence. This closes the Side<->Anemurion gap with genuine data instead of the dashed schematic bridge used since the twenty-eighth round (see static_map.py's own now-removed _ANEMURION bridge logic)."
190,5.06.03,force_coastal_section,,"The root cause behind all three Black Sea fixes above, generalized: `_COASTAL_HDR_RE` only recognizes *German* sea words (""Meer""/""Golf""/ ""Ozean""/...), but this catalogue routinely heads a Pontic-region section with the *Greek* proper noun instead (""Pontos Euxeinos"", ""Propontis"", ""Kimmerischer Bosporos"") - which never matches. Reported by the user as points ""hopping and dancing"" around the Black Sea, Bosphorus and Thrace/Bithynia - not a classification problem exactly (each point's own coordinate was always right), but a *connectivity* one: with real waypoints along the shore sitting in `city` instead of `coast`, the graph had nothing to connect but the few points that did happen to match some other keyword, forcing long, geographically senseless edges between them instead of the short, orderly hops a complete coastal walk would draw. Checked every section headed by a Greek Pontic sea-name across the whole catalogue (via a regex on the header text) and triaged each one individually - most were already fine (either already `coast`, or genuinely inland, like `5.06.09`- `11`'s ""Pontos"" *province* name, Amaseia and neighbours, nowhere near the shore) or too low-impact/uncertain to act on without further verification (single boundary-point sections). These sections had a real, topostext-confirmed gap: [Pontus Galaticus' coast (topostext: ""...the plain by Phanagoria: Themiskyra..."") - legendary home of the Amazons, a real coastal city]"
251,5.06.04,force_coastal_section,,"The root cause behind all three Black Sea fixes above, generalized: `_COASTAL_HDR_RE` only recognizes *German* sea words (""Meer""/""Golf""/ ""Ozean""/...), but this catalogue routinely heads a Pontic-region section with the *Greek* proper noun instead (""Pontos Euxeinos"", ""Propontis"", ""Kimmerischer Bosporos"") - which never matches. Reported by the user as points ""hopping and dancing"" around the Black Sea, Bosphorus and Thrace/Bithynia - not a classification problem exactly (each point's own coordinate was always right), but a *connectivity* one: with real waypoints along the shore sitting in `city` instead of `coast`, the graph had nothing to connect but the few points that did happen to match some other keyword, forcing long, geographically senseless edges between them instead of the short, orderly hops a complete coastal walk would draw. Checked every section headed by a Greek Pontic sea-name across the whole catalogue (via a regex on the header text) and triaged each one individually - most were already fine (either already `coast`, or genuinely inland, like `5.06.09`- `11`'s ""Pontos"" *province* name, Amaseia and neighbours, nowhere near the shore) or too low-impact/uncertain to act on without further verification (single boundary-point sections). These sections had a real, topostext-confirmed gap: [Pontus Polemoniacus' coast (topostext: ""Of Polemonian Pontos..."") - Polemonion and neighbours]"
86,5.06.05,force_coastal_section,,"The root cause behind all three Black Sea fixes above, generalized: `_COASTAL_HDR_RE` only recognizes *German* sea words (""Meer""/""Golf""/ ""Ozean""/...), but this catalogue routinely heads a Pontic-region section with the *Greek* proper noun instead (""Pontos Euxeinos"", ""Propontis"", ""Kimmerischer Bosporos"") - which never matches. Reported by the user as points ""hopping and dancing"" around the Black Sea, Bosphorus and Thrace/Bithynia - not a classification problem exactly (each point's own coordinate was always right), but a *connectivity* one: with real waypoints along the shore sitting in `city` instead of `coast`, the graph had nothing to connect but the few points that did happen to match some other keyword, forcing long, geographically senseless edges between them instead of the short, orderly hops a complete coastal walk would draw. Checked every section headed by a Greek Pontic sea-name across the whole catalogue (via a regex on the header text) and triaged each one individually - most were already fine (either already `coast`, or genuinely inland, like `5.06.09`- `11`'s ""Pontos"" *province* name, Amaseia and neighbours, nowhere near the shore) or too low-impact/uncertain to act on without further verification (single boundary-point sections). These sections had a real, topostext-confirmed gap: [Pontus Cappadocicus' coast (topostext: ""...near Sidene: Ischopolis..."") - Kerasous/Giresun, Pharnakia, on the way to Trapezous/Trebizond]"
197,5.06.06,force_coastal_section,,"A wide batch found by the same systematic topostext-disagreement review, each independently confirmed the same way: a plain-named harbor town or headland sitting in `city`, whose section has no sea-word header of its own but whose topostext citation both names it a harbor/port *and* sits in an unbroken run of coastal citations (river mouths, capes, other harbors) either side of it in the same section - the same ""province/tribe name instead of sea name"" header gap already fixed many times this session, just not yet swept outside the regions checked so far: [Pontus (Kissian coast): ""Opious...Rizous harbor...Athenon promontory...""]"
217,5.06.07,force_coastal_section,,"Found the same way again, this time by the user directly (asked for a side-by-side table of book.map ""5.05.02""/""5.05.03""/""5.08.02"" to see why they weren't coastal): Kilikia Tracheia's own western coast, between Side (the Eurasian arc's own long-unconfirmed loose end) and Anemurion. Section ""5.05.03"" is headed ""Coast of Kilikia Tracheia"" (topostext §5.5.3) - literally ""coast"", just naming a district instead of a sea. Section ""5.08.02"" is headed ""In Selinitis of Kilikia Tracheia"" (topostext §5.8.2), a sub-district within the same coast - confirmed by §5.8.1's own transition line: ""with the following description: from Syedra, a city of Pamphylia, along the *coast*:"". Longitude rises monotonically the whole way - Side 63.42 -> Korakesion 63.58 -> Syedra 63.83 -> Iotape 64.00 -> Selinus 64.33 -> Antiocheia 64.67 -> Nephelis 64.83 -> Anemurion 65.17 - a real coastal walk, not a coincidence. This closes the Side<->Anemurion gap with genuine data instead of the dashed schematic bridge used since the twenty-eighth round (see static_map.py's own now-removed _ANEMURION bridge logic)."
169,5.08.02,force_coastal_section,,"Found the same way again, this time by the user directly (asked for a side-by-side table of book.map ""5.05.02""/""5.05.03""/""5.08.02"" to see why they weren't coastal): Kilikia Tracheia's own western coast, between Side (the Eurasian arc's own long-unconfirmed loose end) and Anemurion. Section ""5.05.03"" is headed ""Coast of Kilikia Tracheia"" (topostext §5.5.3) - literally ""coast"", just naming a district instead of a sea. Section ""5.08.02"" is headed ""In Selinitis of Kilikia Tracheia"" (topostext §5.8.2), a sub-district within the same coast - confirmed by §5.8.1's own transition line: ""with the following description: from Syedra, a city of Pamphylia, along the *coast*:"". Longitude rises monotonically the whole way - Side 63.42 -> Korakesion 63.58 -> Syedra 63.83 -> Iotape 64.00 -> Selinus 64.33 -> Antiocheia 64.67 -> Nephelis 64.83 -> Anemurion 65.17 - a real coastal walk, not a coincidence. This closes the Side<->Anemurion gap with genuine data instead of the dashed schematic bridge used since the twenty-eighth round (see static_map.py's own now-removed _ANEMURION bridge logic)."
272,5.08.03,force_coastal_section,,"Found the same way again, this time by the user directly (asked for a side-by-side table of book.map ""5.05.02""/""5.05.03""/""5.08.02"" to see why they weren't coastal): Kilikia Tracheia's own western coast, between Side (the Eurasian arc's own long-unconfirmed loose end) and Anemurion. Section ""5.05.03"" is headed ""Coast of Kilikia Tracheia"" (topostext §5.5.3) - literally ""coast"", just naming a district instead of a sea. Section ""5.08.02"" is headed ""In Selinitis of Kilikia Tracheia"" (topostext §5.8.2), a sub-district within the same coast - confirmed by §5.8.1's own transition line: ""with the following description: from Syedra, a city of Pamphylia, along the *coast*:"". Longitude rises monotonically the whole way - Side 63.42 -> Korakesion 63.58 -> Syedra 63.83 -> Iotape 64.00 -> Selinus 64.33 -> Antiocheia 64.67 -> Nephelis 64.83 -> Anemurion 65.17 - a real coastal walk, not a coincidence. This closes the Side<->Anemurion gap with genuine data instead of the dashed schematic bridge used since the twenty-eighth round (see static_map.py's own now-removed _ANEMURION bridge logic)."
147,5.08.04,force_coastal_section,,"Found the same way again, this time by the user directly (asked for a side-by-side table of book.map ""5.05.02""/""5.05.03""/""5.08.02"" to see why they weren't coastal): Kilikia Tracheia's own western coast, between Side (the Eurasian arc's own long-unconfirmed loose end) and Anemurion. Section ""5.05.03"" is headed ""Coast of Kilikia Tracheia"" (topostext §5.5.3) - literally ""coast"", just naming a district instead of a sea. Section ""5.08.02"" is headed ""In Selinitis of Kilikia Tracheia"" (topostext §5.8.2), a sub-district within the same coast - confirmed by §5.8.1's own transition line: ""with the following description: from Syedra, a city of Pamphylia, along the *coast*:"". Longitude rises monotonically the whole way - Side 63.42 -> Korakesion 63.58 -> Syedra 63.83 -> Iotape 64.00 -> Selinus 64.33 -> Antiocheia 64.67 -> Nephelis 64.83 -> Anemurion 65.17 - a real coastal walk, not a coincidence. This closes the Side<->Anemurion gap with genuine data instead of the dashed schematic bridge used since the twenty-eighth round (see static_map.py's own now-removed _ANEMURION bridge logic)."
252,5.09.02,force_coastal_section,,"Sarmatia-in-Asia's own coast (book.map ""5.09"", the Sea of Azov/Kerch strait/NE Black Sea shore down to the Colchis border) - previously documented below (see the Coverage section of the README) as ""confirmed, not fixed"" for lack of an override mechanism at the time; fixed now that one exists. Real Bosporan-kingdom port towns (Phanagoria, Hermonassa, Sindikos - topostext explicitly calls the latter a ""harbor"") were sitting in `city` between coast/river_mouth points precisely because most of this coastal walk's own points never individually matched a keyword and the section headers are Greek place/tribe names, not `_COASTAL_HDR_RE`'s German sea words."
223,5.09.03,force_coastal_section,,"Sarmatia-in-Asia's own coast (book.map ""5.09"", the Sea of Azov/Kerch strait/NE Black Sea shore down to the Colchis border) - previously documented below (see the Coverage section of the README) as ""confirmed, not fixed"" for lack of an override mechanism at the time; fixed now that one exists. Real Bosporan-kingdom port towns (Phanagoria, Hermonassa, Sindikos - topostext explicitly calls the latter a ""harbor"") were sitting in `city` between coast/river_mouth points precisely because most of this coastal walk's own points never individually matched a keyword and the section headers are Greek place/tribe names, not `_COASTAL_HDR_RE`'s German sea words."
84,5.09.04,force_coastal_section,,"Sarmatia-in-Asia's own coast (book.map ""5.09"", the Sea of Azov/Kerch strait/NE Black Sea shore down to the Colchis border) - previously documented below (see the Coverage section of the README) as ""confirmed, not fixed"" for lack of an override mechanism at the time; fixed now that one exists. Real Bosporan-kingdom port towns (Phanagoria, Hermonassa, Sindikos - topostext explicitly calls the latter a ""harbor"") were sitting in `city` between coast/river_mouth points precisely because most of this coastal walk's own points never individually matched a keyword and the section headers are Greek place/tribe names, not `_COASTAL_HDR_RE`'s German sea words."
129,5.09.05,force_coastal_section,,"Sarmatia-in-Asia's own coast (book.map ""5.09"", the Sea of Azov/Kerch strait/NE Black Sea shore down to the Colchis border) - previously documented below (see the Coverage section of the README) as ""confirmed, not fixed"" for lack of an override mechanism at the time; fixed now that one exists. Real Bosporan-kingdom port towns (Phanagoria, Hermonassa, Sindikos - topostext explicitly calls the latter a ""harbor"") were sitting in `city` between coast/river_mouth points precisely because most of this coastal walk's own points never individually matched a keyword and the section headers are Greek place/tribe names, not `_COASTAL_HDR_RE`'s German sea words."
236,5.09.06,force_coastal_section,,"Sarmatia-in-Asia's own coast (book.map ""5.09"", the Sea of Azov/Kerch strait/NE Black Sea shore down to the Colchis border) - previously documented below (see the Coverage section of the README) as ""confirmed, not fixed"" for lack of an override mechanism at the time; fixed now that one exists. Real Bosporan-kingdom port towns (Phanagoria, Hermonassa, Sindikos - topostext explicitly calls the latter a ""harbor"") were sitting in `city` between coast/river_mouth points precisely because most of this coastal walk's own points never individually matched a keyword and the section headers are Greek place/tribe names, not `_COASTAL_HDR_RE`'s German sea words."
135,5.09.08,force_coastal_section,,"Sarmatia-in-Asia's own coast (book.map ""5.09"", the Sea of Azov/Kerch strait/NE Black Sea shore down to the Colchis border) - previously documented below (see the Coverage section of the README) as ""confirmed, not fixed"" for lack of an override mechanism at the time; fixed now that one exists. Real Bosporan-kingdom port towns (Phanagoria, Hermonassa, Sindikos - topostext explicitly calls the latter a ""harbor"") were sitting in `city` between coast/river_mouth points precisely because most of this coastal walk's own points never individually matched a keyword and the section headers are Greek place/tribe names, not `_COASTAL_HDR_RE`'s German sea words."
224,5.09.09,force_coastal_section,,"Sarmatia-in-Asia's own coast (book.map ""5.09"", the Sea of Azov/Kerch strait/NE Black Sea shore down to the Colchis border) - previously documented below (see the Coverage section of the README) as ""confirmed, not fixed"" for lack of an override mechanism at the time; fixed now that one exists. Real Bosporan-kingdom port towns (Phanagoria, Hermonassa, Sindikos - topostext explicitly calls the latter a ""harbor"") were sitting in `city` between coast/river_mouth points precisely because most of this coastal walk's own points never individually matched a keyword and the section headers are Greek place/tribe names, not `_COASTAL_HDR_RE`'s German sea words."
237,5.09.10,force_coastal_section,,"Sarmatia-in-Asia's own coast (book.map ""5.09"", the Sea of Azov/Kerch strait/NE Black Sea shore down to the Colchis border) - previously documented below (see the Coverage section of the README) as ""confirmed, not fixed"" for lack of an override mechanism at the time; fixed now that one exists. Real Bosporan-kingdom port towns (Phanagoria, Hermonassa, Sindikos - topostext explicitly calls the latter a ""harbor"") were sitting in `city` between coast/river_mouth points precisely because most of this coastal walk's own points never individually matched a keyword and the section headers are Greek place/tribe names, not `_COASTAL_HDR_RE`'s German sea words."
64,5.09.11,force_noncoastal_section,,"Found in the same edge-by-edge Black Sea sweep as the newest _COASTAL_APPENDIX_SECTIONS entries, but the opposite problem: section ""5.09.11""'s own header happens to include ""Hyrkanisches Meer"" (the Caspian) as the far end of a *boundary-line* description (""Thence it extends along Iberia, with the Sarmatian Gates...thence along Albania to the limit on the Hyrkanian sea"" - topostext) - Sarmatia-in-Asia's inland border with Iberia/Albania, not a continuation of its Black Sea coast, which topostext explicitly ends one section earlier (""The limit on the side of Kolchis is at"", 5.09.10 - left alone, correctly coastal). ""Sarmatische Pforten"" (the Sarmatian/Caucasian Gates, a mountain pass) had been swept into `coast` by the header match and strung onto the real coastline via catalogue-order adjacency, a spurious ~2 degree detour east from the Kolchis boundary point that had nothing to do with the shore."
215,5.10.02,force_coastal_section,,"Found the same way again, this time by the user directly (asked for a side-by-side table of book.map ""5.05.02""/""5.05.03""/""5.08.02"" to see why they weren't coastal): Kilikia Tracheia's own western coast, between Side (the Eurasian arc's own long-unconfirmed loose end) and Anemurion. Section ""5.05.03"" is headed ""Coast of Kilikia Tracheia"" (topostext §5.5.3) - literally ""coast"", just naming a district instead of a sea. Section ""5.08.02"" is headed ""In Selinitis of Kilikia Tracheia"" (topostext §5.8.2), a sub-district within the same coast - confirmed by §5.8.1's own transition line: ""with the following description: from Syedra, a city of Pamphylia, along the *coast*:"". Longitude rises monotonically the whole way - Side 63.42 -> Korakesion 63.58 -> Syedra 63.83 -> Iotape 64.00 -> Selinus 64.33 -> Antiocheia 64.67 -> Nephelis 64.83 -> Anemurion 65.17 - a real coastal walk, not a coincidence. This closes the Side<->Anemurion gap with genuine data instead of the dashed schematic bridge used since the twenty-eighth round (see static_map.py's own now-removed _ANEMURION bridge logic)."
114,5.12.02,force_coastal_section,,"Found the same way again, this time by the user directly (asked for a side-by-side table of book.map ""5.05.02""/""5.05.03""/""5.08.02"" to see why they weren't coastal): Kilikia Tracheia's own western coast, between Side (the Eurasian arc's own long-unconfirmed loose end) and Anemurion. Section ""5.05.03"" is headed ""Coast of Kilikia Tracheia"" (topostext §5.5.3) - literally ""coast"", just naming a district instead of a sea. Section ""5.08.02"" is headed ""In Selinitis of Kilikia Tracheia"" (topostext §5.8.2), a sub-district within the same coast - confirmed by §5.8.1's own transition line: ""with the following description: from Syedra, a city of Pamphylia, along the *coast*:"". Longitude rises monotonically the whole way - Side 63.42 -> Korakesion 63.58 -> Syedra 63.83 -> Iotape 64.00 -> Selinus 64.33 -> Antiocheia 64.67 -> Nephelis 64.83 -> Anemurion 65.17 - a real coastal walk, not a coincidence. This closes the Side<->Anemurion gap with genuine data instead of the dashed schematic bridge used since the twenty-eighth round (see static_map.py's own now-removed _ANEMURION bridge logic)."
74,5.13.05,force_mountain_section,,"The mountain-side counterpart of _ISLAND_APPENDIX_SECTIONS: a section that's purely a *list* of named mountains/peaks, each cited by its own proper name with no ""-Gebirge""/""-berg"" suffix of its own to catch by keyword (""Of the named mountains the center of Bertiskos lies at...Mt. Bermion...Mt. Olympos..."", ""Mountains in the Peloponnese Pholoe...and Stymphalos..."") - the same ""no shared pattern to regex on, so it has to be an explicit allow-list"" reasoning as the island appendix. Confirmed by topostext's own section headers; more such sections likely exist elsewhere in the catalogue, not yet found because their books haven't been cross-referenced yet. [Paryardes(NW/SO-Ende)/Udakespes(Mitte)/Anti-Tauros in Gross-Armenien(Mitte)/Abos(Mitte)/Gordyaische Berge(Mitte) - Greater Armenia's named mountains (topostext: ""The named mountains of Armenia are the Moschika...and Paryardes...and the Oudakespes mountain...and the part of Antitauros...and the so-called Abos mountain...and the Gordyaia mountains..."")]"
120,5.14.04,force_coastal_section,,"Found the same way again, this time by the user directly (asked for a side-by-side table of book.map ""5.05.02""/""5.05.03""/""5.08.02"" to see why they weren't coastal): Kilikia Tracheia's own western coast, between Side (the Eurasian arc's own long-unconfirmed loose end) and Anemurion. Section ""5.05.03"" is headed ""Coast of Kilikia Tracheia"" (topostext §5.5.3) - literally ""coast"", just naming a district instead of a sea. Section ""5.08.02"" is headed ""In Selinitis of Kilikia Tracheia"" (topostext §5.8.2), a sub-district within the same coast - confirmed by §5.8.1's own transition line: ""with the following description: from Syedra, a city of Pamphylia, along the *coast*:"". Longitude rises monotonically the whole way - Side 63.42 -> Korakesion 63.58 -> Syedra 63.83 -> Iotape 64.00 -> Selinus 64.33 -> Antiocheia 64.67 -> Nephelis 64.83 -> Anemurion 65.17 - a real coastal walk, not a coincidence. This closes the Side<->Anemurion gap with genuine data instead of the dashed schematic bridge used since the twenty-eighth round (see static_map.py's own now-removed _ANEMURION bridge logic)."
62,5.14.07,force_island_section,,"The following five were confirmed against topostext.org/work/209's English translation, which states outright ""the Ebuda islands..."", ""the islands which are near Albion island..."", etc. - independent of our own Modern_location-based guessing. [Kleiden/Karpasische Inseln - the two island groups off Cyprus's own coast (topostext: ""The islands on its coast are those called Cleides..."" then ""the Karpasian islands"") - ""Karpasische Inseln"" already matched `_ISLAND_RE` on its own name (""Inseln""), but ""Kleiden"" (Cleides), a bare proper name, fell through to `city`]"
227,5.15.03,force_coastal_section,,"The Levant's own coast (book.map ""5.15"", Syria/Phoenicia/Palestine): found by the user noticing Sidon, Tyros and Byblos plotting inland in a rendered map (""real coastal cities... doesn't topostext give context that these sit along the water?""). Section ""02"" is headed ""Syrisches Meer"" and correctly coastal (Alexandreia bei Issos, Myriandros, Rhosos...), but sections ""03"" through ""05"" continue the same walk without repeating that header - topostext confirms one unbroken run: ""mouth of the Orontes river...Poseidion...Herakleia... Laodikeia...Gabala...Paltos...Balaneai"" straight into ""Phoinike: mouth of Eleutheros river...Simyra...Orthosia...Tripolis...Theou prosopon promontory...Botrys...Byblos...mouth of the Adonis river"" straight into ""Berytos...mouth of the Leon river...Sidon...Tyros... Ekdippa...Ptolemais...Sykaminon...Karmelos mountain...Dora...mouth of the Chorseos river"" - matching the catalogue's own item order exactly. Section ""06"" resumes with Judaea's own inland boundary description (Grenzpunkt entries, correctly `city`) - the gap is cleanly bounded to these three sections."
91,5.15.04,force_coastal_section,,"The Levant's own coast (book.map ""5.15"", Syria/Phoenicia/Palestine): found by the user noticing Sidon, Tyros and Byblos plotting inland in a rendered map (""real coastal cities... doesn't topostext give context that these sit along the water?""). Section ""02"" is headed ""Syrisches Meer"" and correctly coastal (Alexandreia bei Issos, Myriandros, Rhosos...), but sections ""03"" through ""05"" continue the same walk without repeating that header - topostext confirms one unbroken run: ""mouth of the Orontes river...Poseidion...Herakleia... Laodikeia...Gabala...Paltos...Balaneai"" straight into ""Phoinike: mouth of Eleutheros river...Simyra...Orthosia...Tripolis...Theou prosopon promontory...Botrys...Byblos...mouth of the Adonis river"" straight into ""Berytos...mouth of the Leon river...Sidon...Tyros... Ekdippa...Ptolemais...Sykaminon...Karmelos mountain...Dora...mouth of the Chorseos river"" - matching the catalogue's own item order exactly. Section ""06"" resumes with Judaea's own inland boundary description (Grenzpunkt entries, correctly `city`) - the gap is cleanly bounded to these three sections."
137,5.15.05,force_coastal_section,,"The Levant's own coast (book.map ""5.15"", Syria/Phoenicia/Palestine): found by the user noticing Sidon, Tyros and Byblos plotting inland in a rendered map (""real coastal cities... doesn't topostext give context that these sit along the water?""). Section ""02"" is headed ""Syrisches Meer"" and correctly coastal (Alexandreia bei Issos, Myriandros, Rhosos...), but sections ""03"" through ""05"" continue the same walk without repeating that header - topostext confirms one unbroken run: ""mouth of the Orontes river...Poseidion...Herakleia... Laodikeia...Gabala...Paltos...Balaneai"" straight into ""Phoinike: mouth of Eleutheros river...Simyra...Orthosia...Tripolis...Theou prosopon promontory...Botrys...Byblos...mouth of the Adonis river"" straight into ""Berytos...mouth of the Leon river...Sidon...Tyros... Ekdippa...Ptolemais...Sykaminon...Karmelos mountain...Dora...mouth of the Chorseos river"" - matching the catalogue's own item order exactly. Section ""06"" resumes with Judaea's own inland boundary description (Grenzpunkt entries, correctly `city`) - the gap is cleanly bounded to these three sections."
77,5.15.08,force_mountain_section,,"The mountain-side counterpart of _ISLAND_APPENDIX_SECTIONS: a section that's purely a *list* of named mountains/peaks, each cited by its own proper name with no ""-Gebirge""/""-berg"" suffix of its own to catch by keyword (""Of the named mountains the center of Bertiskos lies at...Mt. Bermion...Mt. Olympos..."", ""Mountains in the Peloponnese Pholoe...and Stymphalos..."") - the same ""no shared pattern to regex on, so it has to be an explicit allow-list"" reasoning as the island appendix. Confirmed by topostext's own section headers; more such sections likely exist elsewhere in the catalogue, not yet found because their books haven't been cross-referenced yet. [Pieria(Mitte)/Kassios(Mitte)/Libanos(W/O-Ende)/Antilibanos(W/O-Ende)/Alsadamos(Mitte)/Hippos(Mitte) - Syria's named mountains (topostext: ""The noteworthy mountains in Syria are Pieria mountain, midpoint...and Kassios mountain...and Libanos...and Antilibanos...and beside Arabia Deserta Mt. Alsadamos...Near Judaia Mt. Hippos..."")]"
32,5.15.27,force_island_section,,"The following five were confirmed against topostext.org/work/209's English translation, which states outright ""the Ebuda islands..."", ""the islands which are near Albion island..."", etc. - independent of our own Modern_location-based guessing. [Arados/Tyros - the islands off Syria (topostext: ""Islands off Syria: Arados...and Tyros just offshore"") - this ""Tyros"" is the offshore islet citation, distinct from the mainland coastal city of the same name already catalogued at 5.15.05]"
136,5.16.02,force_coastal_section,,"Found the same way again, this time by the user directly (asked for a side-by-side table of book.map ""5.05.02""/""5.05.03""/""5.08.02"" to see why they weren't coastal): Kilikia Tracheia's own western coast, between Side (the Eurasian arc's own long-unconfirmed loose end) and Anemurion. Section ""5.05.03"" is headed ""Coast of Kilikia Tracheia"" (topostext §5.5.3) - literally ""coast"", just naming a district instead of a sea. Section ""5.08.02"" is headed ""In Selinitis of Kilikia Tracheia"" (topostext §5.8.2), a sub-district within the same coast - confirmed by §5.8.1's own transition line: ""with the following description: from Syedra, a city of Pamphylia, along the *coast*:"". Longitude rises monotonically the whole way - Side 63.42 -> Korakesion 63.58 -> Syedra 63.83 -> Iotape 64.00 -> Selinus 64.33 -> Antiocheia 64.67 -> Nephelis 64.83 -> Anemurion 65.17 - a real coastal walk, not a coincidence. This closes the Side<->Anemurion gap with genuine data instead of the dashed schematic bridge used since the twenty-eighth round (see static_map.py's own now-removed _ANEMURION bridge logic)."
78,5.18.02,force_mountain_section,,"The mountain-side counterpart of _ISLAND_APPENDIX_SECTIONS: a section that's purely a *list* of named mountains/peaks, each cited by its own proper name with no ""-Gebirge""/""-berg"" suffix of its own to catch by keyword (""Of the named mountains the center of Bertiskos lies at...Mt. Bermion...Mt. Olympos..."", ""Mountains in the Peloponnese Pholoe...and Stymphalos..."") - the same ""no shared pattern to regex on, so it has to be an explicit allow-list"" reasoning as the island appendix. Confirmed by topostext's own section headers; more such sections likely exist elsewhere in the catalogue, not yet found because their books haven't been cross-referenced yet. [Masion(Mitte)/Singaras - Mesopotamia's named mountains (topostext: ""The named mountains in Mesopotamia are Masion mountain, midpoint...and Singaras"")]"
80,5.20.05,force_coastal_section,,"Found the same way again, this time by the user directly (asked for a side-by-side table of book.map ""5.05.02""/""5.05.03""/""5.08.02"" to see why they weren't coastal): Kilikia Tracheia's own western coast, between Side (the Eurasian arc's own long-unconfirmed loose end) and Anemurion. Section ""5.05.03"" is headed ""Coast of Kilikia Tracheia"" (topostext §5.5.3) - literally ""coast"", just naming a district instead of a sea. Section ""5.08.02"" is headed ""In Selinitis of Kilikia Tracheia"" (topostext §5.8.2), a sub-district within the same coast - confirmed by §5.8.1's own transition line: ""with the following description: from Syedra, a city of Pamphylia, along the *coast*:"". Longitude rises monotonically the whole way - Side 63.42 -> Korakesion 63.58 -> Syedra 63.83 -> Iotape 64.00 -> Selinus 64.33 -> Antiocheia 64.67 -> Nephelis 64.83 -> Anemurion 65.17 - a real coastal walk, not a coincidence. This closes the Side<->Anemurion gap with genuine data instead of the dashed schematic bridge used since the twenty-eighth round (see static_map.py's own now-removed _ANEMURION bridge logic)."
240,6.02.02,force_coastal_section,,"Found the same way again, this time by the user directly (asked for a side-by-side table of book.map ""5.05.02""/""5.05.03""/""5.08.02"" to see why they weren't coastal): Kilikia Tracheia's own western coast, between Side (the Eurasian arc's own long-unconfirmed loose end) and Anemurion. Section ""5.05.03"" is headed ""Coast of Kilikia Tracheia"" (topostext §5.5.3) - literally ""coast"", just naming a district instead of a sea. Section ""5.08.02"" is headed ""In Selinitis of Kilikia Tracheia"" (topostext §5.8.2), a sub-district within the same coast - confirmed by §5.8.1's own transition line: ""with the following description: from Syedra, a city of Pamphylia, along the *coast*:"". Longitude rises monotonically the whole way - Side 63.42 -> Korakesion 63.58 -> Syedra 63.83 -> Iotape 64.00 -> Selinus 64.33 -> Antiocheia 64.67 -> Nephelis 64.83 -> Anemurion 65.17 - a real coastal walk, not a coincidence. This closes the Side<->Anemurion gap with genuine data instead of the dashed schematic bridge used since the twenty-eighth round (see static_map.py's own now-removed _ANEMURION bridge logic)."
76,6.02.04,force_mountain_section,,"The mountain-side counterpart of _ISLAND_APPENDIX_SECTIONS: a section that's purely a *list* of named mountains/peaks, each cited by its own proper name with no ""-Gebirge""/""-berg"" suffix of its own to catch by keyword (""Of the named mountains the center of Bertiskos lies at...Mt. Bermion...Mt. Olympos..."", ""Mountains in the Peloponnese Pholoe...and Stymphalos..."") - the same ""no shared pattern to regex on, so it has to be an explicit allow-list"" reasoning as the island appendix. Confirmed by topostext's own section headers; more such sections likely exist elsewhere in the catalogue, not yet found because their books haven't been cross-referenced yet. [Zagros(Mitte)/Orontes(Mitte)/Iasonion(Mitte) + already-""-Gebirge"" Koronos(W/O-Ende) - Media's named mountains (topostext: ""The most important mountains of Media are the Zagros, midpoint...the Orontes, midpoint...the Iasonion, midpoint...and the western part of Korono..."")]"
127,6.03.02,force_coastal_section,,"Found the same way again, this time by the user directly (asked for a side-by-side table of book.map ""5.05.02""/""5.05.03""/""5.08.02"" to see why they weren't coastal): Kilikia Tracheia's own western coast, between Side (the Eurasian arc's own long-unconfirmed loose end) and Anemurion. Section ""5.05.03"" is headed ""Coast of Kilikia Tracheia"" (topostext §5.5.3) - literally ""coast"", just naming a district instead of a sea. Section ""5.08.02"" is headed ""In Selinitis of Kilikia Tracheia"" (topostext §5.8.2), a sub-district within the same coast - confirmed by §5.8.1's own transition line: ""with the following description: from Syedra, a city of Pamphylia, along the *coast*:"". Longitude rises monotonically the whole way - Side 63.42 -> Korakesion 63.58 -> Syedra 63.83 -> Iotape 64.00 -> Selinus 64.33 -> Antiocheia 64.67 -> Nephelis 64.83 -> Anemurion 65.17 - a real coastal walk, not a coincidence. This closes the Side<->Anemurion gap with genuine data instead of the dashed schematic bridge used since the twenty-eighth round (see static_map.py's own now-removed _ANEMURION bridge logic)."
96,6.04.02,force_coastal_section,,"Found the same way again, this time by the user directly (asked for a side-by-side table of book.map ""5.05.02""/""5.05.03""/""5.08.02"" to see why they weren't coastal): Kilikia Tracheia's own western coast, between Side (the Eurasian arc's own long-unconfirmed loose end) and Anemurion. Section ""5.05.03"" is headed ""Coast of Kilikia Tracheia"" (topostext §5.5.3) - literally ""coast"", just naming a district instead of a sea. Section ""5.08.02"" is headed ""In Selinitis of Kilikia Tracheia"" (topostext §5.8.2), a sub-district within the same coast - confirmed by §5.8.1's own transition line: ""with the following description: from Syedra, a city of Pamphylia, along the *coast*:"". Longitude rises monotonically the whole way - Side 63.42 -> Korakesion 63.58 -> Syedra 63.83 -> Iotape 64.00 -> Selinus 64.33 -> Antiocheia 64.67 -> Nephelis 64.83 -> Anemurion 65.17 - a real coastal walk, not a coincidence. This closes the Side<->Anemurion gap with genuine data instead of the dashed schematic bridge used since the twenty-eighth round (see static_map.py's own now-removed _ANEMURION bridge logic)."
9,6.04.08,force_island_section,,"The following five were confirmed against topostext.org/work/209's English translation, which states outright ""the Ebuda islands..."", ""the islands which are near Albion island..."", etc. - independent of our own Modern_location-based guessing. [Tabiana/Sophtha + already-island ""Insel des Alexander bzw. Arakia"" - the islands adjacent to Persis (topostext: ""Islands adjacent to Persis: Tabiana...Sophtha...Alexandrou or Arakia"")]"
104,6.07.02,force_coastal_section,,"The coastal-walk counterpart of _NONCOASTAL_EXCEPTION_SECTIONS' mirror image: sections manually verified to be a genuine continuation of a coastal walk despite a section header that names a *tribe*, not a sea - so _COASTAL_HDR_RE never fires for them and every plain-named point falls through to the default ""city"". Found by inspection of a rendered map: the whole Arabian side of the Red Sea (book.map ""6.07"", Arabia Felix) was missing its coastline entirely, replaced by an unconnected scatter of ""city"" points, while the opposite African shore (book.map ""4.07"") was correctly traced - reported by the user as ""as if one coastline is missing, full of little islands"". Ptolemy's own catalogue narrates this coast tribe-by-tribe (""In the country of the Kinaidokolpitans..."", ""The Kassanite country..."", ""Country of the Elisarans..."") rather than re-stating ""Arabian Gulf""/""Red Sea"" at every section, and only sections 02, 08 (and a few later ones already caught by _GULF_RE on their own points) happen to carry an explicit sea-name header - topostext's English translation confirms the whole span 02-19 is one continuous coastal enumeration (""border of the Arabian Gulf in the inmost part of the Elanite gulf, Onne"" opens it; ""Country of the Adramitans"", ""Sachalites"", ""In the narrows of the Persian Gulf"" carry it on down the Arabian Sea coast and round into the Persian Gulf; section 20, the named-mountains appendix, is where it ends - already handled by _MOUNTAIN_APPENDIX_SECTIONS above). Forcing section_is_coastal here is safe even for the sections that also contain real river mouths/sources (05's ""Baitios-Quellen"", 10's ""Prion-Mündung""/springs) since _RIVERFEAT_RE/_MOUTH_RE are checked before the section-level coastal fallback ever gets a turn - only the plain harbor-town citations that had nothing else to match on are affected (Kopar, Zabram, Thebai, Badeo, Mamala, Muza, Okelis and more - several of them well-attested real Red Sea ports)."
225,6.07.03,force_coastal_section,,"The coastal-walk counterpart of _NONCOASTAL_EXCEPTION_SECTIONS' mirror image: sections manually verified to be a genuine continuation of a coastal walk despite a section header that names a *tribe*, not a sea - so _COASTAL_HDR_RE never fires for them and every plain-named point falls through to the default ""city"". Found by inspection of a rendered map: the whole Arabian side of the Red Sea (book.map ""6.07"", Arabia Felix) was missing its coastline entirely, replaced by an unconnected scatter of ""city"" points, while the opposite African shore (book.map ""4.07"") was correctly traced - reported by the user as ""as if one coastline is missing, full of little islands"". Ptolemy's own catalogue narrates this coast tribe-by-tribe (""In the country of the Kinaidokolpitans..."", ""The Kassanite country..."", ""Country of the Elisarans..."") rather than re-stating ""Arabian Gulf""/""Red Sea"" at every section, and only sections 02, 08 (and a few later ones already caught by _GULF_RE on their own points) happen to carry an explicit sea-name header - topostext's English translation confirms the whole span 02-19 is one continuous coastal enumeration (""border of the Arabian Gulf in the inmost part of the Elanite gulf, Onne"" opens it; ""Country of the Adramitans"", ""Sachalites"", ""In the narrows of the Persian Gulf"" carry it on down the Arabian Sea coast and round into the Persian Gulf; section 20, the named-mountains appendix, is where it ends - already handled by _MOUNTAIN_APPENDIX_SECTIONS above). Forcing section_is_coastal here is safe even for the sections that also contain real river mouths/sources (05's ""Baitios-Quellen"", 10's ""Prion-Mündung""/springs) since _RIVERFEAT_RE/_MOUTH_RE are checked before the section-level coastal fallback ever gets a turn - only the plain harbor-town citations that had nothing else to match on are affected (Kopar, Zabram, Thebai, Badeo, Mamala, Muza, Okelis and more - several of them well-attested real Red Sea ports)."
130,6.07.05,force_coastal_section,,"The coastal-walk counterpart of _NONCOASTAL_EXCEPTION_SECTIONS' mirror image: sections manually verified to be a genuine continuation of a coastal walk despite a section header that names a *tribe*, not a sea - so _COASTAL_HDR_RE never fires for them and every plain-named point falls through to the default ""city"". Found by inspection of a rendered map: the whole Arabian side of the Red Sea (book.map ""6.07"", Arabia Felix) was missing its coastline entirely, replaced by an unconnected scatter of ""city"" points, while the opposite African shore (book.map ""4.07"") was correctly traced - reported by the user as ""as if one coastline is missing, full of little islands"". Ptolemy's own catalogue narrates this coast tribe-by-tribe (""In the country of the Kinaidokolpitans..."", ""The Kassanite country..."", ""Country of the Elisarans..."") rather than re-stating ""Arabian Gulf""/""Red Sea"" at every section, and only sections 02, 08 (and a few later ones already caught by _GULF_RE on their own points) happen to carry an explicit sea-name header - topostext's English translation confirms the whole span 02-19 is one continuous coastal enumeration (""border of the Arabian Gulf in the inmost part of the Elanite gulf, Onne"" opens it; ""Country of the Adramitans"", ""Sachalites"", ""In the narrows of the Persian Gulf"" carry it on down the Arabian Sea coast and round into the Persian Gulf; section 20, the named-mountains appendix, is where it ends - already handled by _MOUNTAIN_APPENDIX_SECTIONS above). Forcing section_is_coastal here is safe even for the sections that also contain real river mouths/sources (05's ""Baitios-Quellen"", 10's ""Prion-Mündung""/springs) since _RIVERFEAT_RE/_MOUTH_RE are checked before the section-level coastal fallback ever gets a turn - only the plain harbor-town citations that had nothing else to match on are affected (Kopar, Zabram, Thebai, Badeo, Mamala, Muza, Okelis and more - several of them well-attested real Red Sea ports)."
83,6.07.06,force_coastal_section,,"The coastal-walk counterpart of _NONCOASTAL_EXCEPTION_SECTIONS' mirror image: sections manually verified to be a genuine continuation of a coastal walk despite a section header that names a *tribe*, not a sea - so _COASTAL_HDR_RE never fires for them and every plain-named point falls through to the default ""city"". Found by inspection of a rendered map: the whole Arabian side of the Red Sea (book.map ""6.07"", Arabia Felix) was missing its coastline entirely, replaced by an unconnected scatter of ""city"" points, while the opposite African shore (book.map ""4.07"") was correctly traced - reported by the user as ""as if one coastline is missing, full of little islands"". Ptolemy's own catalogue narrates this coast tribe-by-tribe (""In the country of the Kinaidokolpitans..."", ""The Kassanite country..."", ""Country of the Elisarans..."") rather than re-stating ""Arabian Gulf""/""Red Sea"" at every section, and only sections 02, 08 (and a few later ones already caught by _GULF_RE on their own points) happen to carry an explicit sea-name header - topostext's English translation confirms the whole span 02-19 is one continuous coastal enumeration (""border of the Arabian Gulf in the inmost part of the Elanite gulf, Onne"" opens it; ""Country of the Adramitans"", ""Sachalites"", ""In the narrows of the Persian Gulf"" carry it on down the Arabian Sea coast and round into the Persian Gulf; section 20, the named-mountains appendix, is where it ends - already handled by _MOUNTAIN_APPENDIX_SECTIONS above). Forcing section_is_coastal here is safe even for the sections that also contain real river mouths/sources (05's ""Baitios-Quellen"", 10's ""Prion-Mündung""/springs) since _RIVERFEAT_RE/_MOUTH_RE are checked before the section-level coastal fallback ever gets a turn - only the plain harbor-town citations that had nothing else to match on are affected (Kopar, Zabram, Thebai, Badeo, Mamala, Muza, Okelis and more - several of them well-attested real Red Sea ports)."
102,6.07.07,force_coastal_section,,"The coastal-walk counterpart of _NONCOASTAL_EXCEPTION_SECTIONS' mirror image: sections manually verified to be a genuine continuation of a coastal walk despite a section header that names a *tribe*, not a sea - so _COASTAL_HDR_RE never fires for them and every plain-named point falls through to the default ""city"". Found by inspection of a rendered map: the whole Arabian side of the Red Sea (book.map ""6.07"", Arabia Felix) was missing its coastline entirely, replaced by an unconnected scatter of ""city"" points, while the opposite African shore (book.map ""4.07"") was correctly traced - reported by the user as ""as if one coastline is missing, full of little islands"". Ptolemy's own catalogue narrates this coast tribe-by-tribe (""In the country of the Kinaidokolpitans..."", ""The Kassanite country..."", ""Country of the Elisarans..."") rather than re-stating ""Arabian Gulf""/""Red Sea"" at every section, and only sections 02, 08 (and a few later ones already caught by _GULF_RE on their own points) happen to carry an explicit sea-name header - topostext's English translation confirms the whole span 02-19 is one continuous coastal enumeration (""border of the Arabian Gulf in the inmost part of the Elanite gulf, Onne"" opens it; ""Country of the Adramitans"", ""Sachalites"", ""In the narrows of the Persian Gulf"" carry it on down the Arabian Sea coast and round into the Persian Gulf; section 20, the named-mountains appendix, is where it ends - already handled by _MOUNTAIN_APPENDIX_SECTIONS above). Forcing section_is_coastal here is safe even for the sections that also contain real river mouths/sources (05's ""Baitios-Quellen"", 10's ""Prion-Mündung""/springs) since _RIVERFEAT_RE/_MOUTH_RE are checked before the section-level coastal fallback ever gets a turn - only the plain harbor-town citations that had nothing else to match on are affected (Kopar, Zabram, Thebai, Badeo, Mamala, Muza, Okelis and more - several of them well-attested real Red Sea ports)."
138,6.07.08,force_coastal_section,,"The coastal-walk counterpart of _NONCOASTAL_EXCEPTION_SECTIONS' mirror image: sections manually verified to be a genuine continuation of a coastal walk despite a section header that names a *tribe*, not a sea - so _COASTAL_HDR_RE never fires for them and every plain-named point falls through to the default ""city"". Found by inspection of a rendered map: the whole Arabian side of the Red Sea (book.map ""6.07"", Arabia Felix) was missing its coastline entirely, replaced by an unconnected scatter of ""city"" points, while the opposite African shore (book.map ""4.07"") was correctly traced - reported by the user as ""as if one coastline is missing, full of little islands"". Ptolemy's own catalogue narrates this coast tribe-by-tribe (""In the country of the Kinaidokolpitans..."", ""The Kassanite country..."", ""Country of the Elisarans..."") rather than re-stating ""Arabian Gulf""/""Red Sea"" at every section, and only sections 02, 08 (and a few later ones already caught by _GULF_RE on their own points) happen to carry an explicit sea-name header - topostext's English translation confirms the whole span 02-19 is one continuous coastal enumeration (""border of the Arabian Gulf in the inmost part of the Elanite gulf, Onne"" opens it; ""Country of the Adramitans"", ""Sachalites"", ""In the narrows of the Persian Gulf"" carry it on down the Arabian Sea coast and round into the Persian Gulf; section 20, the named-mountains appendix, is where it ends - already handled by _MOUNTAIN_APPENDIX_SECTIONS above). Forcing section_is_coastal here is safe even for the sections that also contain real river mouths/sources (05's ""Baitios-Quellen"", 10's ""Prion-Mündung""/springs) since _RIVERFEAT_RE/_MOUTH_RE are checked before the section-level coastal fallback ever gets a turn - only the plain harbor-town citations that had nothing else to match on are affected (Kopar, Zabram, Thebai, Badeo, Mamala, Muza, Okelis and more - several of them well-attested real Red Sea ports)."
268,6.07.09,force_coastal_section,,"The coastal-walk counterpart of _NONCOASTAL_EXCEPTION_SECTIONS' mirror image: sections manually verified to be a genuine continuation of a coastal walk despite a section header that names a *tribe*, not a sea - so _COASTAL_HDR_RE never fires for them and every plain-named point falls through to the default ""city"". Found by inspection of a rendered map: the whole Arabian side of the Red Sea (book.map ""6.07"", Arabia Felix) was missing its coastline entirely, replaced by an unconnected scatter of ""city"" points, while the opposite African shore (book.map ""4.07"") was correctly traced - reported by the user as ""as if one coastline is missing, full of little islands"". Ptolemy's own catalogue narrates this coast tribe-by-tribe (""In the country of the Kinaidokolpitans..."", ""The Kassanite country..."", ""Country of the Elisarans..."") rather than re-stating ""Arabian Gulf""/""Red Sea"" at every section, and only sections 02, 08 (and a few later ones already caught by _GULF_RE on their own points) happen to carry an explicit sea-name header - topostext's English translation confirms the whole span 02-19 is one continuous coastal enumeration (""border of the Arabian Gulf in the inmost part of the Elanite gulf, Onne"" opens it; ""Country of the Adramitans"", ""Sachalites"", ""In the narrows of the Persian Gulf"" carry it on down the Arabian Sea coast and round into the Persian Gulf; section 20, the named-mountains appendix, is where it ends - already handled by _MOUNTAIN_APPENDIX_SECTIONS above). Forcing section_is_coastal here is safe even for the sections that also contain real river mouths/sources (05's ""Baitios-Quellen"", 10's ""Prion-Mündung""/springs) since _RIVERFEAT_RE/_MOUTH_RE are checked before the section-level coastal fallback ever gets a turn - only the plain harbor-town citations that had nothing else to match on are affected (Kopar, Zabram, Thebai, Badeo, Mamala, Muza, Okelis and more - several of them well-attested real Red Sea ports)."
241,6.07.10,force_coastal_section,,"The coastal-walk counterpart of _NONCOASTAL_EXCEPTION_SECTIONS' mirror image: sections manually verified to be a genuine continuation of a coastal walk despite a section header that names a *tribe*, not a sea - so _COASTAL_HDR_RE never fires for them and every plain-named point falls through to the default ""city"". Found by inspection of a rendered map: the whole Arabian side of the Red Sea (book.map ""6.07"", Arabia Felix) was missing its coastline entirely, replaced by an unconnected scatter of ""city"" points, while the opposite African shore (book.map ""4.07"") was correctly traced - reported by the user as ""as if one coastline is missing, full of little islands"". Ptolemy's own catalogue narrates this coast tribe-by-tribe (""In the country of the Kinaidokolpitans..."", ""The Kassanite country..."", ""Country of the Elisarans..."") rather than re-stating ""Arabian Gulf""/""Red Sea"" at every section, and only sections 02, 08 (and a few later ones already caught by _GULF_RE on their own points) happen to carry an explicit sea-name header - topostext's English translation confirms the whole span 02-19 is one continuous coastal enumeration (""border of the Arabian Gulf in the inmost part of the Elanite gulf, Onne"" opens it; ""Country of the Adramitans"", ""Sachalites"", ""In the narrows of the Persian Gulf"" carry it on down the Arabian Sea coast and round into the Persian Gulf; section 20, the named-mountains appendix, is where it ends - already handled by _MOUNTAIN_APPENDIX_SECTIONS above). Forcing section_is_coastal here is safe even for the sections that also contain real river mouths/sources (05's ""Baitios-Quellen"", 10's ""Prion-Mündung""/springs) since _RIVERFEAT_RE/_MOUTH_RE are checked before the section-level coastal fallback ever gets a turn - only the plain harbor-town citations that had nothing else to match on are affected (Kopar, Zabram, Thebai, Badeo, Mamala, Muza, Okelis and more - several of them well-attested real Red Sea ports)."
193,6.07.11,force_coastal_section,,"The coastal-walk counterpart of _NONCOASTAL_EXCEPTION_SECTIONS' mirror image: sections manually verified to be a genuine continuation of a coastal walk despite a section header that names a *tribe*, not a sea - so _COASTAL_HDR_RE never fires for them and every plain-named point falls through to the default ""city"". Found by inspection of a rendered map: the whole Arabian side of the Red Sea (book.map ""6.07"", Arabia Felix) was missing its coastline entirely, replaced by an unconnected scatter of ""city"" points, while the opposite African shore (book.map ""4.07"") was correctly traced - reported by the user as ""as if one coastline is missing, full of little islands"". Ptolemy's own catalogue narrates this coast tribe-by-tribe (""In the country of the Kinaidokolpitans..."", ""The Kassanite country..."", ""Country of the Elisarans..."") rather than re-stating ""Arabian Gulf""/""Red Sea"" at every section, and only sections 02, 08 (and a few later ones already caught by _GULF_RE on their own points) happen to carry an explicit sea-name header - topostext's English translation confirms the whole span 02-19 is one continuous coastal enumeration (""border of the Arabian Gulf in the inmost part of the Elanite gulf, Onne"" opens it; ""Country of the Adramitans"", ""Sachalites"", ""In the narrows of the Persian Gulf"" carry it on down the Arabian Sea coast and round into the Persian Gulf; section 20, the named-mountains appendix, is where it ends - already handled by _MOUNTAIN_APPENDIX_SECTIONS above). Forcing section_is_coastal here is safe even for the sections that also contain real river mouths/sources (05's ""Baitios-Quellen"", 10's ""Prion-Mündung""/springs) since _RIVERFEAT_RE/_MOUTH_RE are checked before the section-level coastal fallback ever gets a turn - only the plain harbor-town citations that had nothing else to match on are affected (Kopar, Zabram, Thebai, Badeo, Mamala, Muza, Okelis and more - several of them well-attested real Red Sea ports)."
233,6.07.12,force_coastal_section,,"The coastal-walk counterpart of _NONCOASTAL_EXCEPTION_SECTIONS' mirror image: sections manually verified to be a genuine continuation of a coastal walk despite a section header that names a *tribe*, not a sea - so _COASTAL_HDR_RE never fires for them and every plain-named point falls through to the default ""city"". Found by inspection of a rendered map: the whole Arabian side of the Red Sea (book.map ""6.07"", Arabia Felix) was missing its coastline entirely, replaced by an unconnected scatter of ""city"" points, while the opposite African shore (book.map ""4.07"") was correctly traced - reported by the user as ""as if one coastline is missing, full of little islands"". Ptolemy's own catalogue narrates this coast tribe-by-tribe (""In the country of the Kinaidokolpitans..."", ""The Kassanite country..."", ""Country of the Elisarans..."") rather than re-stating ""Arabian Gulf""/""Red Sea"" at every section, and only sections 02, 08 (and a few later ones already caught by _GULF_RE on their own points) happen to carry an explicit sea-name header - topostext's English translation confirms the whole span 02-19 is one continuous coastal enumeration (""border of the Arabian Gulf in the inmost part of the Elanite gulf, Onne"" opens it; ""Country of the Adramitans"", ""Sachalites"", ""In the narrows of the Persian Gulf"" carry it on down the Arabian Sea coast and round into the Persian Gulf; section 20, the named-mountains appendix, is where it ends - already handled by _MOUNTAIN_APPENDIX_SECTIONS above). Forcing section_is_coastal here is safe even for the sections that also contain real river mouths/sources (05's ""Baitios-Quellen"", 10's ""Prion-Mündung""/springs) since _RIVERFEAT_RE/_MOUTH_RE are checked before the section-level coastal fallback ever gets a turn - only the plain harbor-town citations that had nothing else to match on are affected (Kopar, Zabram, Thebai, Badeo, Mamala, Muza, Okelis and more - several of them well-attested real Red Sea ports)."
161,6.07.13,force_coastal_section,,"The coastal-walk counterpart of _NONCOASTAL_EXCEPTION_SECTIONS' mirror image: sections manually verified to be a genuine continuation of a coastal walk despite a section header that names a *tribe*, not a sea - so _COASTAL_HDR_RE never fires for them and every plain-named point falls through to the default ""city"". Found by inspection of a rendered map: the whole Arabian side of the Red Sea (book.map ""6.07"", Arabia Felix) was missing its coastline entirely, replaced by an unconnected scatter of ""city"" points, while the opposite African shore (book.map ""4.07"") was correctly traced - reported by the user as ""as if one coastline is missing, full of little islands"". Ptolemy's own catalogue narrates this coast tribe-by-tribe (""In the country of the Kinaidokolpitans..."", ""The Kassanite country..."", ""Country of the Elisarans..."") rather than re-stating ""Arabian Gulf""/""Red Sea"" at every section, and only sections 02, 08 (and a few later ones already caught by _GULF_RE on their own points) happen to carry an explicit sea-name header - topostext's English translation confirms the whole span 02-19 is one continuous coastal enumeration (""border of the Arabian Gulf in the inmost part of the Elanite gulf, Onne"" opens it; ""Country of the Adramitans"", ""Sachalites"", ""In the narrows of the Persian Gulf"" carry it on down the Arabian Sea coast and round into the Persian Gulf; section 20, the named-mountains appendix, is where it ends - already handled by _MOUNTAIN_APPENDIX_SECTIONS above). Forcing section_is_coastal here is safe even for the sections that also contain real river mouths/sources (05's ""Baitios-Quellen"", 10's ""Prion-Mündung""/springs) since _RIVERFEAT_RE/_MOUTH_RE are checked before the section-level coastal fallback ever gets a turn - only the plain harbor-town citations that had nothing else to match on are affected (Kopar, Zabram, Thebai, Badeo, Mamala, Muza, Okelis and more - several of them well-attested real Red Sea ports)."
93,6.07.14,force_coastal_section,,"The coastal-walk counterpart of _NONCOASTAL_EXCEPTION_SECTIONS' mirror image: sections manually verified to be a genuine continuation of a coastal walk despite a section header that names a *tribe*, not a sea - so _COASTAL_HDR_RE never fires for them and every plain-named point falls through to the default ""city"". Found by inspection of a rendered map: the whole Arabian side of the Red Sea (book.map ""6.07"", Arabia Felix) was missing its coastline entirely, replaced by an unconnected scatter of ""city"" points, while the opposite African shore (book.map ""4.07"") was correctly traced - reported by the user as ""as if one coastline is missing, full of little islands"". Ptolemy's own catalogue narrates this coast tribe-by-tribe (""In the country of the Kinaidokolpitans..."", ""The Kassanite country..."", ""Country of the Elisarans..."") rather than re-stating ""Arabian Gulf""/""Red Sea"" at every section, and only sections 02, 08 (and a few later ones already caught by _GULF_RE on their own points) happen to carry an explicit sea-name header - topostext's English translation confirms the whole span 02-19 is one continuous coastal enumeration (""border of the Arabian Gulf in the inmost part of the Elanite gulf, Onne"" opens it; ""Country of the Adramitans"", ""Sachalites"", ""In the narrows of the Persian Gulf"" carry it on down the Arabian Sea coast and round into the Persian Gulf; section 20, the named-mountains appendix, is where it ends - already handled by _MOUNTAIN_APPENDIX_SECTIONS above). Forcing section_is_coastal here is safe even for the sections that also contain real river mouths/sources (05's ""Baitios-Quellen"", 10's ""Prion-Mündung""/springs) since _RIVERFEAT_RE/_MOUTH_RE are checked before the section-level coastal fallback ever gets a turn - only the plain harbor-town citations that had nothing else to match on are affected (Kopar, Zabram, Thebai, Badeo, Mamala, Muza, Okelis and more - several of them well-attested real Red Sea ports)."
153,6.07.15,force_coastal_section,,"The coastal-walk counterpart of _NONCOASTAL_EXCEPTION_SECTIONS' mirror image: sections manually verified to be a genuine continuation of a coastal walk despite a section header that names a *tribe*, not a sea - so _COASTAL_HDR_RE never fires for them and every plain-named point falls through to the default ""city"". Found by inspection of a rendered map: the whole Arabian side of the Red Sea (book.map ""6.07"", Arabia Felix) was missing its coastline entirely, replaced by an unconnected scatter of ""city"" points, while the opposite African shore (book.map ""4.07"") was correctly traced - reported by the user as ""as if one coastline is missing, full of little islands"". Ptolemy's own catalogue narrates this coast tribe-by-tribe (""In the country of the Kinaidokolpitans..."", ""The Kassanite country..."", ""Country of the Elisarans..."") rather than re-stating ""Arabian Gulf""/""Red Sea"" at every section, and only sections 02, 08 (and a few later ones already caught by _GULF_RE on their own points) happen to carry an explicit sea-name header - topostext's English translation confirms the whole span 02-19 is one continuous coastal enumeration (""border of the Arabian Gulf in the inmost part of the Elanite gulf, Onne"" opens it; ""Country of the Adramitans"", ""Sachalites"", ""In the narrows of the Persian Gulf"" carry it on down the Arabian Sea coast and round into the Persian Gulf; section 20, the named-mountains appendix, is where it ends - already handled by _MOUNTAIN_APPENDIX_SECTIONS above). Forcing section_is_coastal here is safe even for the sections that also contain real river mouths/sources (05's ""Baitios-Quellen"", 10's ""Prion-Mündung""/springs) since _RIVERFEAT_RE/_MOUTH_RE are checked before the section-level coastal fallback ever gets a turn - only the plain harbor-town citations that had nothing else to match on are affected (Kopar, Zabram, Thebai, Badeo, Mamala, Muza, Okelis and more - several of them well-attested real Red Sea ports)."
211,6.07.16,force_coastal_section,,"The coastal-walk counterpart of _NONCOASTAL_EXCEPTION_SECTIONS' mirror image: sections manually verified to be a genuine continuation of a coastal walk despite a section header that names a *tribe*, not a sea - so _COASTAL_HDR_RE never fires for them and every plain-named point falls through to the default ""city"". Found by inspection of a rendered map: the whole Arabian side of the Red Sea (book.map ""6.07"", Arabia Felix) was missing its coastline entirely, replaced by an unconnected scatter of ""city"" points, while the opposite African shore (book.map ""4.07"") was correctly traced - reported by the user as ""as if one coastline is missing, full of little islands"". Ptolemy's own catalogue narrates this coast tribe-by-tribe (""In the country of the Kinaidokolpitans..."", ""The Kassanite country..."", ""Country of the Elisarans..."") rather than re-stating ""Arabian Gulf""/""Red Sea"" at every section, and only sections 02, 08 (and a few later ones already caught by _GULF_RE on their own points) happen to carry an explicit sea-name header - topostext's English translation confirms the whole span 02-19 is one continuous coastal enumeration (""border of the Arabian Gulf in the inmost part of the Elanite gulf, Onne"" opens it; ""Country of the Adramitans"", ""Sachalites"", ""In the narrows of the Persian Gulf"" carry it on down the Arabian Sea coast and round into the Persian Gulf; section 20, the named-mountains appendix, is where it ends - already handled by _MOUNTAIN_APPENDIX_SECTIONS above). Forcing section_is_coastal here is safe even for the sections that also contain real river mouths/sources (05's ""Baitios-Quellen"", 10's ""Prion-Mündung""/springs) since _RIVERFEAT_RE/_MOUTH_RE are checked before the section-level coastal fallback ever gets a turn - only the plain harbor-town citations that had nothing else to match on are affected (Kopar, Zabram, Thebai, Badeo, Mamala, Muza, Okelis and more - several of them well-attested real Red Sea ports)."
131,6.07.17,force_coastal_section,,"The coastal-walk counterpart of _NONCOASTAL_EXCEPTION_SECTIONS' mirror image: sections manually verified to be a genuine continuation of a coastal walk despite a section header that names a *tribe*, not a sea - so _COASTAL_HDR_RE never fires for them and every plain-named point falls through to the default ""city"". Found by inspection of a rendered map: the whole Arabian side of the Red Sea (book.map ""6.07"", Arabia Felix) was missing its coastline entirely, replaced by an unconnected scatter of ""city"" points, while the opposite African shore (book.map ""4.07"") was correctly traced - reported by the user as ""as if one coastline is missing, full of little islands"". Ptolemy's own catalogue narrates this coast tribe-by-tribe (""In the country of the Kinaidokolpitans..."", ""The Kassanite country..."", ""Country of the Elisarans..."") rather than re-stating ""Arabian Gulf""/""Red Sea"" at every section, and only sections 02, 08 (and a few later ones already caught by _GULF_RE on their own points) happen to carry an explicit sea-name header - topostext's English translation confirms the whole span 02-19 is one continuous coastal enumeration (""border of the Arabian Gulf in the inmost part of the Elanite gulf, Onne"" opens it; ""Country of the Adramitans"", ""Sachalites"", ""In the narrows of the Persian Gulf"" carry it on down the Arabian Sea coast and round into the Persian Gulf; section 20, the named-mountains appendix, is where it ends - already handled by _MOUNTAIN_APPENDIX_SECTIONS above). Forcing section_is_coastal here is safe even for the sections that also contain real river mouths/sources (05's ""Baitios-Quellen"", 10's ""Prion-Mündung""/springs) since _RIVERFEAT_RE/_MOUTH_RE are checked before the section-level coastal fallback ever gets a turn - only the plain harbor-town citations that had nothing else to match on are affected (Kopar, Zabram, Thebai, Badeo, Mamala, Muza, Okelis and more - several of them well-attested real Red Sea ports)."
213,6.07.18,force_coastal_section,,"The coastal-walk counterpart of _NONCOASTAL_EXCEPTION_SECTIONS' mirror image: sections manually verified to be a genuine continuation of a coastal walk despite a section header that names a *tribe*, not a sea - so _COASTAL_HDR_RE never fires for them and every plain-named point falls through to the default ""city"". Found by inspection of a rendered map: the whole Arabian side of the Red Sea (book.map ""6.07"", Arabia Felix) was missing its coastline entirely, replaced by an unconnected scatter of ""city"" points, while the opposite African shore (book.map ""4.07"") was correctly traced - reported by the user as ""as if one coastline is missing, full of little islands"". Ptolemy's own catalogue narrates this coast tribe-by-tribe (""In the country of the Kinaidokolpitans..."", ""The Kassanite country..."", ""Country of the Elisarans..."") rather than re-stating ""Arabian Gulf""/""Red Sea"" at every section, and only sections 02, 08 (and a few later ones already caught by _GULF_RE on their own points) happen to carry an explicit sea-name header - topostext's English translation confirms the whole span 02-19 is one continuous coastal enumeration (""border of the Arabian Gulf in the inmost part of the Elanite gulf, Onne"" opens it; ""Country of the Adramitans"", ""Sachalites"", ""In the narrows of the Persian Gulf"" carry it on down the Arabian Sea coast and round into the Persian Gulf; section 20, the named-mountains appendix, is where it ends - already handled by _MOUNTAIN_APPENDIX_SECTIONS above). Forcing section_is_coastal here is safe even for the sections that also contain real river mouths/sources (05's ""Baitios-Quellen"", 10's ""Prion-Mündung""/springs) since _RIVERFEAT_RE/_MOUTH_RE are checked before the section-level coastal fallback ever gets a turn - only the plain harbor-town citations that had nothing else to match on are affected (Kopar, Zabram, Thebai, Badeo, Mamala, Muza, Okelis and more - several of them well-attested real Red Sea ports)."
123,6.07.19,force_coastal_section,,"The coastal-walk counterpart of _NONCOASTAL_EXCEPTION_SECTIONS' mirror image: sections manually verified to be a genuine continuation of a coastal walk despite a section header that names a *tribe*, not a sea - so _COASTAL_HDR_RE never fires for them and every plain-named point falls through to the default ""city"". Found by inspection of a rendered map: the whole Arabian side of the Red Sea (book.map ""6.07"", Arabia Felix) was missing its coastline entirely, replaced by an unconnected scatter of ""city"" points, while the opposite African shore (book.map ""4.07"") was correctly traced - reported by the user as ""as if one coastline is missing, full of little islands"". Ptolemy's own catalogue narrates this coast tribe-by-tribe (""In the country of the Kinaidokolpitans..."", ""The Kassanite country..."", ""Country of the Elisarans..."") rather than re-stating ""Arabian Gulf""/""Red Sea"" at every section, and only sections 02, 08 (and a few later ones already caught by _GULF_RE on their own points) happen to carry an explicit sea-name header - topostext's English translation confirms the whole span 02-19 is one continuous coastal enumeration (""border of the Arabian Gulf in the inmost part of the Elanite gulf, Onne"" opens it; ""Country of the Adramitans"", ""Sachalites"", ""In the narrows of the Persian Gulf"" carry it on down the Arabian Sea coast and round into the Persian Gulf; section 20, the named-mountains appendix, is where it ends - already handled by _MOUNTAIN_APPENDIX_SECTIONS above). Forcing section_is_coastal here is safe even for the sections that also contain real river mouths/sources (05's ""Baitios-Quellen"", 10's ""Prion-Mündung""/springs) since _RIVERFEAT_RE/_MOUTH_RE are checked before the section-level coastal fallback ever gets a turn - only the plain harbor-town citations that had nothing else to match on are affected (Kopar, Zabram, Thebai, Badeo, Mamala, Muza, Okelis and more - several of them well-attested real Red Sea ports)."
21,6.07.43,force_island_section,,"Found by the systematic topostext-disagreement review (2026-07-30): the *other* Ionian islands, each cited once (not a coastal walk of any single one, so no _ISLAND_LINE_GROUPS entry - just the ""list of several different islands"" shape _ISLAND_APPENDIX_SECTIONS exists for). Section ""12"": Kephallenia (""Kephallenia island, with a city of the same name...its northernmost promontory"" / ""the southern promontory"" - both capes stay `island` too, the same as Corfu's own capes above), Erikusa, Skopelos, Leukas (""Leukas island""). Section ""13"": Echinaden (""the Echinades islands""), Ithake (""in which a city of that name""), Lotoa (""Letoa island""), Zakynthos (""in which a city of the same name""). All were sitting in `city`. [Red Sea islands]"
26,6.07.45,force_island_section,,"Found by the systematic topostext-disagreement review (2026-07-30): the *other* Ionian islands, each cited once (not a coastal walk of any single one, so no _ISLAND_LINE_GROUPS entry - just the ""list of several different islands"" shape _ISLAND_APPENDIX_SECTIONS exists for). Section ""12"": Kephallenia (""Kephallenia island, with a city of the same name...its northernmost promontory"" / ""the southern promontory"" - both capes stay `island` too, the same as Corfu's own capes above), Erikusa, Skopelos, Leukas (""Leukas island""). Section ""13"": Echinaden (""the Echinades islands""), Ithake (""in which a city of that name""), Lotoa (""Letoa island""), Zakynthos (""in which a city of the same name""). All were sitting in `city`. [Red Sea islands incl. Dioskorides (Socotra)]"
10,6.07.46,force_island_section,,"Found by the systematic topostext-disagreement review (2026-07-30): the *other* Ionian islands, each cited once (not a coastal walk of any single one, so no _ISLAND_LINE_GROUPS entry - just the ""list of several different islands"" shape _ISLAND_APPENDIX_SECTIONS exists for). Section ""12"": Kephallenia (""Kephallenia island, with a city of the same name...its northernmost promontory"" / ""the southern promontory"" - both capes stay `island` too, the same as Corfu's own capes above), Erikusa, Skopelos, Leukas (""Leukas island""). Section ""13"": Echinaden (""the Echinades islands""), Ithake (""in which a city of that name""), Lotoa (""Letoa island""), Zakynthos (""in which a city of the same name""). All were sitting in `city`. [Sachalitic Gulf islands]"
49,6.07.47,force_island_section,,"Found by the systematic topostext-disagreement review (2026-07-30): the *other* Ionian islands, each cited once (not a coastal walk of any single one, so no _ISLAND_LINE_GROUPS entry - just the ""list of several different islands"" shape _ISLAND_APPENDIX_SECTIONS exists for). Section ""12"": Kephallenia (""Kephallenia island, with a city of the same name...its northernmost promontory"" / ""the southern promontory"" - both capes stay `island` too, the same as Corfu's own capes above), Erikusa, Skopelos, Leukas (""Leukas island""). Section ""13"": Echinaden (""the Echinades islands""), Ithake (""in which a city of that name""), Lotoa (""Letoa island""), Zakynthos (""in which a city of the same name""). All were sitting in `city`. [Persian Gulf islands incl. Tylos (Bahrain)]"
278,6.08.05,force_coastal_section,,"Found the same way again, this time by the user directly (asked for a side-by-side table of book.map ""5.05.02""/""5.05.03""/""5.08.02"" to see why they weren't coastal): Kilikia Tracheia's own western coast, between Side (the Eurasian arc's own long-unconfirmed loose end) and Anemurion. Section ""5.05.03"" is headed ""Coast of Kilikia Tracheia"" (topostext §5.5.3) - literally ""coast"", just naming a district instead of a sea. Section ""5.08.02"" is headed ""In Selinitis of Kilikia Tracheia"" (topostext §5.8.2), a sub-district within the same coast - confirmed by §5.8.1's own transition line: ""with the following description: from Syedra, a city of Pamphylia, along the *coast*:"". Longitude rises monotonically the whole way - Side 63.42 -> Korakesion 63.58 -> Syedra 63.83 -> Iotape 64.00 -> Selinus 64.33 -> Antiocheia 64.67 -> Nephelis 64.83 -> Anemurion 65.17 - a real coastal walk, not a coincidence. This closes the Side<->Anemurion gap with genuine data instead of the dashed schematic bridge used since the twenty-eighth round (see static_map.py's own now-removed _ANEMURION bridge logic)."
176,6.08.09,force_coastal_section,,"A wide batch found by the same systematic topostext-disagreement review, each independently confirmed the same way: a plain-named harbor town or headland sitting in `city`, whose section has no sea-word header of its own but whose topostext citation both names it a harbor/port *and* sits in an unbroken run of coastal citations (river mouths, capes, other harbors) either side of it in the same section - the same ""province/tribe name instead of sea name"" header gap already fixed many times this session, just not yet swept outside the regions checked so far: [India: ""Gulf of Paragon...Derane Billa...Kophanta harbor...river mouth...""]"
19,6.08.15,force_island_section,,"The following five were confirmed against topostext.org/work/209's English translation, which states outright ""the Ebuda islands..."", ""the islands which are near Albion island..."", etc. - independent of our own Modern_location-based guessing. [Sagdana/Vorochtha - the islands lying off Karmania in the Persian Gulf (topostext: ""The islands lying off Karmania are, in the Persian Gulf, Sagdana...Vorochtha"") - both had been wrongly strung onto the *start* of coastline_045_AS06 by the coastline graph (the real coastal walk begins at the next section, 6.08.04's river mouths), the same spurious-tail pattern as Paena/Erythia earlier]"
33,6.08.16,force_island_section,,"The following five were confirmed against topostext.org/work/209's English translation, which states outright ""the Ebuda islands..."", ""the islands which are near Albion island..."", etc. - independent of our own Modern_location-based guessing. [Polla/Karminna/Liba - ""In the Indian sea Palla or Polla...Karminna...Liba island"", three more islands off Karmania continuing 6.08.15's list - these three had been strung onto the *end* of that same coastline_045_AS06, after its real endpoint (the Gedrosia/Karmania boundary point, 6.08.10.01)]"
173,6.09.02,force_coastal_section,,"Found the same way again, this time by the user directly (asked for a side-by-side table of book.map ""5.05.02""/""5.05.03""/""5.08.02"" to see why they weren't coastal): Kilikia Tracheia's own western coast, between Side (the Eurasian arc's own long-unconfirmed loose end) and Anemurion. Section ""5.05.03"" is headed ""Coast of Kilikia Tracheia"" (topostext §5.5.3) - literally ""coast"", just naming a district instead of a sea. Section ""5.08.02"" is headed ""In Selinitis of Kilikia Tracheia"" (topostext §5.8.2), a sub-district within the same coast - confirmed by §5.8.1's own transition line: ""with the following description: from Syedra, a city of Pamphylia, along the *coast*:"". Longitude rises monotonically the whole way - Side 63.42 -> Korakesion 63.58 -> Syedra 63.83 -> Iotape 64.00 -> Selinus 64.33 -> Antiocheia 64.67 -> Nephelis 64.83 -> Anemurion 65.17 - a real coastal walk, not a coincidence. This closes the Side<->Anemurion gap with genuine data instead of the dashed schematic bridge used since the twenty-eighth round (see static_map.py's own now-removed _ANEMURION bridge logic)."
81,6.14.02,force_coastal_section,,"Found the same way again, this time by the user directly (asked for a side-by-side table of book.map ""5.05.02""/""5.05.03""/""5.08.02"" to see why they weren't coastal): Kilikia Tracheia's own western coast, between Side (the Eurasian arc's own long-unconfirmed loose end) and Anemurion. Section ""5.05.03"" is headed ""Coast of Kilikia Tracheia"" (topostext §5.5.3) - literally ""coast"", just naming a district instead of a sea. Section ""5.08.02"" is headed ""In Selinitis of Kilikia Tracheia"" (topostext §5.8.2), a sub-district within the same coast - confirmed by §5.8.1's own transition line: ""with the following description: from Syedra, a city of Pamphylia, along the *coast*:"". Longitude rises monotonically the whole way - Side 63.42 -> Korakesion 63.58 -> Syedra 63.83 -> Iotape 64.00 -> Selinus 64.33 -> Antiocheia 64.67 -> Nephelis 64.83 -> Anemurion 65.17 - a real coastal walk, not a coincidence. This closes the Side<->Anemurion gap with genuine data instead of the dashed schematic bridge used since the twenty-eighth round (see static_map.py's own now-removed _ANEMURION bridge logic)."
210,6.21.02,force_coastal_section,,"Found the same way again, this time by the user directly (asked for a side-by-side table of book.map ""5.05.02""/""5.05.03""/""5.08.02"" to see why they weren't coastal): Kilikia Tracheia's own western coast, between Side (the Eurasian arc's own long-unconfirmed loose end) and Anemurion. Section ""5.05.03"" is headed ""Coast of Kilikia Tracheia"" (topostext §5.5.3) - literally ""coast"", just naming a district instead of a sea. Section ""5.08.02"" is headed ""In Selinitis of Kilikia Tracheia"" (topostext §5.8.2), a sub-district within the same coast - confirmed by §5.8.1's own transition line: ""with the following description: from Syedra, a city of Pamphylia, along the *coast*:"". Longitude rises monotonically the whole way - Side 63.42 -> Korakesion 63.58 -> Syedra 63.83 -> Iotape 64.00 -> Selinus 64.33 -> Antiocheia 64.67 -> Nephelis 64.83 -> Anemurion 65.17 - a real coastal walk, not a coincidence. This closes the Side<->Anemurion gap with genuine data instead of the dashed schematic bridge used since the twenty-eighth round (see static_map.py's own now-removed _ANEMURION bridge logic)."
174,7.01.04,force_coastal_section,,"Found the same way again, this time by the user directly (asked for a side-by-side table of book.map ""5.05.02""/""5.05.03""/""5.08.02"" to see why they weren't coastal): Kilikia Tracheia's own western coast, between Side (the Eurasian arc's own long-unconfirmed loose end) and Anemurion. Section ""5.05.03"" is headed ""Coast of Kilikia Tracheia"" (topostext §5.5.3) - literally ""coast"", just naming a district instead of a sea. Section ""5.08.02"" is headed ""In Selinitis of Kilikia Tracheia"" (topostext §5.8.2), a sub-district within the same coast - confirmed by §5.8.1's own transition line: ""with the following description: from Syedra, a city of Pamphylia, along the *coast*:"". Longitude rises monotonically the whole way - Side 63.42 -> Korakesion 63.58 -> Syedra 63.83 -> Iotape 64.00 -> Selinus 64.33 -> Antiocheia 64.67 -> Nephelis 64.83 -> Anemurion 65.17 - a real coastal walk, not a coincidence. This closes the Side<->Anemurion gap with genuine data instead of the dashed schematic bridge used since the twenty-eighth round (see static_map.py's own now-removed _ANEMURION bridge logic)."
107,7.01.06,force_coastal_section,,"Found the same way again, this time by the user directly (asked for a side-by-side table of book.map ""5.05.02""/""5.05.03""/""5.08.02"" to see why they weren't coastal): Kilikia Tracheia's own western coast, between Side (the Eurasian arc's own long-unconfirmed loose end) and Anemurion. Section ""5.05.03"" is headed ""Coast of Kilikia Tracheia"" (topostext §5.5.3) - literally ""coast"", just naming a district instead of a sea. Section ""5.08.02"" is headed ""In Selinitis of Kilikia Tracheia"" (topostext §5.8.2), a sub-district within the same coast - confirmed by §5.8.1's own transition line: ""with the following description: from Syedra, a city of Pamphylia, along the *coast*:"". Longitude rises monotonically the whole way - Side 63.42 -> Korakesion 63.58 -> Syedra 63.83 -> Iotape 64.00 -> Selinus 64.33 -> Antiocheia 64.67 -> Nephelis 64.83 -> Anemurion 65.17 - a real coastal walk, not a coincidence. This closes the Side<->Anemurion gap with genuine data instead of the dashed schematic bridge used since the twenty-eighth round (see static_map.py's own now-removed _ANEMURION bridge logic)."
124,7.01.07,force_coastal_section,,"Found the same way again, this time by the user directly (asked for a side-by-side table of book.map ""5.05.02""/""5.05.03""/""5.08.02"" to see why they weren't coastal): Kilikia Tracheia's own western coast, between Side (the Eurasian arc's own long-unconfirmed loose end) and Anemurion. Section ""5.05.03"" is headed ""Coast of Kilikia Tracheia"" (topostext §5.5.3) - literally ""coast"", just naming a district instead of a sea. Section ""5.08.02"" is headed ""In Selinitis of Kilikia Tracheia"" (topostext §5.8.2), a sub-district within the same coast - confirmed by §5.8.1's own transition line: ""with the following description: from Syedra, a city of Pamphylia, along the *coast*:"". Longitude rises monotonically the whole way - Side 63.42 -> Korakesion 63.58 -> Syedra 63.83 -> Iotape 64.00 -> Selinus 64.33 -> Antiocheia 64.67 -> Nephelis 64.83 -> Anemurion 65.17 - a real coastal walk, not a coincidence. This closes the Side<->Anemurion gap with genuine data instead of the dashed schematic bridge used since the twenty-eighth round (see static_map.py's own now-removed _ANEMURION bridge logic)."
218,7.01.08,force_coastal_section,,"Found the same way again, this time by the user directly (asked for a side-by-side table of book.map ""5.05.02""/""5.05.03""/""5.08.02"" to see why they weren't coastal): Kilikia Tracheia's own western coast, between Side (the Eurasian arc's own long-unconfirmed loose end) and Anemurion. Section ""5.05.03"" is headed ""Coast of Kilikia Tracheia"" (topostext §5.5.3) - literally ""coast"", just naming a district instead of a sea. Section ""5.08.02"" is headed ""In Selinitis of Kilikia Tracheia"" (topostext §5.8.2), a sub-district within the same coast - confirmed by §5.8.1's own transition line: ""with the following description: from Syedra, a city of Pamphylia, along the *coast*:"". Longitude rises monotonically the whole way - Side 63.42 -> Korakesion 63.58 -> Syedra 63.83 -> Iotape 64.00 -> Selinus 64.33 -> Antiocheia 64.67 -> Nephelis 64.83 -> Anemurion 65.17 - a real coastal walk, not a coincidence. This closes the Side<->Anemurion gap with genuine data instead of the dashed schematic bridge used since the twenty-eighth round (see static_map.py's own now-removed _ANEMURION bridge logic)."
94,7.01.09,force_coastal_section,,"Found the same way again, this time by the user directly (asked for a side-by-side table of book.map ""5.05.02""/""5.05.03""/""5.08.02"" to see why they weren't coastal): Kilikia Tracheia's own western coast, between Side (the Eurasian arc's own long-unconfirmed loose end) and Anemurion. Section ""5.05.03"" is headed ""Coast of Kilikia Tracheia"" (topostext §5.5.3) - literally ""coast"", just naming a district instead of a sea. Section ""5.08.02"" is headed ""In Selinitis of Kilikia Tracheia"" (topostext §5.8.2), a sub-district within the same coast - confirmed by §5.8.1's own transition line: ""with the following description: from Syedra, a city of Pamphylia, along the *coast*:"". Longitude rises monotonically the whole way - Side 63.42 -> Korakesion 63.58 -> Syedra 63.83 -> Iotape 64.00 -> Selinus 64.33 -> Antiocheia 64.67 -> Nephelis 64.83 -> Anemurion 65.17 - a real coastal walk, not a coincidence. This closes the Side<->Anemurion gap with genuine data instead of the dashed schematic bridge used since the twenty-eighth round (see static_map.py's own now-removed _ANEMURION bridge logic)."
185,7.01.13,force_coastal_section,,"Found the same way again, this time by the user directly (asked for a side-by-side table of book.map ""5.05.02""/""5.05.03""/""5.08.02"" to see why they weren't coastal): Kilikia Tracheia's own western coast, between Side (the Eurasian arc's own long-unconfirmed loose end) and Anemurion. Section ""5.05.03"" is headed ""Coast of Kilikia Tracheia"" (topostext §5.5.3) - literally ""coast"", just naming a district instead of a sea. Section ""5.08.02"" is headed ""In Selinitis of Kilikia Tracheia"" (topostext §5.8.2), a sub-district within the same coast - confirmed by §5.8.1's own transition line: ""with the following description: from Syedra, a city of Pamphylia, along the *coast*:"". Longitude rises monotonically the whole way - Side 63.42 -> Korakesion 63.58 -> Syedra 63.83 -> Iotape 64.00 -> Selinus 64.33 -> Antiocheia 64.67 -> Nephelis 64.83 -> Anemurion 65.17 - a real coastal walk, not a coincidence. This closes the Side<->Anemurion gap with genuine data instead of the dashed schematic bridge used since the twenty-eighth round (see static_map.py's own now-removed _ANEMURION bridge logic)."
115,7.01.14,force_coastal_section,,"Found the same way again, this time by the user directly (asked for a side-by-side table of book.map ""5.05.02""/""5.05.03""/""5.08.02"" to see why they weren't coastal): Kilikia Tracheia's own western coast, between Side (the Eurasian arc's own long-unconfirmed loose end) and Anemurion. Section ""5.05.03"" is headed ""Coast of Kilikia Tracheia"" (topostext §5.5.3) - literally ""coast"", just naming a district instead of a sea. Section ""5.08.02"" is headed ""In Selinitis of Kilikia Tracheia"" (topostext §5.8.2), a sub-district within the same coast - confirmed by §5.8.1's own transition line: ""with the following description: from Syedra, a city of Pamphylia, along the *coast*:"". Longitude rises monotonically the whole way - Side 63.42 -> Korakesion 63.58 -> Syedra 63.83 -> Iotape 64.00 -> Selinus 64.33 -> Antiocheia 64.67 -> Nephelis 64.83 -> Anemurion 65.17 - a real coastal walk, not a coincidence. This closes the Side<->Anemurion gap with genuine data instead of the dashed schematic bridge used since the twenty-eighth round (see static_map.py's own now-removed _ANEMURION bridge logic)."
228,7.01.15,force_coastal_section,,"Found the same way again, this time by the user directly (asked for a side-by-side table of book.map ""5.05.02""/""5.05.03""/""5.08.02"" to see why they weren't coastal): Kilikia Tracheia's own western coast, between Side (the Eurasian arc's own long-unconfirmed loose end) and Anemurion. Section ""5.05.03"" is headed ""Coast of Kilikia Tracheia"" (topostext §5.5.3) - literally ""coast"", just naming a district instead of a sea. Section ""5.08.02"" is headed ""In Selinitis of Kilikia Tracheia"" (topostext §5.8.2), a sub-district within the same coast - confirmed by §5.8.1's own transition line: ""with the following description: from Syedra, a city of Pamphylia, along the *coast*:"". Longitude rises monotonically the whole way - Side 63.42 -> Korakesion 63.58 -> Syedra 63.83 -> Iotape 64.00 -> Selinus 64.33 -> Antiocheia 64.67 -> Nephelis 64.83 -> Anemurion 65.17 - a real coastal walk, not a coincidence. This closes the Side<->Anemurion gap with genuine data instead of the dashed schematic bridge used since the twenty-eighth round (see static_map.py's own now-removed _ANEMURION bridge logic)."
164,7.01.17,force_coastal_section,,"Found the same way again, this time by the user directly (asked for a side-by-side table of book.map ""5.05.02""/""5.05.03""/""5.08.02"" to see why they weren't coastal): Kilikia Tracheia's own western coast, between Side (the Eurasian arc's own long-unconfirmed loose end) and Anemurion. Section ""5.05.03"" is headed ""Coast of Kilikia Tracheia"" (topostext §5.5.3) - literally ""coast"", just naming a district instead of a sea. Section ""5.08.02"" is headed ""In Selinitis of Kilikia Tracheia"" (topostext §5.8.2), a sub-district within the same coast - confirmed by §5.8.1's own transition line: ""with the following description: from Syedra, a city of Pamphylia, along the *coast*:"". Longitude rises monotonically the whole way - Side 63.42 -> Korakesion 63.58 -> Syedra 63.83 -> Iotape 64.00 -> Selinus 64.33 -> Antiocheia 64.67 -> Nephelis 64.83 -> Anemurion 65.17 - a real coastal walk, not a coincidence. This closes the Side<->Anemurion gap with genuine data instead of the dashed schematic bridge used since the twenty-eighth round (see static_map.py's own now-removed _ANEMURION bridge logic)."
242,7.01.18,force_coastal_section,,"Found the same way again, this time by the user directly (asked for a side-by-side table of book.map ""5.05.02""/""5.05.03""/""5.08.02"" to see why they weren't coastal): Kilikia Tracheia's own western coast, between Side (the Eurasian arc's own long-unconfirmed loose end) and Anemurion. Section ""5.05.03"" is headed ""Coast of Kilikia Tracheia"" (topostext §5.5.3) - literally ""coast"", just naming a district instead of a sea. Section ""5.08.02"" is headed ""In Selinitis of Kilikia Tracheia"" (topostext §5.8.2), a sub-district within the same coast - confirmed by §5.8.1's own transition line: ""with the following description: from Syedra, a city of Pamphylia, along the *coast*:"". Longitude rises monotonically the whole way - Side 63.42 -> Korakesion 63.58 -> Syedra 63.83 -> Iotape 64.00 -> Selinus 64.33 -> Antiocheia 64.67 -> Nephelis 64.83 -> Anemurion 65.17 - a real coastal walk, not a coincidence. This closes the Side<->Anemurion gap with genuine data instead of the dashed schematic bridge used since the twenty-eighth round (see static_map.py's own now-removed _ANEMURION bridge logic)."
13,7.01.95,force_island_section,,"Found by the systematic topostext-disagreement review (2026-07-30): the *other* Ionian islands, each cited once (not a coastal walk of any single one, so no _ISLAND_LINE_GROUPS entry - just the ""list of several different islands"" shape _ISLAND_APPENDIX_SECTIONS exists for). Section ""12"": Kephallenia (""Kephallenia island, with a city of the same name...its northernmost promontory"" / ""the southern promontory"" - both capes stay `island` too, the same as Corfu's own capes above), Erikusa, Skopelos, Leukas (""Leukas island""). Section ""13"": Echinaden (""the Echinades islands""), Ithake (""in which a city of that name""), Lotoa (""Letoa island""), Zakynthos (""in which a city of the same name""). All were sitting in `city`. [Ganges-delta islands (""Heptanesia"" = ""seven islands"")]"
244,7.02.03,force_coastal_section,,"Found the same way again, this time by the user directly (asked for a side-by-side table of book.map ""5.05.02""/""5.05.03""/""5.08.02"" to see why they weren't coastal): Kilikia Tracheia's own western coast, between Side (the Eurasian arc's own long-unconfirmed loose end) and Anemurion. Section ""5.05.03"" is headed ""Coast of Kilikia Tracheia"" (topostext §5.5.3) - literally ""coast"", just naming a district instead of a sea. Section ""5.08.02"" is headed ""In Selinitis of Kilikia Tracheia"" (topostext §5.8.2), a sub-district within the same coast - confirmed by §5.8.1's own transition line: ""with the following description: from Syedra, a city of Pamphylia, along the *coast*:"". Longitude rises monotonically the whole way - Side 63.42 -> Korakesion 63.58 -> Syedra 63.83 -> Iotape 64.00 -> Selinus 64.33 -> Antiocheia 64.67 -> Nephelis 64.83 -> Anemurion 65.17 - a real coastal walk, not a coincidence. This closes the Side<->Anemurion gap with genuine data instead of the dashed schematic bridge used since the twenty-eighth round (see static_map.py's own now-removed _ANEMURION bridge logic)."
158,7.02.05,force_coastal_section,,"Found the same way again, this time by the user directly (asked for a side-by-side table of book.map ""5.05.02""/""5.05.03""/""5.08.02"" to see why they weren't coastal): Kilikia Tracheia's own western coast, between Side (the Eurasian arc's own long-unconfirmed loose end) and Anemurion. Section ""5.05.03"" is headed ""Coast of Kilikia Tracheia"" (topostext §5.5.3) - literally ""coast"", just naming a district instead of a sea. Section ""5.08.02"" is headed ""In Selinitis of Kilikia Tracheia"" (topostext §5.8.2), a sub-district within the same coast - confirmed by §5.8.1's own transition line: ""with the following description: from Syedra, a city of Pamphylia, along the *coast*:"". Longitude rises monotonically the whole way - Side 63.42 -> Korakesion 63.58 -> Syedra 63.83 -> Iotape 64.00 -> Selinus 64.33 -> Antiocheia 64.67 -> Nephelis 64.83 -> Anemurion 65.17 - a real coastal walk, not a coincidence. This closes the Side<->Anemurion gap with genuine data instead of the dashed schematic bridge used since the twenty-eighth round (see static_map.py's own now-removed _ANEMURION bridge logic)."
254,7.02.06,force_coastal_section,,"Found the same way again, this time by the user directly (asked for a side-by-side table of book.map ""5.05.02""/""5.05.03""/""5.08.02"" to see why they weren't coastal): Kilikia Tracheia's own western coast, between Side (the Eurasian arc's own long-unconfirmed loose end) and Anemurion. Section ""5.05.03"" is headed ""Coast of Kilikia Tracheia"" (topostext §5.5.3) - literally ""coast"", just naming a district instead of a sea. Section ""5.08.02"" is headed ""In Selinitis of Kilikia Tracheia"" (topostext §5.8.2), a sub-district within the same coast - confirmed by §5.8.1's own transition line: ""with the following description: from Syedra, a city of Pamphylia, along the *coast*:"". Longitude rises monotonically the whole way - Side 63.42 -> Korakesion 63.58 -> Syedra 63.83 -> Iotape 64.00 -> Selinus 64.33 -> Antiocheia 64.67 -> Nephelis 64.83 -> Anemurion 65.17 - a real coastal walk, not a coincidence. This closes the Side<->Anemurion gap with genuine data instead of the dashed schematic bridge used since the twenty-eighth round (see static_map.py's own now-removed _ANEMURION bridge logic)."
14,7.02.29,force_island_section,,"The following five were confirmed against topostext.org/work/209's English translation, which states outright ""the Ebuda islands..."", ""the islands which are near Albion island..."", etc. - independent of our own Modern_location-based guessing. [Argyre*/Iabadiu (W-Ende and SO-Ende) - the island Iabadios (topostext: ""The island of Iabadios...It lies in [W]...and the eastern limit lies in [E]""), its two extent points in the same shape as Thule/Scandia's W/O/N/S citations]"
271,7.03.02,force_coastal_section,,"Found the same way again, this time by the user directly (asked for a side-by-side table of book.map ""5.05.02""/""5.05.03""/""5.08.02"" to see why they weren't coastal): Kilikia Tracheia's own western coast, between Side (the Eurasian arc's own long-unconfirmed loose end) and Anemurion. Section ""5.05.03"" is headed ""Coast of Kilikia Tracheia"" (topostext §5.5.3) - literally ""coast"", just naming a district instead of a sea. Section ""5.08.02"" is headed ""In Selinitis of Kilikia Tracheia"" (topostext §5.8.2), a sub-district within the same coast - confirmed by §5.8.1's own transition line: ""with the following description: from Syedra, a city of Pamphylia, along the *coast*:"". Longitude rises monotonically the whole way - Side 63.42 -> Korakesion 63.58 -> Syedra 63.83 -> Iotape 64.00 -> Selinus 64.33 -> Antiocheia 64.67 -> Nephelis 64.83 -> Anemurion 65.17 - a real coastal walk, not a coincidence. This closes the Side<->Anemurion gap with genuine data instead of the dashed schematic bridge used since the twenty-eighth round (see static_map.py's own now-removed _ANEMURION bridge logic)."
128,7.04.03,force_coastal_section,,"Found the same way again, this time by the user directly (asked for a side-by-side table of book.map ""5.05.02""/""5.05.03""/""5.08.02"" to see why they weren't coastal): Kilikia Tracheia's own western coast, between Side (the Eurasian arc's own long-unconfirmed loose end) and Anemurion. Section ""5.05.03"" is headed ""Coast of Kilikia Tracheia"" (topostext §5.5.3) - literally ""coast"", just naming a district instead of a sea. Section ""5.08.02"" is headed ""In Selinitis of Kilikia Tracheia"" (topostext §5.8.2), a sub-district within the same coast - confirmed by §5.8.1's own transition line: ""with the following description: from Syedra, a city of Pamphylia, along the *coast*:"". Longitude rises monotonically the whole way - Side 63.42 -> Korakesion 63.58 -> Syedra 63.83 -> Iotape 64.00 -> Selinus 64.33 -> Antiocheia 64.67 -> Nephelis 64.83 -> Anemurion 65.17 - a real coastal walk, not a coincidence. This closes the Side<->Anemurion gap with genuine data instead of the dashed schematic bridge used since the twenty-eighth round (see static_map.py's own now-removed _ANEMURION bridge logic)."
202,7.04.04,force_coastal_section,,"Found the same way again, this time by the user directly (asked for a side-by-side table of book.map ""5.05.02""/""5.05.03""/""5.08.02"" to see why they weren't coastal): Kilikia Tracheia's own western coast, between Side (the Eurasian arc's own long-unconfirmed loose end) and Anemurion. Section ""5.05.03"" is headed ""Coast of Kilikia Tracheia"" (topostext §5.5.3) - literally ""coast"", just naming a district instead of a sea. Section ""5.08.02"" is headed ""In Selinitis of Kilikia Tracheia"" (topostext §5.8.2), a sub-district within the same coast - confirmed by §5.8.1's own transition line: ""with the following description: from Syedra, a city of Pamphylia, along the *coast*:"". Longitude rises monotonically the whole way - Side 63.42 -> Korakesion 63.58 -> Syedra 63.83 -> Iotape 64.00 -> Selinus 64.33 -> Antiocheia 64.67 -> Nephelis 64.83 -> Anemurion 65.17 - a real coastal walk, not a coincidence. This closes the Side<->Anemurion gap with genuine data instead of the dashed schematic bridge used since the twenty-eighth round (see static_map.py's own now-removed _ANEMURION bridge logic)."
248,7.04.05,force_coastal_section,,"Found by an independent second pass: building a standalone category guess purely from topostext's own wording (category_check.py, no access to the catalogue's category, name, or any exception list) and comparing it to the catalogue's category surfaced a few more instances of the same gap the batch above missed: [Taprobane's own coast: ""Dagana...Cape of Dionysos...Ketaion Cape...Mouth of the river Barakes...the haven of Mardos""]"
144,7.04.06,force_coastal_section,,"Found the same way again, this time by the user directly (asked for a side-by-side table of book.map ""5.05.02""/""5.05.03""/""5.08.02"" to see why they weren't coastal): Kilikia Tracheia's own western coast, between Side (the Eurasian arc's own long-unconfirmed loose end) and Anemurion. Section ""5.05.03"" is headed ""Coast of Kilikia Tracheia"" (topostext §5.5.3) - literally ""coast"", just naming a district instead of a sea. Section ""5.08.02"" is headed ""In Selinitis of Kilikia Tracheia"" (topostext §5.8.2), a sub-district within the same coast - confirmed by §5.8.1's own transition line: ""with the following description: from Syedra, a city of Pamphylia, along the *coast*:"". Longitude rises monotonically the whole way - Side 63.42 -> Korakesion 63.58 -> Syedra 63.83 -> Iotape 64.00 -> Selinus 64.33 -> Antiocheia 64.67 -> Nephelis 64.83 -> Anemurion 65.17 - a real coastal walk, not a coincidence. This closes the Side<->Anemurion gap with genuine data instead of the dashed schematic bridge used since the twenty-eighth round (see static_map.py's own now-removed _ANEMURION bridge logic)."
171,7.04.07,force_coastal_section,,"Found the same way again, this time by the user directly (asked for a side-by-side table of book.map ""5.05.02""/""5.05.03""/""5.08.02"" to see why they weren't coastal): Kilikia Tracheia's own western coast, between Side (the Eurasian arc's own long-unconfirmed loose end) and Anemurion. Section ""5.05.03"" is headed ""Coast of Kilikia Tracheia"" (topostext §5.5.3) - literally ""coast"", just naming a district instead of a sea. Section ""5.08.02"" is headed ""In Selinitis of Kilikia Tracheia"" (topostext §5.8.2), a sub-district within the same coast - confirmed by §5.8.1's own transition line: ""with the following description: from Syedra, a city of Pamphylia, along the *coast*:"". Longitude rises monotonically the whole way - Side 63.42 -> Korakesion 63.58 -> Syedra 63.83 -> Iotape 64.00 -> Selinus 64.33 -> Antiocheia 64.67 -> Nephelis 64.83 -> Anemurion 65.17 - a real coastal walk, not a coincidence. This closes the Side<->Anemurion gap with genuine data instead of the dashed schematic bridge used since the twenty-eighth round (see static_map.py's own now-removed _ANEMURION bridge logic)."
18,7.04.11,force_island_section,,"The following five were confirmed against topostext.org/work/209's English translation, which states outright ""the Ebuda islands..."", ""the islands which are near Albion island..."", etc. - independent of our own Modern_location-based guessing. [Vangana/Kanathra/Orneon/Aigidion/Monache/Ammine - the group of islands in front of Taprobane (topostext: ""In front of Taprobane lies a group of islands...Ouangalia...Kanathra...Aigidion...Orneon...Monache...Ammine"")]"
